date,product_id,product_name,category,store_location,units_sold,orders,price,revenue,stock_level,reorder_point
2025-11-23,P001,Basic T-Shirt,Clothing,Düsseldorf,10,6,66.78,667.81,117,48
2025-11-23,P001,Basic T-Shirt,Clothing,Essen,6,3,30.91,185.46,124,52
2025-11-23,P001,Basic T-Shirt,Clothing,Köln,23,11,57.1,1313.37,81,33
2025-11-23,P001,Basic T-Shirt,Clothing,München,3,1,20.96,62.87,143,59
2025-11-23,P001,Basic T-Shirt,Clothing,Berlin,16,7,65.32,1045.15,85,58
2025-11-23,P002,Slim Jeans,Clothing,Düsseldorf,18,10,75.31,1355.62,115,42
2025-11-23,P002,Slim Jeans,Clothing,Essen,21,8,36.86,773.98,114,48
2025-11-23,P002,Slim Jeans,Clothing,Köln,9,3,63.74,573.66,128,32
2025-11-23,P002,Slim Jeans,Clothing,München,17,9,38.66,657.2,89,38
2025-11-23,P002,Slim Jeans,Clothing,Berlin,10,7,66.26,662.58,143,56
2025-11-23,P003,Summer Dress,Clothing,Düsseldorf,26,10,61.73,1605.01,55,31
2025-11-23,P003,Summer Dress,Clothing,Essen,31,13,72.29,2240.92,102,52
2025-11-23,P003,Summer Dress,Clothing,Köln,32,17,33.68,1077.64,63,33
2025-11-23,P003,Summer Dress,Clothing,München,5,4,34.65,173.24,135,36
2025-11-23,P003,Summer Dress,Clothing,Berlin,4,2,37.09,148.36,113,57
2025-11-23,P004,Sneakers,Shoes,Düsseldorf,3,2,148.57,445.7,104,48
2025-11-23,P004,Sneakers,Shoes,Essen,18,15,59.03,1062.52,127,44
2025-11-23,P004,Sneakers,Shoes,Köln,10,4,114.52,1145.17,95,25
2025-11-23,P004,Sneakers,Shoes,München,14,7,137.73,1928.28,90,26
2025-11-23,P004,Sneakers,Shoes,Berlin,7,3,84.92,594.45,129,48
2025-11-23,P005,Leather Boots,Shoes,Düsseldorf,31,16,60.15,1864.56,94,59
2025-11-23,P005,Leather Boots,Shoes,Essen,24,12,86.65,2079.53,74,46
2025-11-23,P005,Leather Boots,Shoes,Köln,36,17,98.67,3552.27,28,57
2025-11-23,P005,Leather Boots,Shoes,München,11,7,126.86,1395.41,64,30
2025-11-23,P005,Leather Boots,Shoes,Berlin,11,7,148.03,1628.36,54,27
2025-11-23,P006,Handbag,Accessories,Düsseldorf,31,23,23.26,721.06,75,51
2025-11-23,P006,Handbag,Accessories,Essen,19,8,45.56,865.58,105,49
2025-11-23,P006,Handbag,Accessories,Köln,35,14,70.25,2458.64,89,47
2025-11-23,P006,Handbag,Accessories,München,19,9,54.58,1036.94,85,46
2025-11-23,P006,Handbag,Accessories,Berlin,21,17,33.34,700.24,80,54
2025-11-23,P007,Belt,Accessories,Düsseldorf,19,11,75.74,1439.07,102,50
2025-11-23,P007,Belt,Accessories,Essen,20,14,52.6,1052.0,73,25
2025-11-23,P007,Belt,Accessories,Köln,35,27,19.06,666.96,73,53
2025-11-23,P007,Belt,Accessories,München,25,10,70.23,1755.77,97,55
2025-11-23,P007,Belt,Accessories,Berlin,17,14,28.85,490.44,153,56
2025-11-23,P008,Winter Jacket,Outerwear,Düsseldorf,20,8,211.81,4236.1,122,34
2025-11-23,P008,Winter Jacket,Outerwear,Essen,20,13,83.26,1665.16,74,28
2025-11-23,P008,Winter Jacket,Outerwear,Köln,33,17,156.72,5171.63,65,59
2025-11-23,P008,Winter Jacket,Outerwear,München,23,11,158.66,3649.21,95,47
2025-11-23,P008,Winter Jacket,Outerwear,Berlin,33,28,121.67,4015.07,36,43
2025-11-23,P009,Blazer,Outerwear,Düsseldorf,21,10,91.66,1924.86,85,45
2025-11-23,P009,Blazer,Outerwear,Essen,19,11,201.36,3825.87,101,33
2025-11-23,P009,Blazer,Outerwear,Köln,19,9,113.14,2149.58,93,30
2025-11-23,P009,Blazer,Outerwear,München,30,17,148.97,4469.03,111,44
2025-11-23,P009,Blazer,Outerwear,Berlin,16,6,132.48,2119.71,75,30
2025-11-23,P010,Sports Hoodie,Sportswear,Düsseldorf,20,9,52.77,1055.38,99,42
2025-11-23,P010,Sports Hoodie,Sportswear,Essen,31,20,34.09,1056.8,97,56
2025-11-23,P010,Sports Hoodie,Sportswear,Köln,24,12,61.8,1483.24,108,52
2025-11-23,P010,Sports Hoodie,Sportswear,München,12,5,111.98,1343.8,148,42
2025-11-23,P010,Sports Hoodie,Sportswear,Berlin,32,19,32.37,1035.94,108,25
2025-11-24,P001,Basic T-Shirt,Clothing,Düsseldorf,18,12,78.19,1407.51,126,30
2025-11-24,P001,Basic T-Shirt,Clothing,Essen,34,23,74.79,2542.86,74,33
2025-11-24,P001,Basic T-Shirt,Clothing,Köln,18,15,32.43,583.81,69,58
2025-11-24,P001,Basic T-Shirt,Clothing,München,33,25,71.13,2347.32,109,47
2025-11-24,P001,Basic T-Shirt,Clothing,Berlin,26,13,68.3,1775.87,111,39
2025-11-24,P002,Slim Jeans,Clothing,Düsseldorf,27,11,50.84,1372.66,97,28
2025-11-24,P002,Slim Jeans,Clothing,Essen,17,8,35.49,603.41,114,35
2025-11-24,P002,Slim Jeans,Clothing,Köln,17,10,55.09,936.46,145,56
2025-11-24,P002,Slim Jeans,Clothing,München,11,9,56.12,617.28,103,30
2025-11-24,P002,Slim Jeans,Clothing,Berlin,0,1,73.65,0.0,132,46
2025-11-24,P003,Summer Dress,Clothing,Düsseldorf,17,6,42.64,724.83,95,46
2025-11-24,P003,Summer Dress,Clothing,Essen,14,5,47.75,668.53,133,42
2025-11-24,P003,Summer Dress,Clothing,Köln,4,2,36.15,144.62,119,49
2025-11-24,P003,Summer Dress,Clothing,München,24,12,41.31,991.35,31,43
2025-11-24,P003,Summer Dress,Clothing,Berlin,13,9,58.76,763.82,65,46
2025-11-24,P004,Sneakers,Shoes,Düsseldorf,28,23,68.66,1922.39,62,55
2025-11-24,P004,Sneakers,Shoes,Essen,15,6,50.53,757.95,120,26
2025-11-24,P004,Sneakers,Shoes,Köln,15,7,70.51,1057.62,162,36
2025-11-24,P004,Sneakers,Shoes,München,28,17,100.61,2817.09,97,34
2025-11-24,P004,Sneakers,Shoes,Berlin,16,9,118.15,1890.4,81,54
2025-11-24,P005,Leather Boots,Shoes,Düsseldorf,28,11,143.29,4012.23,94,46
2025-11-24,P005,Leather Boots,Shoes,Essen,17,7,132.51,2252.73,111,49
2025-11-24,P005,Leather Boots,Shoes,Köln,29,16,121.38,3519.97,97,57
2025-11-24,P005,Leather Boots,Shoes,München,30,19,56.66,1699.86,34,32
2025-11-24,P005,Leather Boots,Shoes,Berlin,19,12,103.35,1963.58,81,51
2025-11-24,P006,Handbag,Accessories,Düsseldorf,31,19,79.14,2453.46,62,48
2025-11-24,P006,Handbag,Accessories,Essen,36,17,76.39,2750.09,54,50
2025-11-24,P006,Handbag,Accessories,Köln,24,12,34.32,823.8,92,50
2025-11-24,P006,Handbag,Accessories,München,25,12,93.09,2327.34,59,52
2025-11-24,P006,Handbag,Accessories,Berlin,24,10,53.32,1279.71,71,47
2025-11-24,P007,Belt,Accessories,Düsseldorf,30,13,47.24,1417.23,47,50
2025-11-24,P007,Belt,Accessories,Essen,15,7,54.58,818.77,73,48
2025-11-24,P007,Belt,Accessories,Köln,22,10,64.35,1415.7,85,31
2025-11-24,P007,Belt,Accessories,München,22,15,65.61,1443.37,82,43
2025-11-24,P007,Belt,Accessories,Berlin,26,15,80.92,2103.92,67,54
2025-11-24,P008,Winter Jacket,Outerwear,Düsseldorf,10,5,118.12,1181.22,110,57
2025-11-24,P008,Winter Jacket,Outerwear,Essen,32,20,150.77,4824.68,97,27
2025-11-24,P008,Winter Jacket,Outerwear,Köln,22,13,199.8,4395.55,104,45
2025-11-24,P008,Winter Jacket,Outerwear,München,25,13,83.71,2092.86,74,42
2025-11-24,P008,Winter Jacket,Outerwear,Berlin,8,5,84.79,678.34,126,54
2025-11-24,P009,Blazer,Outerwear,Düsseldorf,7,2,201.59,1411.1,95,56
2025-11-24,P009,Blazer,Outerwear,Essen,37,21,110.52,4089.36,0,50
2025-11-24,P009,Blazer,Outerwear,Köln,26,15,149.73,3893.05,109,36
2025-11-24,P009,Blazer,Outerwear,München,29,12,149.2,4326.75,53,45
2025-11-24,P009,Blazer,Outerwear,Berlin,20,9,120.42,2408.34,94,59
2025-11-24,P010,Sports Hoodie,Sportswear,Düsseldorf,42,21,53.6,2251.36,49,41
2025-11-24,P010,Sports Hoodie,Sportswear,Essen,23,11,93.44,2149.2,59,49
2025-11-24,P010,Sports Hoodie,Sportswear,Köln,18,7,37.8,680.46,78,43
2025-11-24,P010,Sports Hoodie,Sportswear,München,21,10,88.2,1852.2,105,50
2025-11-24,P010,Sports Hoodie,Sportswear,Berlin,24,11,40.85,980.33,70,32
2025-11-25,P001,Basic T-Shirt,Clothing,Düsseldorf,34,16,64.7,2199.93,60,48
2025-11-25,P001,Basic T-Shirt,Clothing,Essen,4,1,73.1,292.4,182,28
2025-11-25,P001,Basic T-Shirt,Clothing,Köln,37,32,73.16,2706.87,27,37
2025-11-25,P001,Basic T-Shirt,Clothing,München,24,13,24.2,580.84,79,40
2025-11-25,P001,Basic T-Shirt,Clothing,Berlin,31,17,25.5,790.56,35,54
2025-11-25,P002,Slim Jeans,Clothing,Düsseldorf,22,10,22.53,495.56,67,36
2025-11-25,P002,Slim Jeans,Clothing,Essen,16,11,76.68,1226.94,90,44
2025-11-25,P002,Slim Jeans,Clothing,Köln,33,20,33.84,1116.73,131,29
2025-11-25,P002,Slim Jeans,Clothing,München,30,21,65.49,1964.83,45,49
2025-11-25,P002,Slim Jeans,Clothing,Berlin,5,3,36.38,181.89,90,49
2025-11-25,P003,Summer Dress,Clothing,Düsseldorf,6,2,35.16,210.95,135,37
2025-11-25,P003,Summer Dress,Clothing,Essen,11,5,74.39,818.3,129,48
2025-11-25,P003,Summer Dress,Clothing,Köln,26,20,29.44,765.45,94,51
2025-11-25,P003,Summer Dress,Clothing,München,13,9,77.68,1009.83,96,55
2025-11-25,P003,Summer Dress,Clothing,Berlin,29,14,50.45,1462.99,86,55
2025-11-25,P004,Sneakers,Shoes,Düsseldorf,10,6,60.7,606.98,159,39
2025-11-25,P004,Sneakers,Shoes,Essen,9,4,120.82,1087.35,111,42
2025-11-25,P004,Sneakers,Shoes,Köln,37,16,88.36,3269.37,46,35
2025-11-25,P004,Sneakers,Shoes,München,25,12,92.62,2315.45,72,56
2025-11-25,P004,Sneakers,Shoes,Berlin,3,1,136.81,410.42,133,44
2025-11-25,P005,Leather Boots,Shoes,Düsseldorf,10,4,82.07,820.74,143,48
2025-11-25,P005,Leather Boots,Shoes,Essen,14,8,65.92,922.94,163,31
2025-11-25,P005,Leather Boots,Shoes,Köln,5,2,146.75,733.76,135,44
2025-11-25,P005,Leather Boots,Shoes,München,2,1,115.15,230.3,124,41
2025-11-25,P005,Leather Boots,Shoes,Berlin,24,9,147.47,3539.28,74,32
2025-11-25,P006,Handbag,Accessories,Düsseldorf,13,6,27.11,352.46,99,34
2025-11-25,P006,Handbag,Accessories,Essen,10,5,21.68,216.79,105,39
2025-11-25,P006,Handbag,Accessories,Köln,8,4,91.18,729.43,101,36
2025-11-25,P006,Handbag,Accessories,München,15,7,56.17,842.61,110,46
2025-11-25,P006,Handbag,Accessories,Berlin,17,9,55.74,947.56,82,32
2025-11-25,P007,Belt,Accessories,Düsseldorf,30,16,70.53,2115.82,72,52
2025-11-25,P007,Belt,Accessories,Essen,10,5,86.44,864.38,93,48
2025-11-25,P007,Belt,Accessories,Köln,36,31,61.18,2202.5,84,58
2025-11-25,P007,Belt,Accessories,München,1,1,32.91,32.91,104,59
2025-11-25,P007,Belt,Accessories,Berlin,23,13,58.57,1347.16,46,38
2025-11-25,P008,Winter Jacket,Outerwear,Düsseldorf,44,39,135.87,5978.12,76,25
2025-11-25,P008,Winter Jacket,Outerwear,Essen,6,3,141.88,851.3,149,36
2025-11-25,P008,Winter Jacket,Outerwear,Köln,8,3,103.47,827.73,97,36
2025-11-25,P008,Winter Jacket,Outerwear,München,14,5,155.59,2178.22,123,33
2025-11-25,P008,Winter Jacket,Outerwear,Berlin,10,4,85.82,858.2,79,48
2025-11-25,P009,Blazer,Outerwear,Düsseldorf,19,14,154.51,2935.77,101,40
2025-11-25,P009,Blazer,Outerwear,Essen,30,22,142.13,4263.75,48,58
2025-11-25,P009,Blazer,Outerwear,Köln,6,2,84.25,505.53,161,57
2025-11-25,P009,Blazer,Outerwear,München,9,7,172.1,1548.89,77,33
2025-11-25,P009,Blazer,Outerwear,Berlin,11,7,202.99,2232.91,97,43
2025-11-25,P010,Sports Hoodie,Sportswear,Düsseldorf,16,8,86.72,1387.5,86,39
2025-11-25,P010,Sports Hoodie,Sportswear,Essen,35,26,82.84,2899.24,13,38
2025-11-25,P010,Sports Hoodie,Sportswear,Köln,17,13,103.24,1755.06,135,29
2025-11-25,P010,Sports Hoodie,Sportswear,München,0,1,94.39,0.0,124,45
2025-11-25,P010,Sports Hoodie,Sportswear,Berlin,38,21,47.74,1814.27,59,43
2025-11-26,P001,Basic T-Shirt,Clothing,Düsseldorf,9,7,51.39,462.47,78,54
2025-11-26,P001,Basic T-Shirt,Clothing,Essen,29,21,69.39,2012.32,74,44
2025-11-26,P001,Basic T-Shirt,Clothing,Köln,12,5,26.74,320.86,45,39
2025-11-26,P001,Basic T-Shirt,Clothing,München,15,7,74.35,1115.3,70,34
2025-11-26,P001,Basic T-Shirt,Clothing,Berlin,37,26,47.11,1742.92,44,41
2025-11-26,P002,Slim Jeans,Clothing,Düsseldorf,32,17,56.43,1805.62,68,26
2025-11-26,P002,Slim Jeans,Clothing,Essen,17,7,46.56,791.57,117,28
2025-11-26,P002,Slim Jeans,Clothing,Köln,4,2,24.77,99.06,128,28
2025-11-26,P002,Slim Jeans,Clothing,München,17,9,68.02,1156.36,95,27
2025-11-26,P002,Slim Jeans,Clothing,Berlin,35,26,63.84,2234.37,116,55
2025-11-26,P003,Summer Dress,Clothing,Düsseldorf,24,10,25.8,619.21,48,40
2025-11-26,P003,Summer Dress,Clothing,Essen,17,8,60.29,1024.99,114,36
2025-11-26,P003,Summer Dress,Clothing,Köln,11,4,40.5,445.51,93,47
2025-11-26,P003,Summer Dress,Clothing,München,11,5,53.99,593.94,138,54
2025-11-26,P003,Summer Dress,Clothing,Berlin,43,32,28.48,1224.5,62,59
2025-11-26,P004,Sneakers,Shoes,Düsseldorf,27,20,107.52,2902.94,93,40
2025-11-26,P004,Sneakers,Shoes,Essen,29,16,132.52,3843.08,99,39
2025-11-26,P004,Sneakers,Shoes,Köln,11,9,137.61,1513.72,79,26
2025-11-26,P004,Sneakers,Shoes,München,32,22,149.49,4783.57,109,59
2025-11-26,P004,Sneakers,Shoes,Berlin,29,12,119.22,3457.27,58,53
2025-11-26,P005,Leather Boots,Shoes,Düsseldorf,34,18,129.21,4393.12,79,46
2025-11-26,P005,Leather Boots,Shoes,Essen,20,10,74.86,1497.16,60,47
2025-11-26,P005,Leather Boots,Shoes,Köln,27,15,74.12,2001.24,84,59
2025-11-26,P005,Leather Boots,Shoes,München,16,7,59.81,956.93,147,59
2025-11-26,P005,Leather Boots,Shoes,Berlin,21,8,145.62,3058.07,96,26
2025-11-26,P006,Handbag,Accessories,Düsseldorf,28,11,54.23,1518.32,65,32
2025-11-26,P006,Handbag,Accessories,Essen,23,19,77.68,1786.68,89,47
2025-11-26,P006,Handbag,Accessories,Köln,24,9,58.23,1397.5,98,39
2025-11-26,P006,Handbag,Accessories,München,23,20,71.13,1635.89,98,56
2025-11-26,P006,Handbag,Accessories,Berlin,28,13,25.32,708.9,110,34
2025-11-26,P007,Belt,Accessories,Düsseldorf,30,22,93.23,2796.76,48,34
2025-11-26,P007,Belt,Accessories,Essen,24,16,61.76,1482.19,61,44
2025-11-26,P007,Belt,Accessories,Köln,31,21,72.07,2234.28,124,42
2025-11-26,P007,Belt,Accessories,München,30,16,81.0,2429.94,115,49
2025-11-26,P007,Belt,Accessories,Berlin,41,31,22.81,935.17,66,37
2025-11-26,P008,Winter Jacket,Outerwear,Düsseldorf,44,22,176.44,7763.53,80,32
2025-11-26,P008,Winter Jacket,Outerwear,Essen,24,11,107.15,2571.68,90,49
2025-11-26,P008,Winter Jacket,Outerwear,Köln,21,9,155.42,3263.77,103,36
2025-11-26,P008,Winter Jacket,Outerwear,München,30,18,150.29,4508.61,103,28
2025-11-26,P008,Winter Jacket,Outerwear,Berlin,26,19,104.97,2729.28,97,44
2025-11-26,P009,Blazer,Outerwear,Düsseldorf,23,11,158.61,3647.98,149,58
2025-11-26,P009,Blazer,Outerwear,Essen,25,10,177.36,4433.95,84,55
2025-11-26,P009,Blazer,Outerwear,Köln,0,1,92.4,0.0,140,35
2025-11-26,P009,Blazer,Outerwear,München,37,16,96.57,3572.98,78,35
2025-11-26,P009,Blazer,Outerwear,Berlin,23,10,83.67,1924.35,124,30
2025-11-26,P010,Sports Hoodie,Sportswear,Düsseldorf,23,11,93.54,2151.46,52,59
2025-11-26,P010,Sports Hoodie,Sportswear,Essen,4,3,34.01,136.05,89,31
2025-11-26,P010,Sports Hoodie,Sportswear,Köln,13,9,54.13,703.72,83,44
2025-11-26,P010,Sports Hoodie,Sportswear,München,15,7,116.71,1750.58,119,31
2025-11-26,P010,Sports Hoodie,Sportswear,Berlin,30,21,88.88,2666.27,59,48
2025-11-27,P001,Basic T-Shirt,Clothing,Düsseldorf,28,19,56.51,1582.33,77,31
2025-11-27,P001,Basic T-Shirt,Clothing,Essen,37,19,26.89,994.79,131,30
2025-11-27,P001,Basic T-Shirt,Clothing,Köln,17,10,29.95,509.09,21,46
2025-11-27,P001,Basic T-Shirt,Clothing,München,20,13,68.38,1367.68,71,44
2025-11-27,P001,Basic T-Shirt,Clothing,Berlin,10,5,32.29,322.93,145,52
2025-11-27,P002,Slim Jeans,Clothing,Düsseldorf,30,18,52.32,1569.66,73,43
2025-11-27,P002,Slim Jeans,Clothing,Essen,2,1,67.57,135.14,122,42
2025-11-27,P002,Slim Jeans,Clothing,Köln,27,14,29.96,808.98,33,52
2025-11-27,P002,Slim Jeans,Clothing,München,5,2,63.96,319.79,104,33
2025-11-27,P002,Slim Jeans,Clothing,Berlin,15,6,79.3,1189.57,126,55
2025-11-27,P003,Summer Dress,Clothing,Düsseldorf,35,14,25.58,895.36,48,52
2025-11-27,P003,Summer Dress,Clothing,Essen,17,10,62.61,1064.45,127,58
2025-11-27,P003,Summer Dress,Clothing,Köln,30,23,30.43,912.77,99,42
2025-11-27,P003,Summer Dress,Clothing,München,24,18,41.14,987.42,122,40
2025-11-27,P003,Summer Dress,Clothing,Berlin,13,8,24.18,314.32,72,27
2025-11-27,P004,Sneakers,Shoes,Düsseldorf,8,3,56.85,454.8,118,41
2025-11-27,P004,Sneakers,Shoes,Essen,15,10,50.02,750.28,116,32
2025-11-27,P004,Sneakers,Shoes,Köln,15,11,51.8,777.0,88,43
2025-11-27,P004,Sneakers,Shoes,München,23,10,51.8,1191.42,93,43
2025-11-27,P004,Sneakers,Shoes,Berlin,16,10,56.83,909.35,89,38
2025-11-27,P005,Leather Boots,Shoes,Düsseldorf,22,8,137.72,3029.93,125,40
2025-11-27,P005,Leather Boots,Shoes,Essen,23,16,128.92,2965.07,43,57
2025-11-27,P005,Leather Boots,Shoes,Köln,36,21,107.18,3858.38,78,39
2025-11-27,P005,Leather Boots,Shoes,München,11,5,144.81,1592.92,91,52
2025-11-27,P005,Leather Boots,Shoes,Berlin,8,4,145.05,1160.42,47,30
2025-11-27,P006,Handbag,Accessories,Düsseldorf,28,17,26.9,753.26,44,59
2025-11-27,P006,Handbag,Accessories,Essen,2,1,60.65,121.29,80,44
2025-11-27,P006,Handbag,Accessories,Köln,11,9,39.95,439.41,89,41
2025-11-27,P006,Handbag,Accessories,München,40,16,72.41,2896.43,62,25
2025-11-27,P006,Handbag,Accessories,Berlin,5,2,66.67,333.36,72,29
2025-11-27,P007,Belt,Accessories,Düsseldorf,19,9,36.82,699.56,104,43
2025-11-27,P007,Belt,Accessories,Essen,31,15,45.16,1399.82,61,26
2025-11-27,P007,Belt,Accessories,Köln,28,22,67.07,1877.92,78,26
2025-11-27,P007,Belt,Accessories,München,15,6,22.17,332.6,120,55
2025-11-27,P007,Belt,Accessories,Berlin,40,26,51.54,2061.77,92,54
2025-11-27,P008,Winter Jacket,Outerwear,Düsseldorf,22,13,124.64,2742.11,99,57
2025-11-27,P008,Winter Jacket,Outerwear,Essen,29,25,128.42,3724.26,66,42
2025-11-27,P008,Winter Jacket,Outerwear,Köln,5,3,164.81,824.05,107,36
2025-11-27,P008,Winter Jacket,Outerwear,München,21,12,150.76,3166.04,76,51
2025-11-27,P008,Winter Jacket,Outerwear,Berlin,22,9,144.19,3172.25,77,59
2025-11-27,P009,Blazer,Outerwear,Düsseldorf,34,13,101.22,3441.54,68,46
2025-11-27,P009,Blazer,Outerwear,Essen,9,3,197.4,1776.57,116,45
2025-11-27,P009,Blazer,Outerwear,Köln,16,12,161.62,2585.89,114,58
2025-11-27,P009,Blazer,Outerwear,München,21,9,190.95,4010.01,72,32
2025-11-27,P009,Blazer,Outerwear,Berlin,24,10,181.1,4346.4,46,45
2025-11-27,P010,Sports Hoodie,Sportswear,Düsseldorf,30,17,43.39,1301.75,82,56
2025-11-27,P010,Sports Hoodie,Sportswear,Essen,3,1,76.01,228.04,147,41
2025-11-27,P010,Sports Hoodie,Sportswear,Köln,28,11,72.88,2040.74,101,32
2025-11-27,P010,Sports Hoodie,Sportswear,München,24,11,49.87,1196.81,64,56
2025-11-27,P010,Sports Hoodie,Sportswear,Berlin,38,25,102.4,3891.18,86,54
2025-11-28,P001,Basic T-Shirt,Clothing,Düsseldorf,35,15,57.97,2029.1,58,25
2025-11-28,P001,Basic T-Shirt,Clothing,Essen,6,3,43.95,263.68,118,32
2025-11-28,P001,Basic T-Shirt,Clothing,Köln,14,11,61.87,866.12,146,58
2025-11-28,P001,Basic T-Shirt,Clothing,München,16,9,28.71,459.39,55,47
2025-11-28,P001,Basic T-Shirt,Clothing,Berlin,20,17,21.32,426.43,72,43
2025-11-28,P002,Slim Jeans,Clothing,Düsseldorf,38,20,31.27,1188.28,51,44
2025-11-28,P002,Slim Jeans,Clothing,Essen,31,14,69.35,2149.91,49,42
2025-11-28,P002,Slim Jeans,Clothing,Köln,10,9,28.03,280.3,104,53
2025-11-28,P002,Slim Jeans,Clothing,München,32,20,23.76,760.36,46,35
2025-11-28,P002,Slim Jeans,Clothing,Berlin,29,12,70.56,2046.32,56,36
2025-11-28,P003,Summer Dress,Clothing,Düsseldorf,30,22,49.63,1488.87,60,45
2025-11-28,P003,Summer Dress,Clothing,Essen,19,8,65.66,1247.58,93,36
2025-11-28,P003,Summer Dress,Clothing,Köln,10,6,77.41,774.08,93,31
2025-11-28,P003,Summer Dress,Clothing,München,17,8,44.95,764.11,61,47
2025-11-28,P003,Summer Dress,Clothing,Berlin,20,9,75.85,1516.97,79,25
2025-11-28,P004,Sneakers,Shoes,Düsseldorf,15,6,104.38,1565.71,110,26
2025-11-28,P004,Sneakers,Shoes,Essen,33,15,123.62,4079.46,72,49
2025-11-28,P004,Sneakers,Shoes,Köln,9,3,95.49,859.43,94,54
2025-11-28,P004,Sneakers,Shoes,München,14,8,79.33,1110.63,84,40
2025-11-28,P004,Sneakers,Shoes,Berlin,29,13,134.71,3906.48,42,32
2025-11-28,P005,Leather Boots,Shoes,Düsseldorf,13,7,72.82,946.71,79,50
2025-11-28,P005,Leather Boots,Shoes,Essen,12,6,86.57,1038.82,103,34
2025-11-28,P005,Leather Boots,Shoes,Köln,25,11,114.28,2857.05,84,55
2025-11-28,P005,Leather Boots,Shoes,München,21,13,99.73,2094.36,116,58
2025-11-28,P005,Leather Boots,Shoes,Berlin,26,19,112.09,2914.36,77,55
2025-11-28,P006,Handbag,Accessories,Düsseldorf,7,3,86.71,606.97,78,52
2025-11-28,P006,Handbag,Accessories,Essen,12,8,21.21,254.54,113,53
2025-11-28,P006,Handbag,Accessories,Köln,3,1,48.39,145.16,155,54
2025-11-28,P006,Handbag,Accessories,München,13,5,87.69,1140.0,94,52
2025-11-28,P006,Handbag,Accessories,Berlin,15,6,36.57,548.62,109,34
2025-11-28,P007,Belt,Accessories,Düsseldorf,6,3,18.82,112.9,71,54
2025-11-28,P007,Belt,Accessories,Essen,8,4,99.36,794.86,91,25
2025-11-28,P007,Belt,Accessories,Köln,29,17,27.6,800.26,92,35
2025-11-28,P007,Belt,Accessories,München,37,15,45.01,1665.34,130,45
2025-11-28,P007,Belt,Accessories,Berlin,21,9,65.25,1370.17,126,52
2025-11-28,P008,Winter Jacket,Outerwear,Düsseldorf,22,10,126.51,2783.15,104,28
2025-11-28,P008,Winter Jacket,Outerwear,Essen,0,1,134.86,0.0,151,30
2025-11-28,P008,Winter Jacket,Outerwear,Köln,6,4,203.58,1221.5,127,36
2025-11-28,P008,Winter Jacket,Outerwear,München,16,11,205.45,3287.13,129,38
2025-11-28,P008,Winter Jacket,Outerwear,Berlin,40,19,135.05,5401.89,53,55
2025-11-28,P009,Blazer,Outerwear,Düsseldorf,13,6,85.94,1117.21,113,49
2025-11-28,P009,Blazer,Outerwear,Essen,38,28,142.83,5427.69,70,30
2025-11-28,P009,Blazer,Outerwear,Köln,4,3,109.88,439.5,137,41
2025-11-28,P009,Blazer,Outerwear,München,28,13,102.82,2879.1,119,42
2025-11-28,P009,Blazer,Outerwear,Berlin,25,21,156.5,3912.51,93,25
2025-11-28,P010,Sports Hoodie,Sportswear,Düsseldorf,14,6,41.85,585.96,109,44
2025-11-28,P010,Sports Hoodie,Sportswear,Essen,2,1,114.18,228.35,142,43
2025-11-28,P010,Sports Hoodie,Sportswear,Köln,29,13,60.06,1741.87,60,38
2025-11-28,P010,Sports Hoodie,Sportswear,München,8,4,115.0,920.0,65,31
2025-11-28,P010,Sports Hoodie,Sportswear,Berlin,25,10,114.71,2867.86,73,32
2025-11-29,P001,Basic T-Shirt,Clothing,Düsseldorf,16,10,64.27,1028.37,72,34
2025-11-29,P001,Basic T-Shirt,Clothing,Essen,0,1,37.25,0.0,116,44
2025-11-29,P001,Basic T-Shirt,Clothing,Köln,17,11,57.42,976.12,74,34
2025-11-29,P001,Basic T-Shirt,Clothing,München,20,16,38.77,775.49,128,34
2025-11-29,P001,Basic T-Shirt,Clothing,Berlin,30,15,55.26,1657.65,81,33
2025-11-29,P002,Slim Jeans,Clothing,Düsseldorf,13,8,64.36,836.74,136,45
2025-11-29,P002,Slim Jeans,Clothing,Essen,28,14,46.06,1289.8,67,44
2025-11-29,P002,Slim Jeans,Clothing,Köln,23,19,20.82,478.97,99,27
2025-11-29,P002,Slim Jeans,Clothing,München,3,1,77.09,231.27,121,27
2025-11-29,P002,Slim Jeans,Clothing,Berlin,9,4,79.26,713.34,108,52
2025-11-29,P003,Summer Dress,Clothing,Düsseldorf,7,4,67.24,470.7,127,39
2025-11-29,P003,Summer Dress,Clothing,Essen,24,13,46.64,1119.24,105,28
2025-11-29,P003,Summer Dress,Clothing,Köln,28,12,20.69,579.31,52,52
2025-11-29,P003,Summer Dress,Clothing,München,35,20,69.59,2435.62,91,47
2025-11-29,P003,Summer Dress,Clothing,Berlin,29,18,69.71,2021.69,43,40
2025-11-29,P004,Sneakers,Shoes,Düsseldorf,9,3,132.89,1195.98,99,36
2025-11-29,P004,Sneakers,Shoes,Essen,21,12,79.59,1671.48,62,47
2025-11-29,P004,Sneakers,Shoes,Köln,26,11,66.14,1719.54,103,38
2025-11-29,P004,Sneakers,Shoes,München,23,15,71.19,1637.36,131,39
2025-11-29,P004,Sneakers,Shoes,Berlin,40,29,92.89,3715.78,112,58
2025-11-29,P005,Leather Boots,Shoes,Düsseldorf,39,22,144.51,5635.95,96,48
2025-11-29,P005,Leather Boots,Shoes,Essen,23,10,70.43,1619.93,53,49
2025-11-29,P005,Leather Boots,Shoes,Köln,18,7,75.33,1355.89,116,46
2025-11-29,P005,Leather Boots,Shoes,München,23,12,103.16,2372.63,78,35
2025-11-29,P005,Leather Boots,Shoes,Berlin,40,29,78.09,3123.53,33,39
2025-11-29,P006,Handbag,Accessories,Düsseldorf,26,16,51.85,1347.97,86,43
2025-11-29,P006,Handbag,Accessories,Essen,2,1,54.46,108.92,80,51
2025-11-29,P006,Handbag,Accessories,Köln,20,10,23.11,462.13,97,33
2025-11-29,P006,Handbag,Accessories,München,0,1,16.24,0.0,127,52
2025-11-29,P006,Handbag,Accessories,Berlin,10,4,66.46,664.6,64,46
2025-11-29,P007,Belt,Accessories,Düsseldorf,13,5,65.02,845.3,57,54
2025-11-29,P007,Belt,Accessories,Essen,24,9,26.36,632.65,105,27
2025-11-29,P007,Belt,Accessories,Köln,8,3,54.36,434.92,126,34
2025-11-29,P007,Belt,Accessories,München,16,12,81.87,1309.92,109,32
2025-11-29,P007,Belt,Accessories,Berlin,0,1,85.07,0.0,113,49
2025-11-29,P008,Winter Jacket,Outerwear,Düsseldorf,35,15,93.21,3262.2,31,51
2025-11-29,P008,Winter Jacket,Outerwear,Essen,33,13,122.56,4044.62,96,35
2025-11-29,P008,Winter Jacket,Outerwear,Köln,32,16,82.01,2624.43,107,56
2025-11-29,P008,Winter Jacket,Outerwear,München,15,6,161.33,2420.0,148,26
2025-11-29,P008,Winter Jacket,Outerwear,Berlin,18,9,132.01,2376.14,66,29
2025-11-29,P009,Blazer,Outerwear,Düsseldorf,27,11,150.56,4065.13,6,51
2025-11-29,P009,Blazer,Outerwear,Essen,34,15,89.77,3052.25,85,31
2025-11-29,P009,Blazer,Outerwear,Köln,3,1,212.82,638.47,105,57
2025-11-29,P009,Blazer,Outerwear,München,32,13,169.46,5422.86,40,26
2025-11-29,P009,Blazer,Outerwear,Berlin,13,10,163.17,2121.23,126,50
2025-11-29,P010,Sports Hoodie,Sportswear,Düsseldorf,30,21,109.75,3292.45,81,47
2025-11-29,P010,Sports Hoodie,Sportswear,Essen,31,24,99.83,3094.79,57,36
2025-11-29,P010,Sports Hoodie,Sportswear,Köln,29,16,45.13,1308.79,84,48
2025-11-29,P010,Sports Hoodie,Sportswear,München,16,12,30.78,492.54,76,35
2025-11-29,P010,Sports Hoodie,Sportswear,Berlin,16,6,57.22,915.57,110,50
2025-11-30,P001,Basic T-Shirt,Clothing,Düsseldorf,33,15,24.59,811.43,77,56
2025-11-30,P001,Basic T-Shirt,Clothing,Essen,18,10,38.22,687.91,90,55
2025-11-30,P001,Basic T-Shirt,Clothing,Köln,11,7,63.5,698.5,45,37
2025-11-30,P001,Basic T-Shirt,Clothing,München,26,20,48.25,1254.55,72,42
2025-11-30,P001,Basic T-Shirt,Clothing,Berlin,22,11,65.75,1446.43,37,50
2025-11-30,P002,Slim Jeans,Clothing,Düsseldorf,16,11,53.16,850.56,112,54
2025-11-30,P002,Slim Jeans,Clothing,Essen,5,3,69.54,347.71,99,38
2025-11-30,P002,Slim Jeans,Clothing,Köln,14,7,54.39,761.51,77,44
2025-11-30,P002,Slim Jeans,Clothing,München,21,14,57.41,1205.58,101,25
2025-11-30,P002,Slim Jeans,Clothing,Berlin,20,9,34.23,684.5,66,37
2025-11-30,P003,Summer Dress,Clothing,Düsseldorf,18,8,65.63,1181.26,130,42
2025-11-30,P003,Summer Dress,Clothing,Essen,26,11,22.73,590.91,99,47
2025-11-30,P003,Summer Dress,Clothing,Köln,33,21,75.7,2498.2,59,36
2025-11-30,P003,Summer Dress,Clothing,München,6,5,31.35,188.09,113,55
2025-11-30,P003,Summer Dress,Clothing,Berlin,27,12,71.39,1927.52,43,32
2025-11-30,P004,Sneakers,Shoes,Düsseldorf,13,6,83.22,1081.87,59,30
2025-11-30,P004,Sneakers,Shoes,Essen,25,15,109.96,2749.07,59,37
2025-11-30,P004,Sneakers,Shoes,Köln,32,20,93.56,2994.06,120,52
2025-11-30,P004,Sneakers,Shoes,München,7,3,95.28,666.97,110,55
2025-11-30,P004,Sneakers,Shoes,Berlin,31,15,68.94,2137.12,23,34
2025-11-30,P005,Leather Boots,Shoes,Düsseldorf,24,11,138.46,3323.01,127,25
2025-11-30,P005,Leather Boots,Shoes,Essen,29,15,93.0,2696.88,64,39
2025-11-30,P005,Leather Boots,Shoes,Köln,15,7,61.66,924.87,147,28
2025-11-30,P005,Leather Boots,Shoes,München,36,16,106.06,3818.09,71,53
2025-11-30,P005,Leather Boots,Shoes,Berlin,11,8,53.24,585.69,86,32
2025-11-30,P006,Handbag,Accessories,Düsseldorf,39,34,35.41,1380.83,52,25
2025-11-30,P006,Handbag,Accessories,Essen,28,12,78.34,2193.53,83,41
2025-11-30,P006,Handbag,Accessories,Köln,20,15,92.6,1851.92,94,39
2025-11-30,P006,Handbag,Accessories,München,36,21,16.42,591.27,83,58
2025-11-30,P006,Handbag,Accessories,Berlin,11,9,97.55,1073.03,87,39
2025-11-30,P007,Belt,Accessories,Düsseldorf,33,19,94.92,3132.21,104,31
2025-11-30,P007,Belt,Accessories,Essen,18,11,60.71,1092.81,106,40
2025-11-30,P007,Belt,Accessories,Köln,24,11,62.35,1496.36,70,33
2025-11-30,P007,Belt,Accessories,München,15,6,69.01,1035.15,91,42
2025-11-30,P007,Belt,Accessories,Berlin,23,10,27.45,631.28,130,28
2025-11-30,P008,Winter Jacket,Outerwear,Düsseldorf,19,8,206.22,3918.21,92,27
2025-11-30,P008,Winter Jacket,Outerwear,Essen,17,10,192.76,3276.92,104,35
2025-11-30,P008,Winter Jacket,Outerwear,Köln,29,20,105.37,3055.6,103,47
2025-11-30,P008,Winter Jacket,Outerwear,München,34,27,91.78,3120.45,60,49
2025-11-30,P008,Winter Jacket,Outerwear,Berlin,20,13,212.76,4255.1,66,26
2025-11-30,P009,Blazer,Outerwear,Düsseldorf,18,11,212.55,3825.83,58,36
2025-11-30,P009,Blazer,Outerwear,Essen,20,10,185.2,3704.07,90,36
2025-11-30,P009,Blazer,Outerwear,Köln,23,13,210.26,4835.88,97,53
2025-11-30,P009,Blazer,Outerwear,München,27,14,126.82,3424.04,60,43
2025-11-30,P009,Blazer,Outerwear,Berlin,27,16,117.54,3173.7,87,40
2025-11-30,P010,Sports Hoodie,Sportswear,Düsseldorf,35,23,110.61,3871.42,46,43
2025-11-30,P010,Sports Hoodie,Sportswear,Essen,16,7,44.07,705.1,67,46
2025-11-30,P010,Sports Hoodie,Sportswear,Köln,8,3,101.44,811.55,102,45
2025-11-30,P010,Sports Hoodie,Sportswear,München,20,11,32.12,642.36,38,48
2025-11-30,P010,Sports Hoodie,Sportswear,Berlin,9,4,88.69,798.2,167,31
2025-12-01,P001,Basic T-Shirt,Clothing,Düsseldorf,8,6,23.66,189.28,170,51
2025-12-01,P001,Basic T-Shirt,Clothing,Essen,21,10,21.1,443.17,79,40
2025-12-01,P001,Basic T-Shirt,Clothing,Köln,26,16,22.7,590.2,89,36
2025-12-01,P001,Basic T-Shirt,Clothing,München,22,12,70.52,1551.46,98,26
2025-12-01,P001,Basic T-Shirt,Clothing,Berlin,37,23,53.84,1991.9,87,36
2025-12-01,P002,Slim Jeans,Clothing,Düsseldorf,34,16,37.6,1278.44,50,44
2025-12-01,P002,Slim Jeans,Clothing,Essen,19,11,65.38,1242.22,104,38
2025-12-01,P002,Slim Jeans,Clothing,Köln,15,8,70.24,1053.54,104,58
2025-12-01,P002,Slim Jeans,Clothing,München,10,6,63.74,637.36,83,43
2025-12-01,P002,Slim Jeans,Clothing,Berlin,22,11,71.07,1563.52,79,46
2025-12-01,P003,Summer Dress,Clothing,Düsseldorf,0,1,34.42,0.0,157,48
2025-12-01,P003,Summer Dress,Clothing,Essen,24,14,79.73,1913.62,86,53
2025-12-01,P003,Summer Dress,Clothing,Köln,24,11,27.99,671.82,112,33
2025-12-01,P003,Summer Dress,Clothing,München,13,7,63.81,829.59,127,46
2025-12-01,P003,Summer Dress,Clothing,Berlin,17,13,77.81,1322.75,88,43
2025-12-01,P004,Sneakers,Shoes,Düsseldorf,25,13,73.37,1834.35,59,30
2025-12-01,P004,Sneakers,Shoes,Essen,30,24,147.7,4431.1,102,28
2025-12-01,P004,Sneakers,Shoes,Köln,41,16,144.16,5910.47,77,28
2025-12-01,P004,Sneakers,Shoes,München,19,9,87.0,1653.05,103,50
2025-12-01,P004,Sneakers,Shoes,Berlin,35,21,66.19,2316.73,55,53
2025-12-01,P005,Leather Boots,Shoes,Düsseldorf,12,4,94.2,1130.44,68,46
2025-12-01,P005,Leather Boots,Shoes,Essen,38,28,90.15,3425.55,49,41
2025-12-01,P005,Leather Boots,Shoes,Köln,20,16,107.7,2153.96,119,51
2025-12-01,P005,Leather Boots,Shoes,München,21,11,105.84,2222.54,81,50
2025-12-01,P005,Leather Boots,Shoes,Berlin,31,20,97.68,3028.2,81,31
2025-12-01,P006,Handbag,Accessories,Düsseldorf,1,1,54.91,54.91,78,57
2025-12-01,P006,Handbag,Accessories,Essen,14,5,47.38,663.33,88,57
2025-12-01,P006,Handbag,Accessories,Köln,21,9,62.15,1305.12,118,45
2025-12-01,P006,Handbag,Accessories,München,36,16,16.22,583.85,56,29
2025-12-01,P006,Handbag,Accessories,Berlin,30,23,46.77,1403.21,97,34
2025-12-01,P007,Belt,Accessories,Düsseldorf,15,8,90.1,1351.55,133,45
2025-12-01,P007,Belt,Accessories,Essen,9,7,62.42,561.77,88,58
2025-12-01,P007,Belt,Accessories,Köln,16,6,65.08,1041.33,119,49
2025-12-01,P007,Belt,Accessories,München,29,24,20.02,580.7,95,37
2025-12-01,P007,Belt,Accessories,Berlin,14,8,69.55,973.77,101,44
2025-12-01,P008,Winter Jacket,Outerwear,Düsseldorf,8,5,87.14,697.09,109,34
2025-12-01,P008,Winter Jacket,Outerwear,Essen,32,20,170.64,5460.61,53,50
2025-12-01,P008,Winter Jacket,Outerwear,Köln,34,22,107.27,3647.12,64,57
2025-12-01,P008,Winter Jacket,Outerwear,München,24,11,171.32,4111.64,84,47
2025-12-01,P008,Winter Jacket,Outerwear,Berlin,33,19,182.22,6013.4,56,45
2025-12-01,P009,Blazer,Outerwear,Düsseldorf,27,16,162.46,4386.5,52,39
2025-12-01,P009,Blazer,Outerwear,Essen,0,1,195.85,0.0,134,44
2025-12-01,P009,Blazer,Outerwear,Köln,18,11,98.27,1768.87,72,52
2025-12-01,P009,Blazer,Outerwear,München,21,13,113.96,2393.18,102,26
2025-12-01,P009,Blazer,Outerwear,Berlin,16,10,130.63,2090.09,70,25
2025-12-01,P010,Sports Hoodie,Sportswear,Düsseldorf,9,4,102.76,924.8,61,33
2025-12-01,P010,Sports Hoodie,Sportswear,Essen,1,1,83.46,83.46,106,30
2025-12-01,P010,Sports Hoodie,Sportswear,Köln,16,7,31.25,499.96,63,33
2025-12-01,P010,Sports Hoodie,Sportswear,München,20,9,119.73,2394.51,114,55
2025-12-01,P010,Sports Hoodie,Sportswear,Berlin,17,8,75.01,1275.09,88,34
2025-12-02,P001,Basic T-Shirt,Clothing,Düsseldorf,35,21,60.83,2129.01,53,50
2025-12-02,P001,Basic T-Shirt,Clothing,Essen,26,12,23.27,604.97,58,27
2025-12-02,P001,Basic T-Shirt,Clothing,Köln,18,8,64.71,1164.83,69,48
2025-12-02,P001,Basic T-Shirt,Clothing,München,22,13,73.82,1624.03,69,49
2025-12-02,P001,Basic T-Shirt,Clothing,Berlin,20,8,34.91,698.25,89,51
2025-12-02,P002,Slim Jeans,Clothing,Düsseldorf,14,6,61.42,859.87,109,50
2025-12-02,P002,Slim Jeans,Clothing,Essen,26,18,30.63,796.32,76,32
2025-12-02,P002,Slim Jeans,Clothing,Köln,28,19,71.51,2002.29,86,27
2025-12-02,P002,Slim Jeans,Clothing,München,36,17,77.57,2792.46,55,57
2025-12-02,P002,Slim Jeans,Clothing,Berlin,34,14,38.47,1308.06,22,59
2025-12-02,P003,Summer Dress,Clothing,Düsseldorf,39,25,75.33,2937.93,54,39
2025-12-02,P003,Summer Dress,Clothing,Essen,24,10,57.88,1389.18,88,56
2025-12-02,P003,Summer Dress,Clothing,Köln,32,13,42.15,1348.74,72,55
2025-12-02,P003,Summer Dress,Clothing,München,35,25,59.79,2092.61,64,40
2025-12-02,P003,Summer Dress,Clothing,Berlin,22,11,47.48,1044.6,132,49
2025-12-02,P004,Sneakers,Shoes,Düsseldorf,16,10,136.21,2179.32,47,58
2025-12-02,P004,Sneakers,Shoes,Essen,37,25,122.28,4524.3,87,51
2025-12-02,P004,Sneakers,Shoes,Köln,23,10,124.94,2873.57,110,48
2025-12-02,P004,Sneakers,Shoes,München,31,14,123.91,3841.18,78,54
2025-12-02,P004,Sneakers,Shoes,Berlin,8,3,148.69,1189.52,107,53
2025-12-02,P005,Leather Boots,Shoes,Düsseldorf,36,30,145.4,5234.55,68,32
2025-12-02,P005,Leather Boots,Shoes,Essen,0,1,56.14,0.0,123,53
2025-12-02,P005,Leather Boots,Shoes,Köln,25,18,56.02,1400.57,74,46
2025-12-02,P005,Leather Boots,Shoes,München,4,3,140.94,563.77,121,25
2025-12-02,P005,Leather Boots,Shoes,Berlin,30,12,51.32,1539.69,80,47
2025-12-02,P006,Handbag,Accessories,Düsseldorf,10,4,48.43,484.32,82,34
2025-12-02,P006,Handbag,Accessories,Essen,27,22,69.87,1886.5,30,42
2025-12-02,P006,Handbag,Accessories,Köln,9,6,96.06,864.53,104,51
2025-12-02,P006,Handbag,Accessories,München,36,16,67.72,2437.94,113,27
2025-12-02,P006,Handbag,Accessories,Berlin,29,12,85.2,2470.94,129,38
2025-12-02,P007,Belt,Accessories,Düsseldorf,22,15,84.22,1852.9,120,36
2025-12-02,P007,Belt,Accessories,Essen,38,23,31.42,1193.91,125,31
2025-12-02,P007,Belt,Accessories,Köln,27,18,41.87,1130.45,51,48
2025-12-02,P007,Belt,Accessories,München,16,10,48.77,780.29,60,41
2025-12-02,P007,Belt,Accessories,Berlin,40,17,52.72,2108.82,100,44
2025-12-02,P008,Winter Jacket,Outerwear,Düsseldorf,4,2,150.28,601.12,124,33
2025-12-02,P008,Winter Jacket,Outerwear,Essen,20,8,139.33,2786.56,48,42
2025-12-02,P008,Winter Jacket,Outerwear,Köln,22,8,191.48,4212.61,99,31
2025-12-02,P008,Winter Jacket,Outerwear,München,26,15,136.26,3542.83,96,53
2025-12-02,P008,Winter Jacket,Outerwear,Berlin,20,9,108.57,2171.38,54,44
2025-12-02,P009,Blazer,Outerwear,Düsseldorf,8,4,179.02,1432.15,121,50
2025-12-02,P009,Blazer,Outerwear,Essen,35,16,181.94,6367.77,37,26
2025-12-02,P009,Blazer,Outerwear,Köln,1,1,104.98,104.98,100,54
2025-12-02,P009,Blazer,Outerwear,München,28,12,92.34,2585.49,18,35
2025-12-02,P009,Blazer,Outerwear,Berlin,17,14,107.51,1827.64,88,45
2025-12-02,P010,Sports Hoodie,Sportswear,Düsseldorf,41,22,113.71,4662.31,63,58
2025-12-02,P010,Sports Hoodie,Sportswear,Essen,19,8,94.06,1787.14,105,42
2025-12-02,P010,Sports Hoodie,Sportswear,Köln,7,4,66.71,466.97,124,34
2025-12-02,P010,Sports Hoodie,Sportswear,München,28,14,54.91,1537.42,90,54
2025-12-02,P010,Sports Hoodie,Sportswear,Berlin,12,5,58.44,701.28,123,30
2025-12-03,P001,Basic T-Shirt,Clothing,Düsseldorf,23,13,39.48,907.96,89,57
2025-12-03,P001,Basic T-Shirt,Clothing,Essen,25,19,31.7,792.44,98,58
2025-12-03,P001,Basic T-Shirt,Clothing,Köln,42,22,35.74,1501.27,51,48
2025-12-03,P001,Basic T-Shirt,Clothing,München,13,6,25.97,337.61,80,49
2025-12-03,P001,Basic T-Shirt,Clothing,Berlin,12,7,37.4,448.83,123,32
2025-12-03,P002,Slim Jeans,Clothing,Düsseldorf,28,15,52.78,1477.96,97,36
2025-12-03,P002,Slim Jeans,Clothing,Essen,14,7,24.78,346.96,58,33
2025-12-03,P002,Slim Jeans,Clothing,Köln,25,10,73.95,1848.87,103,52
2025-12-03,P002,Slim Jeans,Clothing,München,4,2,65.39,261.55,99,51
2025-12-03,P002,Slim Jeans,Clothing,Berlin,11,9,32.21,354.33,95,36
2025-12-03,P003,Summer Dress,Clothing,Düsseldorf,0,1,58.07,0.0,123,38
2025-12-03,P003,Summer Dress,Clothing,Essen,18,8,39.93,718.75,98,39
2025-12-03,P003,Summer Dress,Clothing,Köln,4,2,32.21,128.84,99,58
2025-12-03,P003,Summer Dress,Clothing,München,17,8,71.03,1207.51,127,53
2025-12-03,P003,Summer Dress,Clothing,Berlin,14,6,37.5,525.02,85,41
2025-12-03,P004,Sneakers,Shoes,Düsseldorf,33,17,83.89,2768.52,90,47
2025-12-03,P004,Sneakers,Shoes,Essen,7,4,81.07,567.5,145,37
2025-12-03,P004,Sneakers,Shoes,Köln,27,10,97.55,2633.75,77,36
2025-12-03,P004,Sneakers,Shoes,München,32,17,56.22,1799.06,82,37
2025-12-03,P004,Sneakers,Shoes,Berlin,23,17,79.79,1835.08,70,28
2025-12-03,P005,Leather Boots,Shoes,Düsseldorf,0,1,95.02,0.0,107,25
2025-12-03,P005,Leather Boots,Shoes,Essen,22,11,52.18,1148.06,72,43
2025-12-03,P005,Leather Boots,Shoes,Köln,5,2,106.84,534.22,116,25
2025-12-03,P005,Leather Boots,Shoes,München,19,7,146.21,2777.91,52,45
2025-12-03,P005,Leather Boots,Shoes,Berlin,29,16,120.9,3506.1,73,49
2025-12-03,P006,Handbag,Accessories,Düsseldorf,12,7,40.77,489.28,103,37
2025-12-03,P006,Handbag,Accessories,Essen,26,10,53.25,1384.38,94,31
2025-12-03,P006,Handbag,Accessories,Köln,25,10,22.7,567.44,78,35
2025-12-03,P006,Handbag,Accessories,München,8,3,43.73,349.83,103,34
2025-12-03,P006,Handbag,Accessories,Berlin,22,10,86.81,1909.77,78,53
2025-12-03,P007,Belt,Accessories,Düsseldorf,28,12,22.86,640.03,103,32
2025-12-03,P007,Belt,Accessories,Essen,32,21,42.28,1353.11,64,44
2025-12-03,P007,Belt,Accessories,Köln,14,7,75.45,1056.28,83,26
2025-12-03,P007,Belt,Accessories,München,28,15,15.23,426.45,86,58
2025-12-03,P007,Belt,Accessories,Berlin,14,9,73.41,1027.76,98,27
2025-12-03,P008,Winter Jacket,Outerwear,Düsseldorf,28,22,115.56,3235.62,86,48
2025-12-03,P008,Winter Jacket,Outerwear,Essen,30,12,99.5,2985.14,55,59
2025-12-03,P008,Winter Jacket,Outerwear,Köln,0,1,140.51,0.0,107,37
2025-12-03,P008,Winter Jacket,Outerwear,München,6,2,137.29,823.71,139,50
2025-12-03,P008,Winter Jacket,Outerwear,Berlin,37,26,177.01,6549.33,49,36
2025-12-03,P009,Blazer,Outerwear,Düsseldorf,23,12,161.1,3705.39,124,58
2025-12-03,P009,Blazer,Outerwear,Essen,0,1,116.14,0.0,117,41
2025-12-03,P009,Blazer,Outerwear,Köln,23,11,187.49,4312.2,103,53
2025-12-03,P009,Blazer,Outerwear,München,24,14,169.45,4066.92,108,55
2025-12-03,P009,Blazer,Outerwear,Berlin,15,8,161.9,2428.57,56,37
2025-12-03,P010,Sports Hoodie,Sportswear,Düsseldorf,18,9,58.42,1051.5,87,50
2025-12-03,P010,Sports Hoodie,Sportswear,Essen,11,8,93.93,1033.25,88,33
2025-12-03,P010,Sports Hoodie,Sportswear,Köln,25,12,32.22,805.45,113,51
2025-12-03,P010,Sports Hoodie,Sportswear,München,8,4,112.06,896.51,134,27
2025-12-03,P010,Sports Hoodie,Sportswear,Berlin,34,20,54.77,1862.02,77,45
2025-12-04,P001,Basic T-Shirt,Clothing,Düsseldorf,29,18,78.86,2287.02,70,50
2025-12-04,P001,Basic T-Shirt,Clothing,Essen,21,8,26.15,549.19,58,45
2025-12-04,P001,Basic T-Shirt,Clothing,Köln,12,6,34.68,416.15,115,45
2025-12-04,P001,Basic T-Shirt,Clothing,München,13,9,40.54,527.07,129,44
2025-12-04,P001,Basic T-Shirt,Clothing,Berlin,26,16,21.05,547.3,88,51
2025-12-04,P002,Slim Jeans,Clothing,Düsseldorf,34,16,35.62,1211.22,81,51
2025-12-04,P002,Slim Jeans,Clothing,Essen,27,13,57.18,1543.99,59,30
2025-12-04,P002,Slim Jeans,Clothing,Köln,34,17,70.07,2382.29,93,41
2025-12-04,P002,Slim Jeans,Clothing,München,9,8,66.47,598.27,90,34
2025-12-04,P002,Slim Jeans,Clothing,Berlin,12,6,35.2,422.43,82,28
2025-12-04,P003,Summer Dress,Clothing,Düsseldorf,17,8,35.54,604.14,125,56
2025-12-04,P003,Summer Dress,Clothing,Essen,19,12,31.41,596.86,103,49
2025-12-04,P003,Summer Dress,Clothing,Köln,31,23,28.48,882.97,64,42
2025-12-04,P003,Summer Dress,Clothing,München,25,18,33.76,844.09,60,41
2025-12-04,P003,Summer Dress,Clothing,Berlin,19,9,45.49,864.25,92,44
2025-12-04,P004,Sneakers,Shoes,Düsseldorf,8,5,88.28,706.27,100,41
2025-12-04,P004,Sneakers,Shoes,Essen,20,13,73.93,1478.66,88,53
2025-12-04,P004,Sneakers,Shoes,Köln,22,9,52.81,1161.87,108,40
2025-12-04,P004,Sneakers,Shoes,München,13,5,60.75,789.69,143,49
2025-12-04,P004,Sneakers,Shoes,Berlin,32,24,146.54,4689.44,50,55
2025-12-04,P005,Leather Boots,Shoes,Düsseldorf,18,7,131.6,2368.72,85,28
2025-12-04,P005,Leather Boots,Shoes,Essen,38,17,55.43,2106.52,69,26
2025-12-04,P005,Leather Boots,Shoes,Köln,26,14,111.11,2888.97,32,30
2025-12-04,P005,Leather Boots,Shoes,München,33,14,131.61,4342.99,70,26
2025-12-04,P005,Leather Boots,Shoes,Berlin,12,8,59.36,712.27,147,54
2025-12-04,P006,Handbag,Accessories,Düsseldorf,18,9,16.62,299.22,71,51
2025-12-04,P006,Handbag,Accessories,Essen,27,12,52.63,1420.98,79,50
2025-12-04,P006,Handbag,Accessories,Köln,16,8,65.8,1052.78,46,57
2025-12-04,P006,Handbag,Accessories,München,17,11,58.13,988.18,97,30
2025-12-04,P006,Handbag,Accessories,Berlin,30,17,33.51,1005.2,91,50
2025-12-04,P007,Belt,Accessories,Düsseldorf,14,10,27.7,387.83,113,33
2025-12-04,P007,Belt,Accessories,Essen,29,12,25.64,743.69,73,43
2025-12-04,P007,Belt,Accessories,Köln,0,1,39.6,0.0,103,53
2025-12-04,P007,Belt,Accessories,München,27,12,33.76,911.5,55,53
2025-12-04,P007,Belt,Accessories,Berlin,6,3,46.12,276.72,114,48
2025-12-04,P008,Winter Jacket,Outerwear,Düsseldorf,35,14,97.02,3395.87,66,47
2025-12-04,P008,Winter Jacket,Outerwear,Essen,29,12,147.74,4284.54,107,27
2025-12-04,P008,Winter Jacket,Outerwear,Köln,17,8,211.72,3599.29,109,26
2025-12-04,P008,Winter Jacket,Outerwear,München,36,30,178.19,6414.87,64,45
2025-12-04,P008,Winter Jacket,Outerwear,Berlin,15,6,109.43,1641.4,111,25
2025-12-04,P009,Blazer,Outerwear,Düsseldorf,26,17,186.75,4855.62,92,27
2025-12-04,P009,Blazer,Outerwear,Essen,34,30,116.49,3960.81,79,49
2025-12-04,P009,Blazer,Outerwear,Köln,23,9,82.23,1891.26,90,56
2025-12-04,P009,Blazer,Outerwear,München,24,14,192.31,4615.56,91,29
2025-12-04,P009,Blazer,Outerwear,Berlin,27,11,150.86,4073.21,73,41
2025-12-04,P010,Sports Hoodie,Sportswear,Düsseldorf,34,18,34.99,1189.62,90,33
2025-12-04,P010,Sports Hoodie,Sportswear,Essen,6,2,80.17,481.02,117,48
2025-12-04,P010,Sports Hoodie,Sportswear,Köln,32,21,108.96,3486.65,64,36
2025-12-04,P010,Sports Hoodie,Sportswear,München,11,7,98.36,1081.92,102,52
2025-12-04,P010,Sports Hoodie,Sportswear,Berlin,30,25,96.78,2903.39,66,50
2025-12-05,P001,Basic T-Shirt,Clothing,Düsseldorf,37,27,41.15,1522.61,58,48
2025-12-05,P001,Basic T-Shirt,Clothing,Essen,29,16,39.29,1139.47,90,32
2025-12-05,P001,Basic T-Shirt,Clothing,Köln,31,15,32.12,995.87,117,54
2025-12-05,P001,Basic T-Shirt,Clothing,München,34,17,60.02,2040.61,45,28
2025-12-05,P001,Basic T-Shirt,Clothing,Berlin,33,15,68.11,2247.62,85,38
2025-12-05,P002,Slim Jeans,Clothing,Düsseldorf,35,16,30.4,1064.13,43,39
2025-12-05,P002,Slim Jeans,Clothing,Essen,28,16,75.39,2110.93,130,59
2025-12-05,P002,Slim Jeans,Clothing,Köln,4,3,47.6,190.4,139,36
2025-12-05,P002,Slim Jeans,Clothing,München,0,1,63.38,0.0,139,56
2025-12-05,P002,Slim Jeans,Clothing,Berlin,18,16,35.41,637.38,86,46
2025-12-05,P003,Summer Dress,Clothing,Düsseldorf,32,14,35.76,1144.33,96,32
2025-12-05,P003,Summer Dress,Clothing,Essen,19,10,34.61,657.62,108,50
2025-12-05,P003,Summer Dress,Clothing,Köln,33,13,44.39,1464.71,101,42
2025-12-05,P003,Summer Dress,Clothing,München,26,12,74.68,1941.69,34,35
2025-12-05,P003,Summer Dress,Clothing,Berlin,23,18,65.42,1504.56,93,43
2025-12-05,P004,Sneakers,Shoes,Düsseldorf,11,4,90.03,990.36,78,57
2025-12-05,P004,Sneakers,Shoes,Essen,25,10,59.74,1493.44,113,26
2025-12-05,P004,Sneakers,Shoes,Köln,9,7,134.95,1214.52,139,57
2025-12-05,P004,Sneakers,Shoes,München,10,4,124.46,1244.6,106,27
2025-12-05,P004,Sneakers,Shoes,Berlin,29,15,120.32,3489.28,112,51
2025-12-05,P005,Leather Boots,Shoes,Düsseldorf,21,13,138.86,2916.15,46,53
2025-12-05,P005,Leather Boots,Shoes,Essen,30,24,111.81,3354.31,99,34
2025-12-05,P005,Leather Boots,Shoes,Köln,15,8,55.27,829.06,111,50
2025-12-05,P005,Leather Boots,Shoes,München,18,8,96.07,1729.28,106,47
2025-12-05,P005,Leather Boots,Shoes,Berlin,10,8,119.79,1197.86,109,50
2025-12-05,P006,Handbag,Accessories,Düsseldorf,9,4,61.04,549.32,90,39
2025-12-05,P006,Handbag,Accessories,Essen,21,18,94.52,1984.91,88,45
2025-12-05,P006,Handbag,Accessories,Köln,22,11,35.97,791.25,109,46
2025-12-05,P006,Handbag,Accessories,München,22,12,38.62,849.66,73,53
2025-12-05,P006,Handbag,Accessories,Berlin,25,10,94.96,2373.97,101,41
2025-12-05,P007,Belt,Accessories,Düsseldorf,22,12,79.76,1754.82,53,59
2025-12-05,P007,Belt,Accessories,Essen,5,2,80.18,400.91,71,34
2025-12-05,P007,Belt,Accessories,Köln,30,14,47.19,1415.62,74,46
2025-12-05,P007,Belt,Accessories,München,19,7,20.41,387.72,149,47
2025-12-05,P007,Belt,Accessories,Berlin,19,8,73.24,1391.6,95,34
2025-12-05,P008,Winter Jacket,Outerwear,Düsseldorf,4,1,195.35,781.38,115,58
2025-12-05,P008,Winter Jacket,Outerwear,Essen,4,3,147.55,590.2,115,30
2025-12-05,P008,Winter Jacket,Outerwear,Köln,28,16,164.53,4606.87,77,25
2025-12-05,P008,Winter Jacket,Outerwear,München,24,21,91.21,2189.01,82,36
2025-12-05,P008,Winter Jacket,Outerwear,Berlin,11,4,87.33,960.59,120,31
2025-12-05,P009,Blazer,Outerwear,Düsseldorf,10,7,101.8,1017.97,106,26
2025-12-05,P009,Blazer,Outerwear,Essen,28,19,130.33,3649.1,84,35
2025-12-05,P009,Blazer,Outerwear,Köln,29,14,88.59,2569.06,59,30
2025-12-05,P009,Blazer,Outerwear,München,16,7,174.08,2785.23,113,35
2025-12-05,P009,Blazer,Outerwear,Berlin,5,4,119.93,599.65,62,50
2025-12-05,P010,Sports Hoodie,Sportswear,Düsseldorf,39,19,40.5,1579.58,98,49
2025-12-05,P010,Sports Hoodie,Sportswear,Essen,24,14,35.4,849.62,134,32
2025-12-05,P010,Sports Hoodie,Sportswear,Köln,45,21,60.57,2725.76,53,29
2025-12-05,P010,Sports Hoodie,Sportswear,München,20,15,54.51,1090.17,125,52
2025-12-05,P010,Sports Hoodie,Sportswear,Berlin,20,15,77.1,1541.92,109,30
2025-12-06,P001,Basic T-Shirt,Clothing,Düsseldorf,9,4,72.17,649.55,116,48
2025-12-06,P001,Basic T-Shirt,Clothing,Essen,36,16,63.53,2287.01,7,36
2025-12-06,P001,Basic T-Shirt,Clothing,Köln,15,7,61.97,929.58,143,48
2025-12-06,P001,Basic T-Shirt,Clothing,München,17,7,25.12,427.11,115,35
2025-12-06,P001,Basic T-Shirt,Clothing,Berlin,28,16,31.37,878.45,54,26
2025-12-06,P002,Slim Jeans,Clothing,Düsseldorf,18,8,28.99,521.76,156,45
2025-12-06,P002,Slim Jeans,Clothing,Essen,26,12,24.37,633.64,105,29
2025-12-06,P002,Slim Jeans,Clothing,Köln,20,8,35.19,703.84,114,53
2025-12-06,P002,Slim Jeans,Clothing,München,0,1,37.84,0.0,137,54
2025-12-06,P002,Slim Jeans,Clothing,Berlin,21,12,41.33,867.97,119,33
2025-12-06,P003,Summer Dress,Clothing,Düsseldorf,39,27,75.8,2956.02,57,46
2025-12-06,P003,Summer Dress,Clothing,Essen,28,12,44.91,1257.38,84,43
2025-12-06,P003,Summer Dress,Clothing,Köln,42,24,25.38,1065.92,21,42
2025-12-06,P003,Summer Dress,Clothing,München,17,7,29.66,504.2,108,57
2025-12-06,P003,Summer Dress,Clothing,Berlin,31,12,71.21,2207.45,103,29
2025-12-06,P004,Sneakers,Shoes,Düsseldorf,16,6,67.42,1078.74,70,33
2025-12-06,P004,Sneakers,Shoes,Essen,34,17,147.25,5006.58,107,32
2025-12-06,P004,Sneakers,Shoes,Köln,4,3,78.73,314.9,124,42
2025-12-06,P004,Sneakers,Shoes,München,9,3,122.92,1106.32,16,58
2025-12-06,P004,Sneakers,Shoes,Berlin,11,7,81.69,898.6,125,41
2025-12-06,P005,Leather Boots,Shoes,Düsseldorf,27,11,86.52,2336.12,57,32
2025-12-06,P005,Leather Boots,Shoes,Essen,24,20,55.45,1330.83,90,49
2025-12-06,P005,Leather Boots,Shoes,Köln,7,5,147.52,1032.67,155,40
2025-12-06,P005,Leather Boots,Shoes,München,18,8,143.52,2583.29,119,44
2025-12-06,P005,Leather Boots,Shoes,Berlin,23,10,57.17,1314.99,31,30
2025-12-06,P006,Handbag,Accessories,Düsseldorf,11,5,84.24,926.62,138,49
2025-12-06,P006,Handbag,Accessories,Essen,3,2,77.29,231.87,103,26
2025-12-06,P006,Handbag,Accessories,Köln,15,6,32.5,487.51,80,35
2025-12-06,P006,Handbag,Accessories,München,19,11,54.15,1028.84,62,58
2025-12-06,P006,Handbag,Accessories,Berlin,18,12,69.69,1254.36,82,41
2025-12-06,P007,Belt,Accessories,Düsseldorf,22,16,32.05,705.06,116,32
2025-12-06,P007,Belt,Accessories,Essen,11,5,19.12,210.31,122,37
2025-12-06,P007,Belt,Accessories,Köln,8,6,70.6,564.77,88,37
2025-12-06,P007,Belt,Accessories,München,26,22,84.02,2184.45,62,56
2025-12-06,P007,Belt,Accessories,Berlin,3,1,16.71,50.13,125,27
2025-12-06,P008,Winter Jacket,Outerwear,Düsseldorf,21,8,151.25,3176.29,109,36
2025-12-06,P008,Winter Jacket,Outerwear,Essen,22,18,138.01,3036.13,112,35
2025-12-06,P008,Winter Jacket,Outerwear,Köln,31,17,129.38,4010.68,64,29
2025-12-06,P008,Winter Jacket,Outerwear,München,38,22,102.35,3889.25,53,42
2025-12-06,P008,Winter Jacket,Outerwear,Berlin,13,7,131.62,1711.04,114,39
2025-12-06,P009,Blazer,Outerwear,Düsseldorf,3,2,179.28,537.83,135,37
2025-12-06,P009,Blazer,Outerwear,Essen,27,22,178.06,4807.72,88,28
2025-12-06,P009,Blazer,Outerwear,Köln,3,2,208.37,625.12,135,44
2025-12-06,P009,Blazer,Outerwear,München,33,29,133.63,4409.73,103,25
2025-12-06,P009,Blazer,Outerwear,Berlin,31,13,148.66,4608.55,72,38
2025-12-06,P010,Sports Hoodie,Sportswear,Düsseldorf,22,12,33.09,727.91,104,51
2025-12-06,P010,Sports Hoodie,Sportswear,Essen,15,7,46.44,696.54,69,56
2025-12-06,P010,Sports Hoodie,Sportswear,Köln,14,12,88.33,1236.61,108,48
2025-12-06,P010,Sports Hoodie,Sportswear,München,11,6,41.44,455.83,127,53
2025-12-06,P010,Sports Hoodie,Sportswear,Berlin,21,13,47.21,991.39,110,31
2025-12-07,P001,Basic T-Shirt,Clothing,Düsseldorf,18,9,44.95,809.19,84,36
2025-12-07,P001,Basic T-Shirt,Clothing,Essen,6,2,66.37,398.24,119,46
2025-12-07,P001,Basic T-Shirt,Clothing,Köln,19,17,65.14,1237.66,89,33
2025-12-07,P001,Basic T-Shirt,Clothing,München,18,9,59.37,1068.7,111,56
2025-12-07,P001,Basic T-Shirt,Clothing,Berlin,8,4,38.37,306.97,108,43
2025-12-07,P002,Slim Jeans,Clothing,Düsseldorf,24,14,37.26,894.31,61,56
2025-12-07,P002,Slim Jeans,Clothing,Essen,30,13,35.74,1072.35,103,43
2025-12-07,P002,Slim Jeans,Clothing,Köln,36,16,66.23,2384.15,65,53
2025-12-07,P002,Slim Jeans,Clothing,München,1,1,50.12,50.12,151,27
2025-12-07,P002,Slim Jeans,Clothing,Berlin,29,23,47.93,1389.98,58,43
2025-12-07,P003,Summer Dress,Clothing,Düsseldorf,8,4,42.99,343.92,70,51
2025-12-07,P003,Summer Dress,Clothing,Essen,18,7,78.4,1411.27,86,28
2025-12-07,P003,Summer Dress,Clothing,Köln,25,14,20.56,513.97,97,27
2025-12-07,P003,Summer Dress,Clothing,München,34,22,46.04,1565.46,90,54
2025-12-07,P003,Summer Dress,Clothing,Berlin,13,8,68.74,893.68,104,41
2025-12-07,P004,Sneakers,Shoes,Düsseldorf,14,8,82.68,1157.48,85,29
2025-12-07,P004,Sneakers,Shoes,Essen,5,2,149.26,746.3,159,54
2025-12-07,P004,Sneakers,Shoes,Köln,27,15,134.25,3624.65,88,56
2025-12-07,P004,Sneakers,Shoes,München,6,5,62.9,377.42,105,44
2025-12-07,P004,Sneakers,Shoes,Berlin,24,14,53.12,1274.91,105,48
2025-12-07,P005,Leather Boots,Shoes,Düsseldorf,27,19,136.76,3692.63,86,51
2025-12-07,P005,Leather Boots,Shoes,Essen,35,19,107.35,3757.22,46,45
2025-12-07,P005,Leather Boots,Shoes,Köln,17,8,84.98,1444.67,65,51
2025-12-07,P005,Leather Boots,Shoes,München,12,5,121.67,1460.06,88,26
2025-12-07,P005,Leather Boots,Shoes,Berlin,22,14,101.47,2232.27,98,37
2025-12-07,P006,Handbag,Accessories,Düsseldorf,32,14,73.09,2338.94,59,47
2025-12-07,P006,Handbag,Accessories,Essen,1,1,39.33,39.33,148,38
2025-12-07,P006,Handbag,Accessories,Köln,32,19,73.7,2358.47,88,27
2025-12-07,P006,Handbag,Accessories,München,36,19,36.6,1317.69,36,27
2025-12-07,P006,Handbag,Accessories,Berlin,27,16,48.18,1300.91,67,41
2025-12-07,P007,Belt,Accessories,Düsseldorf,25,22,54.11,1352.72,51,27
2025-12-07,P007,Belt,Accessories,Essen,5,2,69.34,346.69,95,46
2025-12-07,P007,Belt,Accessories,Köln,27,18,24.88,671.85,123,48
2025-12-07,P007,Belt,Accessories,München,11,6,55.75,613.29,145,40
2025-12-07,P007,Belt,Accessories,Berlin,11,4,43.4,477.42,93,49
2025-12-07,P008,Winter Jacket,Outerwear,Düsseldorf,24,18,142.54,3421.04,20,52
2025-12-07,P008,Winter Jacket,Outerwear,Essen,15,11,163.9,2458.48,95,46
2025-12-07,P008,Winter Jacket,Outerwear,Köln,25,12,199.04,4976.11,35,28
2025-12-07,P008,Winter Jacket,Outerwear,München,4,2,158.61,634.43,131,50
2025-12-07,P008,Winter Jacket,Outerwear,Berlin,23,11,125.45,2885.24,81,40
2025-12-07,P009,Blazer,Outerwear,Düsseldorf,30,22,133.78,4013.48,98,57
2025-12-07,P009,Blazer,Outerwear,Essen,28,11,88.57,2479.97,107,53
2025-12-07,P009,Blazer,Outerwear,Köln,4,1,160.18,640.7,107,41
2025-12-07,P009,Blazer,Outerwear,München,4,3,182.97,731.89,108,57
2025-12-07,P009,Blazer,Outerwear,Berlin,25,12,93.17,2329.21,54,57
2025-12-07,P010,Sports Hoodie,Sportswear,Düsseldorf,13,8,96.08,1249.1,58,46
2025-12-07,P010,Sports Hoodie,Sportswear,Essen,22,12,84.75,1864.53,112,29
2025-12-07,P010,Sports Hoodie,Sportswear,Köln,29,21,90.32,2619.36,45,40
2025-12-07,P010,Sports Hoodie,Sportswear,München,18,10,52.08,937.35,77,40
2025-12-07,P010,Sports Hoodie,Sportswear,Berlin,25,10,88.55,2213.86,77,42
2025-12-08,P001,Basic T-Shirt,Clothing,Düsseldorf,28,11,22.46,628.8,54,47
2025-12-08,P001,Basic T-Shirt,Clothing,Essen,31,15,32.77,1015.98,62,56
2025-12-08,P001,Basic T-Shirt,Clothing,Köln,41,17,68.48,2807.53,65,47
2025-12-08,P001,Basic T-Shirt,Clothing,München,32,19,39.0,1247.87,92,37
2025-12-08,P001,Basic T-Shirt,Clothing,Berlin,18,11,78.46,1412.25,69,25
2025-12-08,P002,Slim Jeans,Clothing,Düsseldorf,41,19,64.38,2639.47,111,53
2025-12-08,P002,Slim Jeans,Clothing,Essen,14,5,72.95,1021.27,109,57
2025-12-08,P002,Slim Jeans,Clothing,Köln,27,24,22.01,594.34,86,54
2025-12-08,P002,Slim Jeans,Clothing,München,25,19,36.77,919.2,35,37
2025-12-08,P002,Slim Jeans,Clothing,Berlin,32,18,20.32,650.27,74,32
2025-12-08,P003,Summer Dress,Clothing,Düsseldorf,36,16,32.52,1170.69,71,56
2025-12-08,P003,Summer Dress,Clothing,Essen,21,16,64.5,1354.46,97,52
2025-12-08,P003,Summer Dress,Clothing,Köln,16,13,35.72,571.55,75,31
2025-12-08,P003,Summer Dress,Clothing,München,33,21,70.42,2323.99,74,29
2025-12-08,P003,Summer Dress,Clothing,Berlin,8,3,51.09,408.74,108,47
2025-12-08,P004,Sneakers,Shoes,Düsseldorf,28,11,89.2,2497.51,107,59
2025-12-08,P004,Sneakers,Shoes,Essen,14,9,76.94,1077.1,120,29
2025-12-08,P004,Sneakers,Shoes,Köln,17,10,91.52,1555.86,95,26
2025-12-08,P004,Sneakers,Shoes,München,3,1,145.32,435.97,120,36
2025-12-08,P004,Sneakers,Shoes,Berlin,7,3,90.52,633.65,76,25
2025-12-08,P005,Leather Boots,Shoes,Düsseldorf,16,9,136.91,2190.56,117,37
2025-12-08,P005,Leather Boots,Shoes,Essen,22,10,101.23,2227.06,105,55
2025-12-08,P005,Leather Boots,Shoes,Köln,25,16,87.46,2186.62,75,32
2025-12-08,P005,Leather Boots,Shoes,München,14,8,137.13,1919.77,128,30
2025-12-08,P005,Leather Boots,Shoes,Berlin,10,4,106.42,1064.19,110,51
2025-12-08,P006,Handbag,Accessories,Düsseldorf,34,20,98.53,3349.95,58,57
2025-12-08,P006,Handbag,Accessories,Essen,32,26,41.31,1322.0,91,40
2025-12-08,P006,Handbag,Accessories,Köln,24,13,66.77,1602.42,105,53
2025-12-08,P006,Handbag,Accessories,München,29,23,41.86,1213.95,52,57
2025-12-08,P006,Handbag,Accessories,Berlin,32,16,37.31,1194.02,88,30
2025-12-08,P007,Belt,Accessories,Düsseldorf,12,6,28.93,347.2,91,34
2025-12-08,P007,Belt,Accessories,Essen,27,11,73.93,1996.12,112,55
2025-12-08,P007,Belt,Accessories,Köln,11,9,65.86,724.42,122,50
2025-12-08,P007,Belt,Accessories,München,23,10,28.07,645.58,96,39
2025-12-08,P007,Belt,Accessories,Berlin,29,16,52.29,1516.33,61,32
2025-12-08,P008,Winter Jacket,Outerwear,Düsseldorf,19,12,167.84,3188.87,97,44
2025-12-08,P008,Winter Jacket,Outerwear,Essen,41,28,130.92,5367.78,86,48
2025-12-08,P008,Winter Jacket,Outerwear,Köln,6,3,188.11,1128.68,141,34
2025-12-08,P008,Winter Jacket,Outerwear,München,19,8,112.21,2132.02,115,32
2025-12-08,P008,Winter Jacket,Outerwear,Berlin,11,7,191.21,2103.35,131,34
2025-12-08,P009,Blazer,Outerwear,Düsseldorf,19,12,184.18,3499.38,75,25
2025-12-08,P009,Blazer,Outerwear,Essen,12,7,171.35,2056.17,145,32
2025-12-08,P009,Blazer,Outerwear,Köln,3,2,135.54,406.63,144,26
2025-12-08,P009,Blazer,Outerwear,München,10,4,182.58,1825.81,55,46
2025-12-08,P009,Blazer,Outerwear,Berlin,8,3,188.88,1511.0,151,57
2025-12-08,P010,Sports Hoodie,Sportswear,Düsseldorf,44,25,47.19,2076.57,19,25
2025-12-08,P010,Sports Hoodie,Sportswear,Essen,27,12,96.81,2613.81,76,38
2025-12-08,P010,Sports Hoodie,Sportswear,Köln,14,5,101.45,1420.31,93,45
2025-12-08,P010,Sports Hoodie,Sportswear,München,15,7,81.04,1215.62,89,29
2025-12-08,P010,Sports Hoodie,Sportswear,Berlin,27,12,40.82,1102.26,84,34
2025-12-09,P001,Basic T-Shirt,Clothing,Düsseldorf,21,10,26.87,564.19,99,28
2025-12-09,P001,Basic T-Shirt,Clothing,Essen,14,7,72.2,1010.74,146,41
2025-12-09,P001,Basic T-Shirt,Clothing,Köln,23,11,79.2,1821.64,87,30
2025-12-09,P001,Basic T-Shirt,Clothing,München,10,4,22.42,224.2,82,36
2025-12-09,P001,Basic T-Shirt,Clothing,Berlin,0,1,40.09,0.0,122,50
2025-12-09,P002,Slim Jeans,Clothing,Düsseldorf,32,13,54.94,1758.21,53,37
2025-12-09,P002,Slim Jeans,Clothing,Essen,11,5,27.62,303.84,123,53
2025-12-09,P002,Slim Jeans,Clothing,Köln,20,14,53.77,1075.4,30,31
2025-12-09,P002,Slim Jeans,Clothing,München,19,13,53.08,1008.5,110,45
2025-12-09,P002,Slim Jeans,Clothing,Berlin,15,11,25.82,387.23,130,41
2025-12-09,P003,Summer Dress,Clothing,Düsseldorf,18,7,60.16,1082.97,69,54
2025-12-09,P003,Summer Dress,Clothing,Essen,24,17,79.77,1914.37,64,55
2025-12-09,P003,Summer Dress,Clothing,Köln,26,14,61.76,1605.81,41,34
2025-12-09,P003,Summer Dress,Clothing,München,22,17,33.55,738.01,97,37
2025-12-09,P003,Summer Dress,Clothing,Berlin,22,11,61.59,1355.04,87,26
2025-12-09,P004,Sneakers,Shoes,Düsseldorf,29,21,120.87,3505.16,90,43
2025-12-09,P004,Sneakers,Shoes,Essen,26,17,77.07,2003.75,14,49
2025-12-09,P004,Sneakers,Shoes,Köln,17,9,121.17,2059.86,68,30
2025-12-09,P004,Sneakers,Shoes,München,9,4,96.25,866.21,140,51
2025-12-09,P004,Sneakers,Shoes,Berlin,27,11,131.12,3540.14,78,33
2025-12-09,P005,Leather Boots,Shoes,Düsseldorf,10,4,78.19,781.93,110,49
2025-12-09,P005,Leather Boots,Shoes,Essen,23,18,126.36,2906.3,46,25
2025-12-09,P005,Leather Boots,Shoes,Köln,34,25,96.88,3293.98,108,42
2025-12-09,P005,Leather Boots,Shoes,München,23,11,75.79,1743.26,60,31
2025-12-09,P005,Leather Boots,Shoes,Berlin,25,13,108.97,2724.32,99,50
2025-12-09,P006,Handbag,Accessories,Düsseldorf,15,6,58.33,874.9,91,59
2025-12-09,P006,Handbag,Accessories,Essen,32,13,47.15,1508.9,89,30
2025-12-09,P006,Handbag,Accessories,Köln,14,9,17.58,246.15,72,56
2025-12-09,P006,Handbag,Accessories,München,28,23,71.89,2012.83,69,52
2025-12-09,P006,Handbag,Accessories,Berlin,39,16,41.33,1611.75,23,37
2025-12-09,P007,Belt,Accessories,Düsseldorf,17,7,32.32,549.46,104,38
2025-12-09,P007,Belt,Accessories,Essen,29,16,16.3,472.63,36,53
2025-12-09,P007,Belt,Accessories,Köln,39,18,36.07,1406.9,93,31
2025-12-09,P007,Belt,Accessories,München,7,5,26.48,185.35,111,58
2025-12-09,P007,Belt,Accessories,Berlin,4,1,62.1,248.4,108,30
2025-12-09,P008,Winter Jacket,Outerwear,Düsseldorf,30,19,179.76,5392.93,79,45
2025-12-09,P008,Winter Jacket,Outerwear,Essen,23,12,172.59,3969.58,52,32
2025-12-09,P008,Winter Jacket,Outerwear,Köln,4,2,134.6,538.41,130,52
2025-12-09,P008,Winter Jacket,Outerwear,München,22,13,192.6,4237.12,112,40
2025-12-09,P008,Winter Jacket,Outerwear,Berlin,32,23,130.05,4161.46,81,40
2025-12-09,P009,Blazer,Outerwear,Düsseldorf,16,7,215.16,3442.52,73,31
2025-12-09,P009,Blazer,Outerwear,Essen,22,18,117.6,2587.23,77,42
2025-12-09,P009,Blazer,Outerwear,Köln,17,9,111.01,1887.23,90,47
2025-12-09,P009,Blazer,Outerwear,München,7,3,136.4,954.83,149,35
2025-12-09,P009,Blazer,Outerwear,Berlin,10,4,185.39,1853.93,90,49
2025-12-09,P010,Sports Hoodie,Sportswear,Düsseldorf,27,21,119.38,3223.39,100,38
2025-12-09,P010,Sports Hoodie,Sportswear,Essen,26,11,87.28,2269.24,85,56
2025-12-09,P010,Sports Hoodie,Sportswear,Köln,34,22,66.83,2272.3,86,27
2025-12-09,P010,Sports Hoodie,Sportswear,München,39,21,53.85,2100.27,38,58
2025-12-09,P010,Sports Hoodie,Sportswear,Berlin,30,15,50.5,1515.0,71,58
2025-12-10,P001,Basic T-Shirt,Clothing,Düsseldorf,44,38,32.21,1417.33,0,32
2025-12-10,P001,Basic T-Shirt,Clothing,Essen,31,17,30.65,950.12,86,26
2025-12-10,P001,Basic T-Shirt,Clothing,Köln,7,3,28.62,200.35,98,35
2025-12-10,P001,Basic T-Shirt,Clothing,München,16,9,55.13,882.07,122,57
2025-12-10,P001,Basic T-Shirt,Clothing,Berlin,14,5,40.99,573.87,40,39
2025-12-10,P002,Slim Jeans,Clothing,Düsseldorf,33,14,68.36,2255.82,63,57
2025-12-10,P002,Slim Jeans,Clothing,Essen,23,9,49.74,1144.09,94,36
2025-12-10,P002,Slim Jeans,Clothing,Köln,22,12,41.36,909.88,75,32
2025-12-10,P002,Slim Jeans,Clothing,München,16,9,24.8,396.78,101,26
2025-12-10,P002,Slim Jeans,Clothing,Berlin,29,21,65.64,1903.55,67,41
2025-12-10,P003,Summer Dress,Clothing,Düsseldorf,20,15,32.8,656.04,116,54
2025-12-10,P003,Summer Dress,Clothing,Essen,38,16,24.21,919.87,25,46
2025-12-10,P003,Summer Dress,Clothing,Köln,29,12,40.35,1170.15,84,50
2025-12-10,P003,Summer Dress,Clothing,München,35,14,48.31,1690.69,115,41
2025-12-10,P003,Summer Dress,Clothing,Berlin,5,2,39.41,197.05,144,30
2025-12-10,P004,Sneakers,Shoes,Düsseldorf,20,9,78.2,1564.0,61,31
2025-12-10,P004,Sneakers,Shoes,Essen,17,8,125.94,2141.03,116,30
2025-12-10,P004,Sneakers,Shoes,Köln,23,11,103.42,2378.77,59,42
2025-12-10,P004,Sneakers,Shoes,München,21,14,142.02,2982.41,73,49
2025-12-10,P004,Sneakers,Shoes,Berlin,8,3,54.49,435.9,121,38
2025-12-10,P005,Leather Boots,Shoes,Düsseldorf,18,8,73.88,1329.78,98,45
2025-12-10,P005,Leather Boots,Shoes,Essen,24,10,141.71,3401.04,105,35
2025-12-10,P005,Leather Boots,Shoes,Köln,18,8,108.51,1953.22,55,30
2025-12-10,P005,Leather Boots,Shoes,München,10,5,89.55,895.48,70,32
2025-12-10,P005,Leather Boots,Shoes,Berlin,22,11,65.81,1447.88,104,38
2025-12-10,P006,Handbag,Accessories,Düsseldorf,8,3,16.66,133.28,100,36
2025-12-10,P006,Handbag,Accessories,Essen,23,20,70.5,1621.6,93,38
2025-12-10,P006,Handbag,Accessories,Köln,10,7,76.8,768.04,129,32
2025-12-10,P006,Handbag,Accessories,München,7,3,88.4,618.83,86,46
2025-12-10,P006,Handbag,Accessories,Berlin,3,1,63.01,189.03,129,29
2025-12-10,P007,Belt,Accessories,Düsseldorf,33,14,70.64,2331.06,54,33
2025-12-10,P007,Belt,Accessories,Essen,32,23,66.66,2132.97,39,46
2025-12-10,P007,Belt,Accessories,Köln,14,6,69.18,968.56,128,38
2025-12-10,P007,Belt,Accessories,München,21,15,55.51,1165.67,101,41
2025-12-10,P007,Belt,Accessories,Berlin,15,7,68.55,1028.29,119,29
2025-12-10,P008,Winter Jacket,Outerwear,Düsseldorf,43,28,166.35,7153.24,42,34
2025-12-10,P008,Winter Jacket,Outerwear,Essen,27,16,151.07,4078.87,84,31
2025-12-10,P008,Winter Jacket,Outerwear,Köln,22,10,134.85,2966.66,66,36
2025-12-10,P008,Winter Jacket,Outerwear,München,8,3,152.44,1219.52,65,32
2025-12-10,P008,Winter Jacket,Outerwear,Berlin,14,6,130.09,1821.26,90,47
2025-12-10,P009,Blazer,Outerwear,Düsseldorf,6,4,150.7,904.22,144,58
2025-12-10,P009,Blazer,Outerwear,Essen,23,10,189.79,4365.08,123,37
2025-12-10,P009,Blazer,Outerwear,Köln,37,16,167.5,6197.64,80,45
2025-12-10,P009,Blazer,Outerwear,München,31,25,202.09,6264.94,70,47
2025-12-10,P009,Blazer,Outerwear,Berlin,38,29,98.96,3760.43,15,25
2025-12-10,P010,Sports Hoodie,Sportswear,Düsseldorf,16,9,59.33,949.28,72,43
2025-12-10,P010,Sports Hoodie,Sportswear,Essen,6,2,110.37,662.22,119,50
2025-12-10,P010,Sports Hoodie,Sportswear,Köln,44,19,72.76,3201.31,62,51
2025-12-10,P010,Sports Hoodie,Sportswear,München,27,14,67.79,1830.29,97,26
2025-12-10,P010,Sports Hoodie,Sportswear,Berlin,4,2,89.05,356.2,127,49
2025-12-11,P001,Basic T-Shirt,Clothing,Düsseldorf,27,18,26.49,715.33,40,32
2025-12-11,P001,Basic T-Shirt,Clothing,Essen,4,2,46.31,185.23,98,39
2025-12-11,P001,Basic T-Shirt,Clothing,Köln,26,10,60.32,1568.23,70,28
2025-12-11,P001,Basic T-Shirt,Clothing,München,15,8,48.86,732.88,102,34
2025-12-11,P001,Basic T-Shirt,Clothing,Berlin,34,15,48.58,1651.73,38,36
2025-12-11,P002,Slim Jeans,Clothing,Düsseldorf,31,24,21.41,663.63,57,59
2025-12-11,P002,Slim Jeans,Clothing,Essen,1,1,73.97,73.97,124,27
2025-12-11,P002,Slim Jeans,Clothing,Köln,4,3,23.34,93.36,132,37
2025-12-11,P002,Slim Jeans,Clothing,München,37,24,49.55,1833.4,90,47
2025-12-11,P002,Slim Jeans,Clothing,Berlin,28,16,39.63,1109.73,59,39
2025-12-11,P003,Summer Dress,Clothing,Düsseldorf,3,2,65.92,197.76,102,32
2025-12-11,P003,Summer Dress,Clothing,Essen,7,2,24.6,172.18,127,40
2025-12-11,P003,Summer Dress,Clothing,Köln,10,6,25.29,252.88,109,37
2025-12-11,P003,Summer Dress,Clothing,München,34,27,46.69,1587.4,41,57
2025-12-11,P003,Summer Dress,Clothing,Berlin,6,2,40.44,242.64,131,31
2025-12-11,P004,Sneakers,Shoes,Düsseldorf,14,6,105.5,1477.01,66,32
2025-12-11,P004,Sneakers,Shoes,Essen,16,7,111.62,1785.96,113,31
2025-12-11,P004,Sneakers,Shoes,Köln,32,22,126.58,4050.51,58,56
2025-12-11,P004,Sneakers,Shoes,München,39,26,119.39,4656.13,80,51
2025-12-11,P004,Sneakers,Shoes,Berlin,8,5,90.66,725.3,127,33
2025-12-11,P005,Leather Boots,Shoes,Düsseldorf,22,18,61.35,1349.64,67,26
2025-12-11,P005,Leather Boots,Shoes,Essen,25,13,113.27,2831.74,47,36
2025-12-11,P005,Leather Boots,Shoes,Köln,21,10,52.95,1111.9,94,31
2025-12-11,P005,Leather Boots,Shoes,München,30,24,83.91,2517.39,80,46
2025-12-11,P005,Leather Boots,Shoes,Berlin,9,6,118.69,1068.23,30,46
2025-12-11,P006,Handbag,Accessories,Düsseldorf,19,10,72.03,1368.62,95,53
2025-12-11,P006,Handbag,Accessories,Essen,13,7,93.57,1216.41,116,54
2025-12-11,P006,Handbag,Accessories,Köln,32,15,85.44,2733.97,95,35
2025-12-11,P006,Handbag,Accessories,München,27,21,15.08,407.08,53,38
2025-12-11,P006,Handbag,Accessories,Berlin,22,12,75.87,1669.04,28,46
2025-12-11,P007,Belt,Accessories,Düsseldorf,22,18,85.14,1873.11,65,50
2025-12-11,P007,Belt,Accessories,Essen,21,9,75.82,1592.28,40,40
2025-12-11,P007,Belt,Accessories,Köln,29,23,65.48,1898.9,85,42
2025-12-11,P007,Belt,Accessories,München,26,23,79.0,2054.09,111,40
2025-12-11,P007,Belt,Accessories,Berlin,31,17,30.23,937.14,16,26
2025-12-11,P008,Winter Jacket,Outerwear,Düsseldorf,27,13,144.91,3912.69,82,27
2025-12-11,P008,Winter Jacket,Outerwear,Essen,9,6,169.92,1529.31,86,37
2025-12-11,P008,Winter Jacket,Outerwear,Köln,15,6,130.05,1950.71,62,53
2025-12-11,P008,Winter Jacket,Outerwear,München,16,7,109.45,1751.27,120,42
2025-12-11,P008,Winter Jacket,Outerwear,Berlin,14,6,169.25,2369.5,98,44
2025-12-11,P009,Blazer,Outerwear,Düsseldorf,21,13,154.76,3250.04,130,57
2025-12-11,P009,Blazer,Outerwear,Essen,16,10,87.19,1394.99,95,42
2025-12-11,P009,Blazer,Outerwear,Köln,20,14,212.13,4242.61,67,28
2025-12-11,P009,Blazer,Outerwear,München,36,15,179.1,6447.63,95,45
2025-12-11,P009,Blazer,Outerwear,Berlin,14,6,86.15,1206.05,63,28
2025-12-11,P010,Sports Hoodie,Sportswear,Düsseldorf,25,10,117.47,2936.83,71,50
2025-12-11,P010,Sports Hoodie,Sportswear,Essen,35,15,80.64,2822.32,86,46
2025-12-11,P010,Sports Hoodie,Sportswear,Köln,25,18,55.76,1393.91,69,27
2025-12-11,P010,Sports Hoodie,Sportswear,München,12,7,41.89,502.73,93,45
2025-12-11,P010,Sports Hoodie,Sportswear,Berlin,34,24,52.44,1782.84,106,48
2025-12-12,P001,Basic T-Shirt,Clothing,Düsseldorf,29,13,53.61,1554.82,88,51
2025-12-12,P001,Basic T-Shirt,Clothing,Essen,11,5,47.32,520.51,121,54
2025-12-12,P001,Basic T-Shirt,Clothing,Köln,3,1,63.3,189.9,108,56
2025-12-12,P001,Basic T-Shirt,Clothing,München,19,10,59.59,1132.2,83,25
2025-12-12,P001,Basic T-Shirt,Clothing,Berlin,12,4,50.38,604.59,87,34
2025-12-12,P002,Slim Jeans,Clothing,Düsseldorf,28,19,71.58,2004.24,83,31
2025-12-12,P002,Slim Jeans,Clothing,Essen,16,10,27.96,447.34,109,50
2025-12-12,P002,Slim Jeans,Clothing,Köln,11,5,36.1,397.07,76,33
2025-12-12,P002,Slim Jeans,Clothing,München,3,1,61.28,183.83,137,28
2025-12-12,P002,Slim Jeans,Clothing,Berlin,15,7,33.3,499.48,96,33
2025-12-12,P003,Summer Dress,Clothing,Düsseldorf,38,25,63.94,2429.65,94,32
2025-12-12,P003,Summer Dress,Clothing,Essen,24,20,31.11,746.7,103,41
2025-12-12,P003,Summer Dress,Clothing,Köln,19,10,76.27,1449.19,69,41
2025-12-12,P003,Summer Dress,Clothing,München,36,17,20.9,752.32,24,59
2025-12-12,P003,Summer Dress,Clothing,Berlin,13,8,78.29,1017.76,82,37
2025-12-12,P004,Sneakers,Shoes,Düsseldorf,9,4,79.34,714.06,108,39
2025-12-12,P004,Sneakers,Shoes,Essen,17,10,148.0,2515.98,122,26
2025-12-12,P004,Sneakers,Shoes,Köln,39,24,141.64,5524.05,37,56
2025-12-12,P004,Sneakers,Shoes,München,30,16,90.68,2720.43,49,31
2025-12-12,P004,Sneakers,Shoes,Berlin,21,9,57.85,1214.91,93,57
2025-12-12,P005,Leather Boots,Shoes,Düsseldorf,20,9,53.45,1069.01,123,56
2025-12-12,P005,Leather Boots,Shoes,Essen,28,14,87.22,2442.29,82,46
2025-12-12,P005,Leather Boots,Shoes,Köln,14,10,77.9,1090.55,75,42
2025-12-12,P005,Leather Boots,Shoes,München,25,15,117.98,2949.55,89,36
2025-12-12,P005,Leather Boots,Shoes,Berlin,30,26,141.03,4230.82,88,40
2025-12-12,P006,Handbag,Accessories,Düsseldorf,11,7,95.57,1051.23,144,37
2025-12-12,P006,Handbag,Accessories,Essen,31,14,64.21,1990.5,63,57
2025-12-12,P006,Handbag,Accessories,Köln,5,3,22.03,110.16,125,56
2025-12-12,P006,Handbag,Accessories,München,34,18,54.97,1869.12,47,50
2025-12-12,P006,Handbag,Accessories,Berlin,28,12,83.14,2327.82,112,51
2025-12-12,P007,Belt,Accessories,Düsseldorf,19,8,40.82,775.53,72,39
2025-12-12,P007,Belt,Accessories,Essen,17,8,48.38,822.46,106,52
2025-12-12,P007,Belt,Accessories,Köln,23,13,84.34,1939.93,101,53
2025-12-12,P007,Belt,Accessories,München,5,2,29.97,149.87,100,33
2025-12-12,P007,Belt,Accessories,Berlin,18,9,76.97,1385.42,110,35
2025-12-12,P008,Winter Jacket,Outerwear,Düsseldorf,33,25,81.15,2677.99,59,37
2025-12-12,P008,Winter Jacket,Outerwear,Essen,27,11,166.28,4489.5,88,43
2025-12-12,P008,Winter Jacket,Outerwear,Köln,24,12,81.62,1958.88,65,32
2025-12-12,P008,Winter Jacket,Outerwear,München,9,6,145.21,1306.87,101,58
2025-12-12,P008,Winter Jacket,Outerwear,Berlin,23,11,100.74,2316.99,64,37
2025-12-12,P009,Blazer,Outerwear,Düsseldorf,34,22,122.52,4165.71,69,58
2025-12-12,P009,Blazer,Outerwear,Essen,20,11,165.72,3314.47,142,41
2025-12-12,P009,Blazer,Outerwear,Köln,22,10,133.6,2939.1,75,41
2025-12-12,P009,Blazer,Outerwear,München,27,14,111.16,3001.44,87,27
2025-12-12,P009,Blazer,Outerwear,Berlin,4,3,93.19,372.78,95,30
2025-12-12,P010,Sports Hoodie,Sportswear,Düsseldorf,33,17,106.21,3504.95,63,52
2025-12-12,P010,Sports Hoodie,Sportswear,Essen,12,5,104.46,1253.57,98,55
2025-12-12,P010,Sports Hoodie,Sportswear,Köln,29,12,110.47,3203.62,51,49
2025-12-12,P010,Sports Hoodie,Sportswear,München,34,23,67.53,2296.19,62,40
2025-12-12,P010,Sports Hoodie,Sportswear,Berlin,19,12,67.66,1285.54,115,32
2025-12-13,P001,Basic T-Shirt,Clothing,Düsseldorf,30,14,33.65,1009.48,74,35
2025-12-13,P001,Basic T-Shirt,Clothing,Essen,6,4,44.66,267.93,60,55
2025-12-13,P001,Basic T-Shirt,Clothing,Köln,37,17,38.07,1408.72,40,45
2025-12-13,P001,Basic T-Shirt,Clothing,München,32,15,55.88,1788.02,47,40
2025-12-13,P001,Basic T-Shirt,Clothing,Berlin,12,4,50.31,603.76,145,53
2025-12-13,P002,Slim Jeans,Clothing,Düsseldorf,6,2,62.32,373.94,111,53
2025-12-13,P002,Slim Jeans,Clothing,Essen,12,6,31.62,379.49,118,30
2025-12-13,P002,Slim Jeans,Clothing,Köln,20,12,45.14,902.89,73,43
2025-12-13,P002,Slim Jeans,Clothing,München,7,2,65.0,455.03,110,58
2025-12-13,P002,Slim Jeans,Clothing,Berlin,16,7,50.08,801.34,91,25
2025-12-13,P003,Summer Dress,Clothing,Düsseldorf,6,4,38.61,231.65,94,51
2025-12-13,P003,Summer Dress,Clothing,Essen,30,14,68.02,2040.74,61,57
2025-12-13,P003,Summer Dress,Clothing,Köln,32,16,77.33,2474.59,84,26
2025-12-13,P003,Summer Dress,Clothing,München,29,19,70.74,2051.39,73,38
2025-12-13,P003,Summer Dress,Clothing,Berlin,15,12,74.5,1117.43,104,48
2025-12-13,P004,Sneakers,Shoes,Düsseldorf,3,1,92.28,276.83,118,50
2025-12-13,P004,Sneakers,Shoes,Essen,5,3,121.21,606.03,72,49
2025-12-13,P004,Sneakers,Shoes,Köln,23,9,146.85,3377.58,45,38
2025-12-13,P004,Sneakers,Shoes,München,6,4,118.92,713.54,185,50
2025-12-13,P004,Sneakers,Shoes,Berlin,16,9,138.78,2220.41,76,52
2025-12-13,P005,Leather Boots,Shoes,Düsseldorf,27,14,147.06,3970.62,65,59
2025-12-13,P005,Leather Boots,Shoes,Essen,24,15,84.64,2031.44,106,56
2025-12-13,P005,Leather Boots,Shoes,Köln,34,16,104.54,3554.23,93,48
2025-12-13,P005,Leather Boots,Shoes,München,28,18,65.89,1844.79,77,46
2025-12-13,P005,Leather Boots,Shoes,Berlin,13,5,128.52,1670.76,109,26
2025-12-13,P006,Handbag,Accessories,Düsseldorf,41,18,66.09,2709.58,7,28
2025-12-13,P006,Handbag,Accessories,Essen,14,8,99.15,1388.08,90,50
2025-12-13,P006,Handbag,Accessories,Köln,20,13,44.21,884.2,82,49
2025-12-13,P006,Handbag,Accessories,München,38,28,37.91,1440.52,53,37
2025-12-13,P006,Handbag,Accessories,Berlin,13,5,46.36,602.62,101,58
2025-12-13,P007,Belt,Accessories,Düsseldorf,28,23,75.68,2119.12,83,51
2025-12-13,P007,Belt,Accessories,Essen,18,16,35.81,644.53,74,36
2025-12-13,P007,Belt,Accessories,Köln,11,6,66.01,726.13,106,58
2025-12-13,P007,Belt,Accessories,München,32,14,20.6,659.33,50,45
2025-12-13,P007,Belt,Accessories,Berlin,17,7,83.67,1422.46,115,57
2025-12-13,P008,Winter Jacket,Outerwear,Düsseldorf,9,7,163.88,1474.89,59,45
2025-12-13,P008,Winter Jacket,Outerwear,Essen,26,15,160.35,4169.18,108,53
2025-12-13,P008,Winter Jacket,Outerwear,Köln,21,17,194.73,4089.38,115,44
2025-12-13,P008,Winter Jacket,Outerwear,München,15,9,102.3,1534.49,118,47
2025-12-13,P008,Winter Jacket,Outerwear,Berlin,12,8,126.83,1522.0,85,55
2025-12-13,P009,Blazer,Outerwear,Düsseldorf,13,8,123.41,1604.27,100,58
2025-12-13,P009,Blazer,Outerwear,Essen,11,6,120.2,1322.18,81,32
2025-12-13,P009,Blazer,Outerwear,Köln,10,5,147.46,1474.62,102,33
2025-12-13,P009,Blazer,Outerwear,München,15,9,212.84,3192.58,73,56
2025-12-13,P009,Blazer,Outerwear,Berlin,9,3,204.72,1842.48,104,52
2025-12-13,P010,Sports Hoodie,Sportswear,Düsseldorf,23,12,39.88,917.25,73,44
2025-12-13,P010,Sports Hoodie,Sportswear,Essen,15,8,85.56,1283.34,76,40
2025-12-13,P010,Sports Hoodie,Sportswear,Köln,15,8,45.11,676.67,108,25
2025-12-13,P010,Sports Hoodie,Sportswear,München,15,9,118.53,1777.92,55,34
2025-12-13,P010,Sports Hoodie,Sportswear,Berlin,23,10,95.76,2202.42,109,34
2025-12-14,P001,Basic T-Shirt,Clothing,Düsseldorf,25,20,55.34,1383.42,107,33
2025-12-14,P001,Basic T-Shirt,Clothing,Essen,32,21,20.84,666.84,59,49
2025-12-14,P001,Basic T-Shirt,Clothing,Köln,14,6,37.87,530.19,140,26
2025-12-14,P001,Basic T-Shirt,Clothing,München,10,7,72.71,727.11,90,27
2025-12-14,P001,Basic T-Shirt,Clothing,Berlin,5,2,42.13,210.66,110,51
2025-12-14,P002,Slim Jeans,Clothing,Düsseldorf,11,4,20.67,227.36,87,48
2025-12-14,P002,Slim Jeans,Clothing,Essen,10,7,51.47,514.67,86,49
2025-12-14,P002,Slim Jeans,Clothing,Köln,39,27,49.18,1918.2,44,32
2025-12-14,P002,Slim Jeans,Clothing,München,46,23,72.63,3340.95,17,34
2025-12-14,P002,Slim Jeans,Clothing,Berlin,25,21,58.79,1469.8,93,43
2025-12-14,P003,Summer Dress,Clothing,Düsseldorf,9,8,76.9,692.09,114,59
2025-12-14,P003,Summer Dress,Clothing,Essen,28,13,32.15,900.15,94,33
2025-12-14,P003,Summer Dress,Clothing,Köln,15,10,42.61,639.17,107,29
2025-12-14,P003,Summer Dress,Clothing,München,20,15,51.54,1030.82,134,40
2025-12-14,P003,Summer Dress,Clothing,Berlin,20,10,39.27,785.49,95,55
2025-12-14,P004,Sneakers,Shoes,Düsseldorf,26,12,63.47,1650.27,105,49
2025-12-14,P004,Sneakers,Shoes,Essen,4,2,146.92,587.7,100,40
2025-12-14,P004,Sneakers,Shoes,Köln,22,12,127.2,2798.32,72,29
2025-12-14,P004,Sneakers,Shoes,München,33,16,143.78,4744.83,97,29
2025-12-14,P004,Sneakers,Shoes,Berlin,20,9,105.68,2113.54,80,34
2025-12-14,P005,Leather Boots,Shoes,Düsseldorf,33,13,134.6,4441.81,55,58
2025-12-14,P005,Leather Boots,Shoes,Essen,13,6,90.51,1176.63,121,40
2025-12-14,P005,Leather Boots,Shoes,Köln,39,31,78.45,3059.71,64,54
2025-12-14,P005,Leather Boots,Shoes,München,35,19,56.62,1981.59,28,47
2025-12-14,P005,Leather Boots,Shoes,Berlin,35,31,97.38,3408.33,107,38
2025-12-14,P006,Handbag,Accessories,Düsseldorf,9,5,20.12,181.07,85,26
2025-12-14,P006,Handbag,Accessories,Essen,27,18,93.47,2523.76,72,44
2025-12-14,P006,Handbag,Accessories,Köln,37,20,19.77,731.37,22,33
2025-12-14,P006,Handbag,Accessories,München,22,19,37.15,817.24,80,43
2025-12-14,P006,Handbag,Accessories,Berlin,14,8,41.78,584.92,79,54
2025-12-14,P007,Belt,Accessories,Düsseldorf,36,16,95.46,3436.49,88,52
2025-12-14,P007,Belt,Accessories,Essen,31,26,45.34,1405.4,89,51
2025-12-14,P007,Belt,Accessories,Köln,40,18,29.87,1194.82,44,39
2025-12-14,P007,Belt,Accessories,München,13,5,65.26,848.32,60,47
2025-12-14,P007,Belt,Accessories,Berlin,7,5,54.64,382.45,101,34
2025-12-14,P008,Winter Jacket,Outerwear,Düsseldorf,21,16,144.45,3033.36,92,57
2025-12-14,P008,Winter Jacket,Outerwear,Essen,12,8,91.99,1103.86,148,54
2025-12-14,P008,Winter Jacket,Outerwear,Köln,28,17,179.82,5035.07,94,39
2025-12-14,P008,Winter Jacket,Outerwear,München,18,10,163.37,2940.61,113,29
2025-12-14,P008,Winter Jacket,Outerwear,Berlin,12,10,84.68,1016.12,122,45
2025-12-14,P009,Blazer,Outerwear,Düsseldorf,49,26,86.38,4232.47,69,43
2025-12-14,P009,Blazer,Outerwear,Essen,12,6,150.89,1810.7,119,27
2025-12-14,P009,Blazer,Outerwear,Köln,8,4,145.88,1167.06,99,48
2025-12-14,P009,Blazer,Outerwear,München,29,11,86.45,2506.94,77,59
2025-12-14,P009,Blazer,Outerwear,Berlin,32,13,145.35,4651.31,42,36
2025-12-14,P010,Sports Hoodie,Sportswear,Düsseldorf,38,23,116.09,4411.41,51,45
2025-12-14,P010,Sports Hoodie,Sportswear,Essen,27,13,59.16,1597.26,108,30
2025-12-14,P010,Sports Hoodie,Sportswear,Köln,21,15,40.48,850.0,79,38
2025-12-14,P010,Sports Hoodie,Sportswear,München,6,2,44.58,267.49,119,43
2025-12-14,P010,Sports Hoodie,Sportswear,Berlin,19,8,82.15,1560.86,102,27
2025-12-15,P001,Basic T-Shirt,Clothing,Düsseldorf,19,9,23.7,450.32,41,36
2025-12-15,P001,Basic T-Shirt,Clothing,Essen,27,19,42.34,1143.15,113,50
2025-12-15,P001,Basic T-Shirt,Clothing,Köln,9,5,52.13,469.15,87,28
2025-12-15,P001,Basic T-Shirt,Clothing,München,5,2,54.14,270.71,124,29
2025-12-15,P001,Basic T-Shirt,Clothing,Berlin,8,6,74.93,599.43,113,44
2025-12-15,P002,Slim Jeans,Clothing,Düsseldorf,25,14,70.2,1754.89,85,41
2025-12-15,P002,Slim Jeans,Clothing,Essen,27,13,61.79,1668.41,55,56
2025-12-15,P002,Slim Jeans,Clothing,Köln,22,11,70.08,1541.76,54,59
2025-12-15,P002,Slim Jeans,Clothing,München,14,8,30.26,423.65,90,30
2025-12-15,P002,Slim Jeans,Clothing,Berlin,21,12,73.82,1550.27,99,32
2025-12-15,P003,Summer Dress,Clothing,Düsseldorf,1,1,35.05,35.05,132,37
2025-12-15,P003,Summer Dress,Clothing,Essen,20,9,28.33,566.53,94,44
2025-12-15,P003,Summer Dress,Clothing,Köln,6,2,23.2,139.23,126,26
2025-12-15,P003,Summer Dress,Clothing,München,17,10,35.24,599.12,84,38
2025-12-15,P003,Summer Dress,Clothing,Berlin,4,3,21.39,85.55,117,56
2025-12-15,P004,Sneakers,Shoes,Düsseldorf,0,1,144.48,0.0,139,41
2025-12-15,P004,Sneakers,Shoes,Essen,22,17,54.67,1202.74,133,38
2025-12-15,P004,Sneakers,Shoes,Köln,18,10,81.27,1462.78,105,36
2025-12-15,P004,Sneakers,Shoes,München,36,17,61.54,2215.54,81,28
2025-12-15,P004,Sneakers,Shoes,Berlin,30,13,61.05,1831.62,85,42
2025-12-15,P005,Leather Boots,Shoes,Düsseldorf,6,2,122.9,737.41,144,40
2025-12-15,P005,Leather Boots,Shoes,Essen,11,4,77.27,849.94,85,26
2025-12-15,P005,Leather Boots,Shoes,Köln,2,1,122.47,244.94,79,55
2025-12-15,P005,Leather Boots,Shoes,München,13,6,75.39,980.05,140,32
2025-12-15,P005,Leather Boots,Shoes,Berlin,29,23,139.0,4030.89,102,38
2025-12-15,P006,Handbag,Accessories,Düsseldorf,13,5,65.54,851.98,106,57
2025-12-15,P006,Handbag,Accessories,Essen,31,17,65.1,2018.01,60,44
2025-12-15,P006,Handbag,Accessories,Köln,16,7,57.15,914.34,105,51
2025-12-15,P006,Handbag,Accessories,München,24,21,85.69,2056.55,90,53
2025-12-15,P006,Handbag,Accessories,Berlin,29,18,98.81,2865.39,48,58
2025-12-15,P007,Belt,Accessories,Düsseldorf,19,14,43.59,828.24,104,34
2025-12-15,P007,Belt,Accessories,Essen,23,13,84.94,1953.54,112,41
2025-12-15,P007,Belt,Accessories,Köln,15,6,37.36,560.39,132,58
2025-12-15,P007,Belt,Accessories,München,32,24,73.61,2355.37,33,36
2025-12-15,P007,Belt,Accessories,Berlin,21,11,90.18,1893.83,71,56
2025-12-15,P008,Winter Jacket,Outerwear,Düsseldorf,22,13,210.36,4627.88,103,27
2025-12-15,P008,Winter Jacket,Outerwear,Essen,16,7,151.01,2416.21,110,42
2025-12-15,P008,Winter Jacket,Outerwear,Köln,17,10,96.72,1644.17,55,28
2025-12-15,P008,Winter Jacket,Outerwear,München,32,18,193.41,6189.11,76,49
2025-12-15,P008,Winter Jacket,Outerwear,Berlin,25,17,186.55,4663.71,109,44
2025-12-15,P009,Blazer,Outerwear,Düsseldorf,9,5,86.51,778.59,75,25
2025-12-15,P009,Blazer,Outerwear,Essen,20,8,131.29,2625.72,87,53
2025-12-15,P009,Blazer,Outerwear,Köln,18,9,129.76,2335.76,109,38
2025-12-15,P009,Blazer,Outerwear,München,21,14,193.64,4066.44,142,54
2025-12-15,P009,Blazer,Outerwear,Berlin,25,12,178.46,4461.57,78,46
2025-12-15,P010,Sports Hoodie,Sportswear,Düsseldorf,9,5,57.63,518.67,112,56
2025-12-15,P010,Sports Hoodie,Sportswear,Essen,25,14,98.45,2461.26,92,52
2025-12-15,P010,Sports Hoodie,Sportswear,Köln,16,7,107.08,1713.28,111,52
2025-12-15,P010,Sports Hoodie,Sportswear,München,21,10,77.38,1624.89,121,34
2025-12-15,P010,Sports Hoodie,Sportswear,Berlin,25,15,119.89,2997.19,86,39
2025-12-16,P001,Basic T-Shirt,Clothing,Düsseldorf,24,9,74.83,1795.87,86,27
2025-12-16,P001,Basic T-Shirt,Clothing,Essen,17,8,33.98,577.63,84,58
2025-12-16,P001,Basic T-Shirt,Clothing,Köln,12,10,34.21,410.49,90,49
2025-12-16,P001,Basic T-Shirt,Clothing,München,22,14,36.78,809.06,54,55
2025-12-16,P001,Basic T-Shirt,Clothing,Berlin,23,14,40.73,936.9,85,58
2025-12-16,P002,Slim Jeans,Clothing,Düsseldorf,3,1,32.37,97.11,157,50
2025-12-16,P002,Slim Jeans,Clothing,Essen,9,3,35.87,322.81,138,43
2025-12-16,P002,Slim Jeans,Clothing,Köln,13,8,70.0,910.05,91,25
2025-12-16,P002,Slim Jeans,Clothing,München,15,6,71.48,1072.2,72,30
2025-12-16,P002,Slim Jeans,Clothing,Berlin,17,11,26.71,454.04,96,51
2025-12-16,P003,Summer Dress,Clothing,Düsseldorf,23,16,67.91,1561.92,100,50
2025-12-16,P003,Summer Dress,Clothing,Essen,26,11,53.7,1396.12,106,54
2025-12-16,P003,Summer Dress,Clothing,Köln,25,20,60.21,1505.3,76,26
2025-12-16,P003,Summer Dress,Clothing,München,6,4,36.67,220.02,134,59
2025-12-16,P003,Summer Dress,Clothing,Berlin,28,14,53.51,1498.23,116,51
2025-12-16,P004,Sneakers,Shoes,Düsseldorf,8,4,74.33,594.68,114,42
2025-12-16,P004,Sneakers,Shoes,Essen,24,12,113.4,2721.67,101,41
2025-12-16,P004,Sneakers,Shoes,Köln,17,7,112.61,1914.3,30,56
2025-12-16,P004,Sneakers,Shoes,München,23,9,103.2,2373.53,124,49
2025-12-16,P004,Sneakers,Shoes,Berlin,5,3,52.08,260.42,120,49
2025-12-16,P005,Leather Boots,Shoes,Düsseldorf,43,20,99.06,4259.62,29,47
2025-12-16,P005,Leather Boots,Shoes,Essen,2,1,89.8,179.59,91,41
2025-12-16,P005,Leather Boots,Shoes,Köln,29,14,119.18,3456.27,72,43
2025-12-16,P005,Leather Boots,Shoes,München,27,21,135.66,3662.74,74,51
2025-12-16,P005,Leather Boots,Shoes,Berlin,12,10,59.84,718.13,110,32
2025-12-16,P006,Handbag,Accessories,Düsseldorf,37,16,28.82,1066.47,37,55
2025-12-16,P006,Handbag,Accessories,Essen,13,8,88.06,1144.78,99,37
2025-12-16,P006,Handbag,Accessories,Köln,31,13,19.19,594.88,83,29
2025-12-16,P006,Handbag,Accessories,München,17,9,87.01,1479.14,110,48
2025-12-16,P006,Handbag,Accessories,Berlin,24,10,47.91,1149.8,63,30
2025-12-16,P007,Belt,Accessories,Düsseldorf,15,9,15.32,229.77,118,52
2025-12-16,P007,Belt,Accessories,Essen,29,25,23.54,682.59,62,31
2025-12-16,P007,Belt,Accessories,Köln,11,8,72.8,800.79,105,58
2025-12-16,P007,Belt,Accessories,München,31,15,90.3,2799.41,72,47
2025-12-16,P007,Belt,Accessories,Berlin,24,21,40.2,964.88,58,55
2025-12-16,P008,Winter Jacket,Outerwear,Düsseldorf,13,8,110.35,1434.51,121,36
2025-12-16,P008,Winter Jacket,Outerwear,Essen,4,2,190.92,763.68,130,41
2025-12-16,P008,Winter Jacket,Outerwear,Köln,19,10,205.88,3911.73,109,35
2025-12-16,P008,Winter Jacket,Outerwear,München,0,1,84.45,0.0,129,31
2025-12-16,P008,Winter Jacket,Outerwear,Berlin,0,1,172.67,0.0,107,41
2025-12-16,P009,Blazer,Outerwear,Düsseldorf,3,2,89.75,269.26,133,33
2025-12-16,P009,Blazer,Outerwear,Essen,9,4,104.81,943.28,96,55
2025-12-16,P009,Blazer,Outerwear,Köln,30,12,141.27,4237.99,50,54
2025-12-16,P009,Blazer,Outerwear,München,12,7,197.23,2366.71,111,45
2025-12-16,P009,Blazer,Outerwear,Berlin,5,3,165.87,829.37,120,32
2025-12-16,P010,Sports Hoodie,Sportswear,Düsseldorf,4,1,84.12,336.49,93,42
2025-12-16,P010,Sports Hoodie,Sportswear,Essen,30,17,92.12,2763.56,39,31
2025-12-16,P010,Sports Hoodie,Sportswear,Köln,10,4,66.27,662.73,78,38
2025-12-16,P010,Sports Hoodie,Sportswear,München,22,18,39.39,866.61,117,50
2025-12-16,P010,Sports Hoodie,Sportswear,Berlin,11,5,76.67,843.37,70,27
2025-12-17,P001,Basic T-Shirt,Clothing,Düsseldorf,29,24,69.25,2008.16,92,37
2025-12-17,P001,Basic T-Shirt,Clothing,Essen,19,7,75.44,1433.45,121,41
2025-12-17,P001,Basic T-Shirt,Clothing,Köln,34,19,63.1,2145.28,77,50
2025-12-17,P001,Basic T-Shirt,Clothing,München,0,1,30.14,0.0,134,41
2025-12-17,P001,Basic T-Shirt,Clothing,Berlin,39,17,78.63,3066.62,24,41
2025-12-17,P002,Slim Jeans,Clothing,Düsseldorf,6,2,78.2,469.23,105,46
2025-12-17,P002,Slim Jeans,Clothing,Essen,39,17,69.41,2706.88,123,36
2025-12-17,P002,Slim Jeans,Clothing,Köln,5,2,56.64,283.19,102,30
2025-12-17,P002,Slim Jeans,Clothing,München,35,17,57.08,1997.66,70,52
2025-12-17,P002,Slim Jeans,Clothing,Berlin,16,8,66.81,1068.96,62,56
2025-12-17,P003,Summer Dress,Clothing,Düsseldorf,17,11,45.86,779.54,142,58
2025-12-17,P003,Summer Dress,Clothing,Essen,25,15,60.17,1504.22,37,40
2025-12-17,P003,Summer Dress,Clothing,Köln,23,20,47.63,1095.39,82,47
2025-12-17,P003,Summer Dress,Clothing,München,18,7,26.76,481.62,109,57
2025-12-17,P003,Summer Dress,Clothing,Berlin,18,7,44.53,801.52,105,25
2025-12-17,P004,Sneakers,Shoes,Düsseldorf,2,1,55.18,110.36,125,58
2025-12-17,P004,Sneakers,Shoes,Essen,1,1,129.02,129.02,116,44
2025-12-17,P004,Sneakers,Shoes,Köln,10,6,85.54,855.45,113,45
2025-12-17,P004,Sneakers,Shoes,München,12,7,56.39,676.71,95,39
2025-12-17,P004,Sneakers,Shoes,Berlin,2,1,132.4,264.8,168,49
2025-12-17,P005,Leather Boots,Shoes,Düsseldorf,18,8,110.01,1980.22,96,59
2025-12-17,P005,Leather Boots,Shoes,Essen,25,10,57.17,1429.28,67,36
2025-12-17,P005,Leather Boots,Shoes,Köln,27,12,64.28,1735.52,88,53
2025-12-17,P005,Leather Boots,Shoes,München,22,9,107.06,2355.23,99,48
2025-12-17,P005,Leather Boots,Shoes,Berlin,33,22,86.8,2864.47,69,36
2025-12-17,P006,Handbag,Accessories,Düsseldorf,9,5,58.17,523.51,111,26
2025-12-17,P006,Handbag,Accessories,Essen,7,5,54.83,383.8,132,29
2025-12-17,P006,Handbag,Accessories,Köln,41,23,44.64,1830.22,73,54
2025-12-17,P006,Handbag,Accessories,München,30,18,19.88,596.46,123,42
2025-12-17,P006,Handbag,Accessories,Berlin,24,15,58.08,1393.84,75,44
2025-12-17,P007,Belt,Accessories,Düsseldorf,8,3,68.26,546.11,88,36
2025-12-17,P007,Belt,Accessories,Essen,31,18,54.8,1698.75,98,54
2025-12-17,P007,Belt,Accessories,Köln,11,5,54.79,602.66,72,38
2025-12-17,P007,Belt,Accessories,München,27,17,98.35,2655.38,92,29
2025-12-17,P007,Belt,Accessories,Berlin,19,16,31.44,597.31,44,29
2025-12-17,P008,Winter Jacket,Outerwear,Düsseldorf,30,23,200.56,6016.75,68,44
2025-12-17,P008,Winter Jacket,Outerwear,Essen,28,16,185.83,5203.24,42,25
2025-12-17,P008,Winter Jacket,Outerwear,Köln,12,6,98.32,1179.85,129,32
2025-12-17,P008,Winter Jacket,Outerwear,München,16,7,134.3,2148.77,71,33
2025-12-17,P008,Winter Jacket,Outerwear,Berlin,37,30,148.55,5496.36,90,42
2025-12-17,P009,Blazer,Outerwear,Düsseldorf,36,16,145.91,5252.63,14,41
2025-12-17,P009,Blazer,Outerwear,Essen,24,19,207.31,4975.45,97,45
2025-12-17,P009,Blazer,Outerwear,Köln,15,12,138.75,2081.27,113,46
2025-12-17,P009,Blazer,Outerwear,München,2,1,118.99,237.98,121,34
2025-12-17,P009,Blazer,Outerwear,Berlin,34,21,186.96,6356.63,100,45
2025-12-17,P010,Sports Hoodie,Sportswear,Düsseldorf,34,14,35.5,1207.04,62,42
2025-12-17,P010,Sports Hoodie,Sportswear,Essen,0,1,78.18,0.0,120,30
2025-12-17,P010,Sports Hoodie,Sportswear,Köln,14,8,34.65,485.09,127,36
2025-12-17,P010,Sports Hoodie,Sportswear,München,13,9,65.77,855.02,80,41
2025-12-17,P010,Sports Hoodie,Sportswear,Berlin,11,5,118.86,1307.44,129,33
2025-12-18,P001,Basic T-Shirt,Clothing,Düsseldorf,5,2,28.38,141.92,99,57
2025-12-18,P001,Basic T-Shirt,Clothing,Essen,20,12,64.57,1291.33,74,31
2025-12-18,P001,Basic T-Shirt,Clothing,Köln,13,5,74.96,974.44,97,29
2025-12-18,P001,Basic T-Shirt,Clothing,München,18,9,27.25,490.51,94,47
2025-12-18,P001,Basic T-Shirt,Clothing,Berlin,15,6,77.05,1155.78,109,41
2025-12-18,P002,Slim Jeans,Clothing,Düsseldorf,20,14,65.0,1300.02,84,29
2025-12-18,P002,Slim Jeans,Clothing,Essen,14,9,60.19,842.66,125,29
2025-12-18,P002,Slim Jeans,Clothing,Köln,22,11,78.48,1726.59,74,27
2025-12-18,P002,Slim Jeans,Clothing,München,29,14,45.16,1309.74,20,45
2025-12-18,P002,Slim Jeans,Clothing,Berlin,37,27,61.7,2282.99,41,29
2025-12-18,P003,Summer Dress,Clothing,Düsseldorf,16,13,69.43,1110.85,93,38
2025-12-18,P003,Summer Dress,Clothing,Essen,8,4,55.57,444.53,119,47
2025-12-18,P003,Summer Dress,Clothing,Köln,10,7,77.69,776.86,100,44
2025-12-18,P003,Summer Dress,Clothing,München,15,7,41.15,617.23,90,27
2025-12-18,P003,Summer Dress,Clothing,Berlin,16,9,36.24,579.89,85,25
2025-12-18,P004,Sneakers,Shoes,Düsseldorf,6,2,137.68,826.11,113,54
2025-12-18,P004,Sneakers,Shoes,Essen,22,13,102.01,2244.2,58,45
2025-12-18,P004,Sneakers,Shoes,Köln,7,3,105.68,739.78,140,44
2025-12-18,P004,Sneakers,Shoes,München,12,9,100.16,1201.89,125,34
2025-12-18,P004,Sneakers,Shoes,Berlin,17,10,115.99,1971.87,91,25
2025-12-18,P005,Leather Boots,Shoes,Düsseldorf,7,3,134.78,943.45,123,32
2025-12-18,P005,Leather Boots,Shoes,Essen,36,22,90.23,3248.18,20,30
2025-12-18,P005,Leather Boots,Shoes,Köln,29,25,141.81,4112.52,110,51
2025-12-18,P005,Leather Boots,Shoes,München,28,14,103.37,2894.42,112,32
2025-12-18,P005,Leather Boots,Shoes,Berlin,17,12,125.57,2134.66,64,37
2025-12-18,P006,Handbag,Accessories,Düsseldorf,14,5,39.85,557.87,78,47
2025-12-18,P006,Handbag,Accessories,Essen,18,9,30.35,546.36,135,27
2025-12-18,P006,Handbag,Accessories,Köln,15,7,84.28,1264.13,113,25
2025-12-18,P006,Handbag,Accessories,München,27,11,93.28,2518.43,94,39
2025-12-18,P006,Handbag,Accessories,Berlin,25,15,94.92,2373.0,83,56
2025-12-18,P007,Belt,Accessories,Düsseldorf,15,11,98.35,1475.19,110,39
2025-12-18,P007,Belt,Accessories,Essen,29,20,79.9,2317.15,104,55
2025-12-18,P007,Belt,Accessories,Köln,19,15,51.77,983.61,131,34
2025-12-18,P007,Belt,Accessories,München,25,12,72.29,1807.13,36,57
2025-12-18,P007,Belt,Accessories,Berlin,19,10,51.21,972.99,67,50
2025-12-18,P008,Winter Jacket,Outerwear,Düsseldorf,15,9,118.6,1779.03,84,48
2025-12-18,P008,Winter Jacket,Outerwear,Essen,22,9,174.42,3837.28,45,48
2025-12-18,P008,Winter Jacket,Outerwear,Köln,28,20,212.23,5942.39,90,52
2025-12-18,P008,Winter Jacket,Outerwear,München,28,19,163.5,4578.07,64,44
2025-12-18,P008,Winter Jacket,Outerwear,Berlin,22,13,216.83,4770.36,95,26
2025-12-18,P009,Blazer,Outerwear,Düsseldorf,33,24,207.27,6839.77,53,25
2025-12-18,P009,Blazer,Outerwear,Essen,18,7,126.33,2273.89,94,59
2025-12-18,P009,Blazer,Outerwear,Köln,31,16,83.13,2576.99,76,47
2025-12-18,P009,Blazer,Outerwear,München,23,9,171.53,3945.23,58,43
2025-12-18,P009,Blazer,Outerwear,Berlin,14,6,212.21,2970.89,62,48
2025-12-18,P010,Sports Hoodie,Sportswear,Düsseldorf,20,13,77.72,1554.39,112,39
2025-12-18,P010,Sports Hoodie,Sportswear,Essen,4,1,78.33,313.32,140,26
2025-12-18,P010,Sports Hoodie,Sportswear,Köln,19,8,96.08,1825.51,139,43
2025-12-18,P010,Sports Hoodie,Sportswear,München,32,13,75.38,2412.03,25,46
2025-12-18,P010,Sports Hoodie,Sportswear,Berlin,23,14,75.73,1741.89,80,41
2025-12-19,P001,Basic T-Shirt,Clothing,Düsseldorf,29,14,38.38,1113.16,80,38
2025-12-19,P001,Basic T-Shirt,Clothing,Essen,23,10,24.72,568.62,111,40
2025-12-19,P001,Basic T-Shirt,Clothing,Köln,30,25,34.04,1021.34,98,58
2025-12-19,P001,Basic T-Shirt,Clothing,München,19,15,34.22,650.1,96,41
2025-12-19,P001,Basic T-Shirt,Clothing,Berlin,12,6,40.16,481.98,131,56
2025-12-19,P002,Slim Jeans,Clothing,Düsseldorf,13,6,35.94,467.28,83,43
2025-12-19,P002,Slim Jeans,Clothing,Essen,34,14,54.87,1865.62,92,42
2025-12-19,P002,Slim Jeans,Clothing,Köln,40,25,75.94,3037.53,53,50
2025-12-19,P002,Slim Jeans,Clothing,München,31,16,77.41,2399.81,35,27
2025-12-19,P002,Slim Jeans,Clothing,Berlin,29,14,25.57,741.55,108,28
2025-12-19,P003,Summer Dress,Clothing,Düsseldorf,9,6,21.2,190.82,73,50
2025-12-19,P003,Summer Dress,Clothing,Essen,29,12,46.24,1340.9,71,59
2025-12-19,P003,Summer Dress,Clothing,Köln,3,1,39.57,118.71,113,53
2025-12-19,P003,Summer Dress,Clothing,München,19,9,43.57,827.74,111,27
2025-12-19,P003,Summer Dress,Clothing,Berlin,14,6,45.84,641.8,103,55
2025-12-19,P004,Sneakers,Shoes,Düsseldorf,18,13,85.62,1541.1,71,53
2025-12-19,P004,Sneakers,Shoes,Essen,11,4,73.26,805.89,139,58
2025-12-19,P004,Sneakers,Shoes,Köln,24,11,86.06,2065.4,89,26
2025-12-19,P004,Sneakers,Shoes,München,1,1,143.8,143.8,75,34
2025-12-19,P004,Sneakers,Shoes,Berlin,17,7,84.49,1436.29,39,45
2025-12-19,P005,Leather Boots,Shoes,Düsseldorf,25,14,57.14,1428.6,107,37
2025-12-19,P005,Leather Boots,Shoes,Essen,15,7,88.4,1325.94,121,34
2025-12-19,P005,Leather Boots,Shoes,Köln,32,21,92.11,2947.43,71,33
2025-12-19,P005,Leather Boots,Shoes,München,28,14,125.49,3513.81,60,50
2025-12-19,P005,Leather Boots,Shoes,Berlin,31,20,56.56,1753.33,31,32
2025-12-19,P006,Handbag,Accessories,Düsseldorf,24,13,52.88,1269.07,112,35
2025-12-19,P006,Handbag,Accessories,Essen,21,18,63.64,1336.5,27,43
2025-12-19,P006,Handbag,Accessories,Köln,28,11,38.75,1085.06,104,31
2025-12-19,P006,Handbag,Accessories,München,15,8,93.82,1407.35,86,28
2025-12-19,P006,Handbag,Accessories,Berlin,17,12,42.24,718.05,110,44
2025-12-19,P007,Belt,Accessories,Düsseldorf,31,12,97.13,3011.08,37,34
2025-12-19,P007,Belt,Accessories,Essen,13,5,89.32,1161.1,111,49
2025-12-19,P007,Belt,Accessories,Köln,8,3,18.8,150.4,132,54
2025-12-19,P007,Belt,Accessories,München,15,7,44.59,668.8,107,46
2025-12-19,P007,Belt,Accessories,Berlin,24,13,64.65,1551.69,118,31
2025-12-19,P008,Winter Jacket,Outerwear,Düsseldorf,25,13,84.17,2104.23,44,47
2025-12-19,P008,Winter Jacket,Outerwear,Essen,19,8,98.65,1874.38,42,42
2025-12-19,P008,Winter Jacket,Outerwear,Köln,3,1,143.97,431.9,96,28
2025-12-19,P008,Winter Jacket,Outerwear,München,16,11,132.94,2127.07,60,40
2025-12-19,P008,Winter Jacket,Outerwear,Berlin,33,29,95.38,3147.55,88,46
2025-12-19,P009,Blazer,Outerwear,Düsseldorf,16,14,138.5,2215.97,122,55
2025-12-19,P009,Blazer,Outerwear,Essen,25,20,111.07,2776.7,105,30
2025-12-19,P009,Blazer,Outerwear,Köln,13,5,149.9,1948.66,96,56
2025-12-19,P009,Blazer,Outerwear,München,13,8,89.87,1168.37,102,28
2025-12-19,P009,Blazer,Outerwear,Berlin,22,8,184.25,4053.49,50,33
2025-12-19,P010,Sports Hoodie,Sportswear,Düsseldorf,3,2,92.77,278.32,122,42
2025-12-19,P010,Sports Hoodie,Sportswear,Essen,18,15,74.14,1334.58,105,38
2025-12-19,P010,Sports Hoodie,Sportswear,Köln,15,6,36.57,548.53,13,35
2025-12-19,P010,Sports Hoodie,Sportswear,München,26,23,114.32,2972.43,92,54
2025-12-19,P010,Sports Hoodie,Sportswear,Berlin,15,11,39.2,587.99,79,45
2025-12-20,P001,Basic T-Shirt,Clothing,Düsseldorf,15,10,63.25,948.68,87,41
2025-12-20,P001,Basic T-Shirt,Clothing,Essen,21,11,28.13,590.78,61,37
2025-12-20,P001,Basic T-Shirt,Clothing,Köln,7,3,41.85,292.95,123,58
2025-12-20,P001,Basic T-Shirt,Clothing,München,24,10,28.75,690.04,111,57
2025-12-20,P001,Basic T-Shirt,Clothing,Berlin,26,14,71.65,1862.96,60,27
2025-12-20,P002,Slim Jeans,Clothing,Düsseldorf,16,11,40.29,644.58,74,48
2025-12-20,P002,Slim Jeans,Clothing,Essen,37,31,45.66,1689.29,45,55
2025-12-20,P002,Slim Jeans,Clothing,Köln,21,9,31.97,671.32,64,39
2025-12-20,P002,Slim Jeans,Clothing,München,18,16,43.76,787.62,99,40
2025-12-20,P002,Slim Jeans,Clothing,Berlin,30,22,35.26,1057.65,44,33
2025-12-20,P003,Summer Dress,Clothing,Düsseldorf,9,5,55.94,503.45,115,55
2025-12-20,P003,Summer Dress,Clothing,Essen,20,14,60.31,1206.12,109,27
2025-12-20,P003,Summer Dress,Clothing,Köln,10,5,29.67,296.7,107,31
2025-12-20,P003,Summer Dress,Clothing,München,12,6,25.78,309.3,103,51
2025-12-20,P003,Summer Dress,Clothing,Berlin,23,15,38.35,882.01,59,36
2025-12-20,P004,Sneakers,Shoes,Düsseldorf,17,10,138.22,2349.76,120,46
2025-12-20,P004,Sneakers,Shoes,Essen,0,1,60.35,0.0,88,34
2025-12-20,P004,Sneakers,Shoes,Köln,35,18,79.22,2772.62,86,42
2025-12-20,P004,Sneakers,Shoes,München,32,27,95.09,3043.02,76,25
2025-12-20,P004,Sneakers,Shoes,Berlin,32,25,83.47,2670.9,47,58
2025-12-20,P005,Leather Boots,Shoes,Düsseldorf,29,25,146.48,4247.78,110,47
2025-12-20,P005,Leather Boots,Shoes,Essen,28,11,137.3,3844.42,53,37
2025-12-20,P005,Leather Boots,Shoes,Köln,8,4,73.87,590.98,101,40
2025-12-20,P005,Leather Boots,Shoes,München,16,10,121.52,1944.31,102,49
2025-12-20,P005,Leather Boots,Shoes,Berlin,6,2,147.47,884.84,113,30
2025-12-20,P006,Handbag,Accessories,Düsseldorf,4,2,91.13,364.53,116,57
2025-12-20,P006,Handbag,Accessories,Essen,16,7,86.15,1378.42,101,31
2025-12-20,P006,Handbag,Accessories,Köln,25,15,32.12,803.02,60,28
2025-12-20,P006,Handbag,Accessories,München,4,2,57.74,230.96,120,57
2025-12-20,P006,Handbag,Accessories,Berlin,26,20,77.64,2018.58,97,47
2025-12-20,P007,Belt,Accessories,Düsseldorf,25,13,63.87,1596.81,84,50
2025-12-20,P007,Belt,Accessories,Essen,23,13,63.82,1467.89,77,58
2025-12-20,P007,Belt,Accessories,Köln,0,1,83.2,0.0,80,47
2025-12-20,P007,Belt,Accessories,München,19,11,87.01,1653.24,65,31
2025-12-20,P007,Belt,Accessories,Berlin,42,22,30.46,1279.12,7,26
2025-12-20,P008,Winter Jacket,Outerwear,Düsseldorf,29,11,106.21,3079.95,119,54
2025-12-20,P008,Winter Jacket,Outerwear,Essen,21,11,85.78,1801.45,65,35
2025-12-20,P008,Winter Jacket,Outerwear,Köln,10,8,128.13,1281.34,70,27
2025-12-20,P008,Winter Jacket,Outerwear,München,19,15,125.29,2380.42,120,26
2025-12-20,P008,Winter Jacket,Outerwear,Berlin,0,1,182.09,0.0,156,28
2025-12-20,P009,Blazer,Outerwear,Düsseldorf,32,27,123.24,3943.62,61,48
2025-12-20,P009,Blazer,Outerwear,Essen,11,9,152.92,1682.08,117,39
2025-12-20,P009,Blazer,Outerwear,Köln,37,15,185.92,6879.2,39,58
2025-12-20,P009,Blazer,Outerwear,München,23,9,205.64,4729.65,111,34
2025-12-20,P009,Blazer,Outerwear,Berlin,8,3,194.3,1554.37,81,37
2025-12-20,P010,Sports Hoodie,Sportswear,Düsseldorf,32,16,61.25,1959.84,75,31
2025-12-20,P010,Sports Hoodie,Sportswear,Essen,12,5,74.04,888.48,100,59
2025-12-20,P010,Sports Hoodie,Sportswear,Köln,22,9,103.07,2267.65,110,36
2025-12-20,P010,Sports Hoodie,Sportswear,München,33,14,54.94,1813.17,67,27
2025-12-20,P010,Sports Hoodie,Sportswear,Berlin,33,14,88.06,2905.96,79,43
2025-12-21,P001,Basic T-Shirt,Clothing,Düsseldorf,14,8,62.29,872.02,127,33
2025-12-21,P001,Basic T-Shirt,Clothing,Essen,23,9,70.26,1615.94,92,33
2025-12-21,P001,Basic T-Shirt,Clothing,Köln,8,4,60.58,484.67,85,53
2025-12-21,P001,Basic T-Shirt,Clothing,München,34,27,37.34,1269.54,72,35
2025-12-21,P001,Basic T-Shirt,Clothing,Berlin,5,3,29.98,149.88,131,37
2025-12-21,P002,Slim Jeans,Clothing,Düsseldorf,14,5,32.23,451.26,85,25
2025-12-21,P002,Slim Jeans,Clothing,Essen,13,5,61.36,797.68,149,47
2025-12-21,P002,Slim Jeans,Clothing,Köln,9,4,68.82,619.36,125,46
2025-12-21,P002,Slim Jeans,Clothing,München,26,18,59.21,1539.56,47,33
2025-12-21,P002,Slim Jeans,Clothing,Berlin,33,20,21.18,698.98,75,58
2025-12-21,P003,Summer Dress,Clothing,Düsseldorf,10,4,27.4,273.97,106,25
2025-12-21,P003,Summer Dress,Clothing,Essen,26,10,47.49,1234.87,96,43
2025-12-21,P003,Summer Dress,Clothing,Köln,33,20,31.18,1028.94,42,25
2025-12-21,P003,Summer Dress,Clothing,München,13,5,24.54,319.0,110,56
2025-12-21,P003,Summer Dress,Clothing,Berlin,19,16,75.45,1433.63,131,43
2025-12-21,P004,Sneakers,Shoes,Düsseldorf,26,12,109.69,2851.89,87,44
2025-12-21,P004,Sneakers,Shoes,Essen,26,22,102.67,2669.39,62,36
2025-12-21,P004,Sneakers,Shoes,Köln,22,9,102.96,2265.04,84,40
2025-12-21,P004,Sneakers,Shoes,München,21,10,55.8,1171.8,66,31
2025-12-21,P004,Sneakers,Shoes,Berlin,14,7,113.33,1586.6,81,48
2025-12-21,P005,Leather Boots,Shoes,Düsseldorf,10,5,84.75,847.46,102,49
2025-12-21,P005,Leather Boots,Shoes,Essen,6,3,133.11,798.68,66,43
2025-12-21,P005,Leather Boots,Shoes,Köln,22,11,67.11,1476.33,57,44
2025-12-21,P005,Leather Boots,Shoes,München,19,7,149.3,2836.74,87,46
2025-12-21,P005,Leather Boots,Shoes,Berlin,25,13,147.34,3683.45,22,47
2025-12-21,P006,Handbag,Accessories,Düsseldorf,5,2,45.21,226.07,120,29
2025-12-21,P006,Handbag,Accessories,Essen,13,11,78.88,1025.5,104,55
2025-12-21,P006,Handbag,Accessories,Köln,39,28,99.16,3867.14,68,26
2025-12-21,P006,Handbag,Accessories,München,9,3,51.87,466.8,74,46
2025-12-21,P006,Handbag,Accessories,Berlin,5,2,85.24,426.2,111,38
2025-12-21,P007,Belt,Accessories,Düsseldorf,11,7,43.46,478.09,148,30
2025-12-21,P007,Belt,Accessories,Essen,9,4,70.6,635.44,52,36
2025-12-21,P007,Belt,Accessories,Köln,9,4,49.15,442.31,157,54
2025-12-21,P007,Belt,Accessories,München,36,22,95.02,3420.72,75,46
2025-12-21,P007,Belt,Accessories,Berlin,13,5,32.23,418.97,92,41
2025-12-21,P008,Winter Jacket,Outerwear,Düsseldorf,24,10,157.8,3787.16,88,45
2025-12-21,P008,Winter Jacket,Outerwear,Essen,3,1,199.41,598.23,98,31
2025-12-21,P008,Winter Jacket,Outerwear,Köln,33,13,129.17,4262.58,70,37
2025-12-21,P008,Winter Jacket,Outerwear,München,13,11,142.13,1847.64,116,56
2025-12-21,P008,Winter Jacket,Outerwear,Berlin,9,4,118.25,1064.24,120,38
2025-12-21,P009,Blazer,Outerwear,Düsseldorf,34,17,126.8,4311.09,73,40
2025-12-21,P009,Blazer,Outerwear,Essen,12,5,197.06,2364.67,64,39
2025-12-21,P009,Blazer,Outerwear,Köln,25,18,136.69,3417.13,69,30
2025-12-21,P009,Blazer,Outerwear,München,28,20,103.91,2909.36,16,26
2025-12-21,P009,Blazer,Outerwear,Berlin,34,25,95.43,3244.71,62,46
2025-12-21,P010,Sports Hoodie,Sportswear,Düsseldorf,9,5,47.35,426.12,118,31
2025-12-21,P010,Sports Hoodie,Sportswear,Essen,16,8,112.28,1796.46,66,44
2025-12-21,P010,Sports Hoodie,Sportswear,Köln,32,12,86.23,2759.49,61,41
2025-12-21,P010,Sports Hoodie,Sportswear,München,16,6,112.4,1798.34,69,49
2025-12-21,P010,Sports Hoodie,Sportswear,Berlin,17,11,43.59,741.08,70,29
2025-12-22,P001,Basic T-Shirt,Clothing,Düsseldorf,8,5,26.17,209.37,110,32
2025-12-22,P001,Basic T-Shirt,Clothing,Essen,34,18,26.33,895.39,23,39
2025-12-22,P001,Basic T-Shirt,Clothing,Köln,10,8,56.58,565.82,143,46
2025-12-22,P001,Basic T-Shirt,Clothing,München,11,4,53.14,584.5,114,31
2025-12-22,P001,Basic T-Shirt,Clothing,Berlin,28,21,76.19,2133.29,98,26
2025-12-22,P002,Slim Jeans,Clothing,Düsseldorf,19,10,38.54,732.17,133,45
2025-12-22,P002,Slim Jeans,Clothing,Essen,18,9,74.58,1342.44,100,48
2025-12-22,P002,Slim Jeans,Clothing,Köln,21,17,27.86,585.11,77,37
2025-12-22,P002,Slim Jeans,Clothing,München,12,5,65.19,782.31,115,44
2025-12-22,P002,Slim Jeans,Clothing,Berlin,39,23,37.81,1474.73,60,44
2025-12-22,P003,Summer Dress,Clothing,Düsseldorf,19,11,53.86,1023.42,97,57
2025-12-22,P003,Summer Dress,Clothing,Essen,30,18,32.93,987.87,92,32
2025-12-22,P003,Summer Dress,Clothing,Köln,43,27,32.57,1400.71,56,53
2025-12-22,P003,Summer Dress,Clothing,München,13,6,27.45,356.8,144,57
2025-12-22,P003,Summer Dress,Clothing,Berlin,13,6,75.86,986.2,102,33
2025-12-22,P004,Sneakers,Shoes,Düsseldorf,28,15,57.53,1610.96,73,57
2025-12-22,P004,Sneakers,Shoes,Essen,25,15,108.62,2715.55,56,25
2025-12-22,P004,Sneakers,Shoes,Köln,17,7,104.52,1776.79,96,31
2025-12-22,P004,Sneakers,Shoes,München,12,5,74.62,895.42,115,31
2025-12-22,P004,Sneakers,Shoes,Berlin,17,8,75.06,1276.1,55,38
2025-12-22,P005,Leather Boots,Shoes,Düsseldorf,19,10,127.34,2419.37,86,39
2025-12-22,P005,Leather Boots,Shoes,Essen,17,10,91.85,1561.43,99,30
2025-12-22,P005,Leather Boots,Shoes,Köln,30,12,117.39,3521.84,65,29
2025-12-22,P005,Leather Boots,Shoes,München,16,7,134.25,2147.92,96,50
2025-12-22,P005,Leather Boots,Shoes,Berlin,12,6,64.57,774.78,111,28
2025-12-22,P006,Handbag,Accessories,Düsseldorf,4,2,62.64,250.56,122,57
2025-12-22,P006,Handbag,Accessories,Essen,22,9,82.7,1819.33,87,40
2025-12-22,P006,Handbag,Accessories,Köln,20,9,36.81,736.27,109,43
2025-12-22,P006,Handbag,Accessories,München,9,4,58.48,526.31,115,53
2025-12-22,P006,Handbag,Accessories,Berlin,0,1,34.66,0.0,131,51
2025-12-22,P007,Belt,Accessories,Düsseldorf,13,8,19.71,256.29,107,59
2025-12-22,P007,Belt,Accessories,Essen,24,12,80.11,1922.55,88,59
2025-12-22,P007,Belt,Accessories,Köln,15,10,24.35,365.22,93,48
2025-12-22,P007,Belt,Accessories,München,20,12,57.76,1155.22,138,34
2025-12-22,P007,Belt,Accessories,Berlin,18,10,90.05,1620.88,78,54
2025-12-22,P008,Winter Jacket,Outerwear,Düsseldorf,31,25,164.79,5108.63,37,50
2025-12-22,P008,Winter Jacket,Outerwear,Essen,30,25,83.74,2512.11,139,59
2025-12-22,P008,Winter Jacket,Outerwear,Köln,33,29,184.19,6078.37,52,46
2025-12-22,P008,Winter Jacket,Outerwear,München,36,18,84.99,3059.8,73,55
2025-12-22,P008,Winter Jacket,Outerwear,Berlin,28,11,149.74,4192.63,81,31
2025-12-22,P009,Blazer,Outerwear,Düsseldorf,16,6,96.03,1536.4,138,51
2025-12-22,P009,Blazer,Outerwear,Essen,16,11,150.55,2408.8,79,57
2025-12-22,P009,Blazer,Outerwear,Köln,29,21,149.05,4322.37,46,37
2025-12-22,P009,Blazer,Outerwear,München,30,12,184.9,5547.02,42,40
2025-12-22,P009,Blazer,Outerwear,Berlin,26,18,152.99,3977.66,118,40
2025-12-22,P010,Sports Hoodie,Sportswear,Düsseldorf,16,7,59.04,944.58,81,49
2025-12-22,P010,Sports Hoodie,Sportswear,Essen,9,5,73.94,665.46,71,33
2025-12-22,P010,Sports Hoodie,Sportswear,Köln,31,16,35.23,1092.24,82,40
2025-12-22,P010,Sports Hoodie,Sportswear,München,30,17,117.44,3523.11,59,36
2025-12-22,P010,Sports Hoodie,Sportswear,Berlin,27,15,112.56,3039.19,55,44
2025-12-23,P001,Basic T-Shirt,Clothing,Düsseldorf,4,2,54.66,218.64,95,39
2025-12-23,P001,Basic T-Shirt,Clothing,Essen,21,11,68.48,1438.1,78,47
2025-12-23,P001,Basic T-Shirt,Clothing,Köln,24,11,75.42,1809.99,115,44
2025-12-23,P001,Basic T-Shirt,Clothing,München,25,10,24.43,610.74,70,35
2025-12-23,P001,Basic T-Shirt,Clothing,Berlin,36,18,57.36,2065.03,48,53
2025-12-23,P002,Slim Jeans,Clothing,Düsseldorf,23,14,25.23,580.37,28,45
2025-12-23,P002,Slim Jeans,Clothing,Essen,36,22,70.81,2548.99,60,51
2025-12-23,P002,Slim Jeans,Clothing,Köln,41,24,79.02,3239.63,22,42
2025-12-23,P002,Slim Jeans,Clothing,München,10,8,31.52,315.18,54,38
2025-12-23,P002,Slim Jeans,Clothing,Berlin,32,28,60.14,1924.5,8,36
2025-12-23,P003,Summer Dress,Clothing,Düsseldorf,11,5,58.33,641.66,72,40
2025-12-23,P003,Summer Dress,Clothing,Essen,26,10,40.29,1047.61,58,31
2025-12-23,P003,Summer Dress,Clothing,Köln,15,6,47.04,705.6,103,57
2025-12-23,P003,Summer Dress,Clothing,München,19,8,39.15,743.77,109,38
2025-12-23,P003,Summer Dress,Clothing,Berlin,25,14,20.24,506.04,110,39
2025-12-23,P004,Sneakers,Shoes,Düsseldorf,29,25,133.0,3856.88,87,40
2025-12-23,P004,Sneakers,Shoes,Essen,17,7,75.17,1277.97,106,34
2025-12-23,P004,Sneakers,Shoes,Köln,26,19,130.22,3385.78,100,35
2025-12-23,P004,Sneakers,Shoes,München,26,11,81.78,2126.24,58,54
2025-12-23,P004,Sneakers,Shoes,Berlin,13,6,90.04,1170.58,81,54
2025-12-23,P005,Leather Boots,Shoes,Düsseldorf,22,19,57.66,1268.49,67,47
2025-12-23,P005,Leather Boots,Shoes,Essen,19,8,129.76,2465.44,134,38
2025-12-23,P005,Leather Boots,Shoes,Köln,35,21,84.08,2942.67,76,56
2025-12-23,P005,Leather Boots,Shoes,München,27,20,136.64,3689.32,79,25
2025-12-23,P005,Leather Boots,Shoes,Berlin,7,3,113.85,796.97,86,34
2025-12-23,P006,Handbag,Accessories,Düsseldorf,14,7,44.18,618.47,152,26
2025-12-23,P006,Handbag,Accessories,Essen,16,8,73.41,1174.49,103,32
2025-12-23,P006,Handbag,Accessories,Köln,21,8,96.65,2029.67,86,34
2025-12-23,P006,Handbag,Accessories,München,28,11,30.82,862.99,92,33
2025-12-23,P006,Handbag,Accessories,Berlin,15,6,54.42,816.37,95,27
2025-12-23,P007,Belt,Accessories,Düsseldorf,31,25,75.34,2335.39,103,33
2025-12-23,P007,Belt,Accessories,Essen,28,16,70.59,1976.39,67,44
2025-12-23,P007,Belt,Accessories,Köln,37,24,16.9,625.27,93,43
2025-12-23,P007,Belt,Accessories,München,22,11,91.22,2006.93,73,30
2025-12-23,P007,Belt,Accessories,Berlin,4,2,58.77,235.09,129,56
2025-12-23,P008,Winter Jacket,Outerwear,Düsseldorf,38,17,144.87,5504.91,67,51
2025-12-23,P008,Winter Jacket,Outerwear,Essen,26,15,120.44,3131.42,96,41
2025-12-23,P008,Winter Jacket,Outerwear,Köln,17,13,96.0,1632.02,89,25
2025-12-23,P008,Winter Jacket,Outerwear,München,3,2,192.16,576.49,131,55
2025-12-23,P008,Winter Jacket,Outerwear,Berlin,24,15,129.39,3105.3,131,59
2025-12-23,P009,Blazer,Outerwear,Düsseldorf,0,1,148.63,0.0,88,37
2025-12-23,P009,Blazer,Outerwear,Essen,24,17,95.78,2298.71,46,55
2025-12-23,P009,Blazer,Outerwear,Köln,4,2,172.85,691.39,124,49
2025-12-23,P009,Blazer,Outerwear,München,20,14,197.19,3943.88,110,33
2025-12-23,P009,Blazer,Outerwear,Berlin,9,4,142.63,1283.68,50,40
2025-12-23,P010,Sports Hoodie,Sportswear,Düsseldorf,4,2,77.43,309.72,169,35
2025-12-23,P010,Sports Hoodie,Sportswear,Essen,18,8,98.37,1770.73,97,37
2025-12-23,P010,Sports Hoodie,Sportswear,Köln,7,4,37.49,262.41,98,51
2025-12-23,P010,Sports Hoodie,Sportswear,München,27,23,66.82,1804.05,98,42
2025-12-23,P010,Sports Hoodie,Sportswear,Berlin,8,4,83.63,669.04,83,41
2025-12-24,P001,Basic T-Shirt,Clothing,Düsseldorf,13,6,33.95,441.41,126,27
2025-12-24,P001,Basic T-Shirt,Clothing,Essen,23,12,31.03,713.8,71,55
2025-12-24,P001,Basic T-Shirt,Clothing,Köln,0,1,62.76,0.0,84,44
2025-12-24,P001,Basic T-Shirt,Clothing,München,15,10,38.78,581.77,93,40
2025-12-24,P001,Basic T-Shirt,Clothing,Berlin,32,16,53.11,1699.44,56,29
2025-12-24,P002,Slim Jeans,Clothing,Düsseldorf,30,21,22.87,686.07,71,31
2025-12-24,P002,Slim Jeans,Clothing,Essen,32,20,26.76,856.46,89,40
2025-12-24,P002,Slim Jeans,Clothing,Köln,1,1,68.66,68.66,113,44
2025-12-24,P002,Slim Jeans,Clothing,München,28,11,47.1,1318.75,36,51
2025-12-24,P002,Slim Jeans,Clothing,Berlin,42,30,42.37,1779.48,76,38
2025-12-24,P003,Summer Dress,Clothing,Düsseldorf,37,25,54.48,2015.71,74,28
2025-12-24,P003,Summer Dress,Clothing,Essen,9,4,61.32,551.91,106,44
2025-12-24,P003,Summer Dress,Clothing,Köln,21,16,41.94,880.71,100,37
2025-12-24,P003,Summer Dress,Clothing,München,9,3,35.14,316.24,102,54
2025-12-24,P003,Summer Dress,Clothing,Berlin,27,14,46.34,1251.2,95,29
2025-12-24,P004,Sneakers,Shoes,Düsseldorf,16,10,133.03,2128.46,122,53
2025-12-24,P004,Sneakers,Shoes,Essen,30,18,68.05,2041.45,61,57
2025-12-24,P004,Sneakers,Shoes,Köln,11,4,108.8,1196.77,89,33
2025-12-24,P004,Sneakers,Shoes,München,13,9,69.58,904.57,78,57
2025-12-24,P004,Sneakers,Shoes,Berlin,26,11,90.82,2361.3,85,48
2025-12-24,P005,Leather Boots,Shoes,Düsseldorf,9,7,65.46,589.11,105,36
2025-12-24,P005,Leather Boots,Shoes,Essen,7,4,67.26,470.85,107,37
2025-12-24,P005,Leather Boots,Shoes,Köln,6,2,73.75,442.51,95,36
2025-12-24,P005,Leather Boots,Shoes,München,26,10,58.42,1518.84,64,26
2025-12-24,P005,Leather Boots,Shoes,Berlin,14,9,126.82,1775.51,83,40
2025-12-24,P006,Handbag,Accessories,Düsseldorf,27,13,39.91,1077.69,77,41
2025-12-24,P006,Handbag,Accessories,Essen,6,2,63.21,379.25,93,38
2025-12-24,P006,Handbag,Accessories,Köln,17,8,94.71,1610.1,133,31
2025-12-24,P006,Handbag,Accessories,München,12,7,31.56,378.77,79,54
2025-12-24,P006,Handbag,Accessories,Berlin,14,7,50.05,700.66,124,37
2025-12-24,P007,Belt,Accessories,Düsseldorf,22,10,83.77,1842.86,84,27
2025-12-24,P007,Belt,Accessories,Essen,24,14,50.51,1212.35,110,31
2025-12-24,P007,Belt,Accessories,Köln,18,9,18.01,324.27,127,43
2025-12-24,P007,Belt,Accessories,München,26,12,68.1,1770.67,90,49
2025-12-24,P007,Belt,Accessories,Berlin,22,11,97.06,2135.37,75,58
2025-12-24,P008,Winter Jacket,Outerwear,Düsseldorf,15,9,166.9,2503.49,61,49
2025-12-24,P008,Winter Jacket,Outerwear,Essen,17,13,218.32,3711.46,113,42
2025-12-24,P008,Winter Jacket,Outerwear,Köln,14,5,135.01,1890.16,102,51
2025-12-24,P008,Winter Jacket,Outerwear,München,42,24,103.58,4350.27,75,56
2025-12-24,P008,Winter Jacket,Outerwear,Berlin,10,6,203.75,2037.46,91,47
2025-12-24,P009,Blazer,Outerwear,Düsseldorf,39,16,150.94,5886.65,48,25
2025-12-24,P009,Blazer,Outerwear,Essen,18,8,143.21,2577.81,82,55
2025-12-24,P009,Blazer,Outerwear,Köln,12,9,142.23,1706.78,73,50
2025-12-24,P009,Blazer,Outerwear,München,16,12,209.75,3356.07,65,51
2025-12-24,P009,Blazer,Outerwear,Berlin,28,25,125.75,3521.13,61,35
2025-12-24,P010,Sports Hoodie,Sportswear,Düsseldorf,9,6,54.05,486.42,122,37
2025-12-24,P010,Sports Hoodie,Sportswear,Essen,24,20,71.58,1717.92,100,30
2025-12-24,P010,Sports Hoodie,Sportswear,Köln,22,18,80.35,1767.62,66,51
2025-12-24,P010,Sports Hoodie,Sportswear,München,19,8,82.54,1568.2,98,26
2025-12-24,P010,Sports Hoodie,Sportswear,Berlin,24,12,65.93,1582.23,58,32
2025-12-25,P001,Basic T-Shirt,Clothing,Düsseldorf,9,3,58.73,528.59,87,30
2025-12-25,P001,Basic T-Shirt,Clothing,Essen,27,11,22.74,614.08,28,26
2025-12-25,P001,Basic T-Shirt,Clothing,Köln,37,20,53.31,1972.29,39,39
2025-12-25,P001,Basic T-Shirt,Clothing,München,31,26,52.55,1629.18,57,52
2025-12-25,P001,Basic T-Shirt,Clothing,Berlin,40,18,41.69,1667.54,43,33
2025-12-25,P002,Slim Jeans,Clothing,Düsseldorf,27,16,66.93,1807.15,89,56
2025-12-25,P002,Slim Jeans,Clothing,Essen,35,17,64.55,2259.16,74,59
2025-12-25,P002,Slim Jeans,Clothing,Köln,34,26,57.98,1971.3,111,58
2025-12-25,P002,Slim Jeans,Clothing,München,25,12,35.52,887.93,91,54
2025-12-25,P002,Slim Jeans,Clothing,Berlin,25,16,60.93,1523.3,76,54
2025-12-25,P003,Summer Dress,Clothing,Düsseldorf,30,19,49.74,1492.2,72,32
2025-12-25,P003,Summer Dress,Clothing,Essen,13,6,46.81,608.52,86,29
2025-12-25,P003,Summer Dress,Clothing,Köln,8,4,73.36,586.88,128,48
2025-12-25,P003,Summer Dress,Clothing,München,18,7,30.64,551.61,87,36
2025-12-25,P003,Summer Dress,Clothing,Berlin,37,32,44.41,1643.1,58,55
2025-12-25,P004,Sneakers,Shoes,Düsseldorf,27,12,75.44,2036.77,74,50
2025-12-25,P004,Sneakers,Shoes,Essen,2,1,65.47,130.94,113,49
2025-12-25,P004,Sneakers,Shoes,Köln,28,24,70.55,1975.51,149,39
2025-12-25,P004,Sneakers,Shoes,München,22,18,91.31,2008.72,48,46
2025-12-25,P004,Sneakers,Shoes,Berlin,20,11,137.93,2758.65,124,49
2025-12-25,P005,Leather Boots,Shoes,Düsseldorf,30,14,106.39,3191.77,99,39
2025-12-25,P005,Leather Boots,Shoes,Essen,0,1,139.24,0.0,119,33
2025-12-25,P005,Leather Boots,Shoes,Köln,15,7,80.06,1200.93,113,44
2025-12-25,P005,Leather Boots,Shoes,München,19,11,143.78,2731.81,70,57
2025-12-25,P005,Leather Boots,Shoes,Berlin,7,5,65.62,459.32,171,27
2025-12-25,P006,Handbag,Accessories,Düsseldorf,17,11,55.93,950.76,72,52
2025-12-25,P006,Handbag,Accessories,Essen,5,2,30.23,151.16,125,30
2025-12-25,P006,Handbag,Accessories,Köln,10,8,58.38,583.82,76,33
2025-12-25,P006,Handbag,Accessories,München,31,20,25.42,788.1,66,35
2025-12-25,P006,Handbag,Accessories,Berlin,6,4,65.33,391.97,159,57
2025-12-25,P007,Belt,Accessories,Düsseldorf,42,19,61.49,2582.56,32,37
2025-12-25,P007,Belt,Accessories,Essen,33,13,96.77,3193.36,66,55
2025-12-25,P007,Belt,Accessories,Köln,2,1,71.23,142.47,142,46
2025-12-25,P007,Belt,Accessories,München,9,5,59.77,537.94,77,54
2025-12-25,P007,Belt,Accessories,Berlin,27,19,49.25,1329.65,85,37
2025-12-25,P008,Winter Jacket,Outerwear,Düsseldorf,12,5,135.38,1624.58,97,57
2025-12-25,P008,Winter Jacket,Outerwear,Essen,20,13,103.09,2061.85,75,34
2025-12-25,P008,Winter Jacket,Outerwear,Köln,28,17,86.07,2409.91,106,45
2025-12-25,P008,Winter Jacket,Outerwear,München,28,24,120.74,3380.75,90,30
2025-12-25,P008,Winter Jacket,Outerwear,Berlin,43,30,128.47,5524.04,83,59
2025-12-25,P009,Blazer,Outerwear,Düsseldorf,6,4,115.67,694.05,95,27
2025-12-25,P009,Blazer,Outerwear,Essen,25,17,121.04,3025.99,40,54
2025-12-25,P009,Blazer,Outerwear,Köln,30,22,180.17,5405.0,65,46
2025-12-25,P009,Blazer,Outerwear,München,24,9,115.47,2771.35,126,39
2025-12-25,P009,Blazer,Outerwear,Berlin,33,28,143.33,4729.86,71,27
2025-12-25,P010,Sports Hoodie,Sportswear,Düsseldorf,29,18,94.65,2744.92,99,41
2025-12-25,P010,Sports Hoodie,Sportswear,Essen,21,10,113.74,2388.61,135,31
2025-12-25,P010,Sports Hoodie,Sportswear,Köln,26,13,88.81,2309.03,61,36
2025-12-25,P010,Sports Hoodie,Sportswear,München,13,8,56.0,728.06,70,49
2025-12-25,P010,Sports Hoodie,Sportswear,Berlin,18,9,82.69,1488.43,19,53
2025-12-26,P001,Basic T-Shirt,Clothing,Düsseldorf,23,15,74.97,1724.29,33,40
2025-12-26,P001,Basic T-Shirt,Clothing,Essen,13,11,57.24,744.1,63,58
2025-12-26,P001,Basic T-Shirt,Clothing,Köln,32,17,23.16,740.97,97,37
2025-12-26,P001,Basic T-Shirt,Clothing,München,18,9,51.01,918.21,124,36
2025-12-26,P001,Basic T-Shirt,Clothing,Berlin,18,9,68.49,1232.77,105,58
2025-12-26,P002,Slim Jeans,Clothing,Düsseldorf,27,12,48.68,1314.39,61,42
2025-12-26,P002,Slim Jeans,Clothing,Essen,25,13,53.86,1346.51,62,43
2025-12-26,P002,Slim Jeans,Clothing,Köln,19,12,44.02,836.35,89,30
2025-12-26,P002,Slim Jeans,Clothing,München,21,10,50.85,1067.85,92,34
2025-12-26,P002,Slim Jeans,Clothing,Berlin,12,6,50.4,604.81,89,52
2025-12-26,P003,Summer Dress,Clothing,Düsseldorf,26,16,61.2,1591.28,68,56
2025-12-26,P003,Summer Dress,Clothing,Essen,6,3,51.65,309.88,124,40
2025-12-26,P003,Summer Dress,Clothing,Köln,18,14,55.48,998.72,69,52
2025-12-26,P003,Summer Dress,Clothing,München,8,6,64.45,515.59,83,37
2025-12-26,P003,Summer Dress,Clothing,Berlin,28,11,37.42,1047.81,79,57
2025-12-26,P004,Sneakers,Shoes,Düsseldorf,23,11,81.21,1867.81,106,51
2025-12-26,P004,Sneakers,Shoes,Essen,36,18,140.11,5044.07,38,39
2025-12-26,P004,Sneakers,Shoes,Köln,27,18,126.32,3410.6,83,47
2025-12-26,P004,Sneakers,Shoes,München,16,13,50.77,812.32,62,47
2025-12-26,P004,Sneakers,Shoes,Berlin,11,6,108.6,1194.6,111,59
2025-12-26,P005,Leather Boots,Shoes,Düsseldorf,32,26,140.29,4489.32,103,29
2025-12-26,P005,Leather Boots,Shoes,Essen,27,13,138.96,3751.89,49,50
2025-12-26,P005,Leather Boots,Shoes,Köln,5,3,66.44,332.2,99,33
2025-12-26,P005,Leather Boots,Shoes,München,21,16,63.92,1342.23,54,25
2025-12-26,P005,Leather Boots,Shoes,Berlin,34,16,146.28,4973.64,79,36
2025-12-26,P006,Handbag,Accessories,Düsseldorf,27,14,21.73,586.82,68,59
2025-12-26,P006,Handbag,Accessories,Essen,17,14,67.85,1153.39,68,30
2025-12-26,P006,Handbag,Accessories,Köln,1,1,70.77,70.77,136,40
2025-12-26,P006,Handbag,Accessories,München,19,15,67.63,1284.98,117,45
2025-12-26,P006,Handbag,Accessories,Berlin,18,8,74.8,1346.33,67,57
2025-12-26,P007,Belt,Accessories,Düsseldorf,23,18,93.9,2159.72,59,34
2025-12-26,P007,Belt,Accessories,Essen,20,17,39.26,785.28,83,57
2025-12-26,P007,Belt,Accessories,Köln,21,9,61.44,1290.27,99,37
2025-12-26,P007,Belt,Accessories,München,32,23,47.33,1514.54,80,56
2025-12-26,P007,Belt,Accessories,Berlin,24,14,94.08,2257.83,59,57
2025-12-26,P008,Winter Jacket,Outerwear,Düsseldorf,22,9,205.26,4515.68,94,55
2025-12-26,P008,Winter Jacket,Outerwear,Essen,22,14,157.61,3467.44,88,53
2025-12-26,P008,Winter Jacket,Outerwear,Köln,35,17,89.21,3122.26,55,44
2025-12-26,P008,Winter Jacket,Outerwear,München,36,19,139.38,5017.76,56,47
2025-12-26,P008,Winter Jacket,Outerwear,Berlin,10,6,198.95,1989.46,123,54
2025-12-26,P009,Blazer,Outerwear,Düsseldorf,7,4,157.76,1104.33,91,54
2025-12-26,P009,Blazer,Outerwear,Essen,10,6,190.43,1904.28,92,35
2025-12-26,P009,Blazer,Outerwear,Köln,15,7,109.02,1635.36,102,46
2025-12-26,P009,Blazer,Outerwear,München,15,11,141.64,2124.61,95,51
2025-12-26,P009,Blazer,Outerwear,Berlin,22,10,111.89,2461.5,103,38
2025-12-26,P010,Sports Hoodie,Sportswear,Düsseldorf,13,6,45.52,591.77,82,59
2025-12-26,P010,Sports Hoodie,Sportswear,Essen,30,13,89.92,2697.59,112,43
2025-12-26,P010,Sports Hoodie,Sportswear,Köln,25,16,114.04,2850.96,24,48
2025-12-26,P010,Sports Hoodie,Sportswear,München,30,12,32.34,970.35,69,37
2025-12-26,P010,Sports Hoodie,Sportswear,Berlin,18,7,96.65,1739.64,61,37
2025-12-27,P001,Basic T-Shirt,Clothing,Düsseldorf,24,12,24.82,595.67,58,52
2025-12-27,P001,Basic T-Shirt,Clothing,Essen,24,13,55.78,1338.79,85,56
2025-12-27,P001,Basic T-Shirt,Clothing,Köln,22,10,65.67,1444.8,105,34
2025-12-27,P001,Basic T-Shirt,Clothing,München,22,12,32.39,712.64,75,49
2025-12-27,P001,Basic T-Shirt,Clothing,Berlin,6,4,25.8,154.8,72,50
2025-12-27,P002,Slim Jeans,Clothing,Düsseldorf,22,14,43.34,953.56,106,41
2025-12-27,P002,Slim Jeans,Clothing,Essen,28,16,49.55,1387.27,33,51
2025-12-27,P002,Slim Jeans,Clothing,Köln,21,12,26.6,558.56,127,31
2025-12-27,P002,Slim Jeans,Clothing,München,8,3,48.0,383.97,123,37
2025-12-27,P002,Slim Jeans,Clothing,Berlin,34,15,23.72,806.62,14,35
2025-12-27,P003,Summer Dress,Clothing,Düsseldorf,15,8,55.73,835.9,56,31
2025-12-27,P003,Summer Dress,Clothing,Essen,24,9,20.88,501.05,95,25
2025-12-27,P003,Summer Dress,Clothing,Köln,24,16,49.46,1186.93,77,54
2025-12-27,P003,Summer Dress,Clothing,München,7,4,20.84,145.88,93,33
2025-12-27,P003,Summer Dress,Clothing,Berlin,29,16,49.6,1438.33,32,37
2025-12-27,P004,Sneakers,Shoes,Düsseldorf,7,5,113.82,796.76,90,51
2025-12-27,P004,Sneakers,Shoes,Essen,5,3,50.71,253.57,97,40
2025-12-27,P004,Sneakers,Shoes,Köln,28,19,55.3,1548.28,67,26
2025-12-27,P004,Sneakers,Shoes,München,10,4,136.54,1365.37,123,26
2025-12-27,P004,Sneakers,Shoes,Berlin,21,9,120.4,2528.37,99,49
2025-12-27,P005,Leather Boots,Shoes,Düsseldorf,7,5,102.82,719.76,133,43
2025-12-27,P005,Leather Boots,Shoes,Essen,26,12,114.46,2975.91,80,38
2025-12-27,P005,Leather Boots,Shoes,Köln,9,5,109.98,989.86,101,43
2025-12-27,P005,Leather Boots,Shoes,München,29,22,139.65,4049.81,95,47
2025-12-27,P005,Leather Boots,Shoes,Berlin,28,11,102.89,2880.9,74,49
2025-12-27,P006,Handbag,Accessories,Düsseldorf,30,15,67.54,2026.13,59,35
2025-12-27,P006,Handbag,Accessories,Essen,37,23,48.02,1776.72,49,38
2025-12-27,P006,Handbag,Accessories,Köln,35,21,57.58,2015.36,47,40
2025-12-27,P006,Handbag,Accessories,München,28,14,15.81,442.72,72,47
2025-12-27,P006,Handbag,Accessories,Berlin,25,13,84.03,2100.78,84,39
2025-12-27,P007,Belt,Accessories,Düsseldorf,15,7,68.57,1028.49,96,29
2025-12-27,P007,Belt,Accessories,Essen,22,16,65.67,1444.7,88,34
2025-12-27,P007,Belt,Accessories,Köln,26,10,69.67,1811.39,87,44
2025-12-27,P007,Belt,Accessories,München,45,23,35.94,1617.34,50,56
2025-12-27,P007,Belt,Accessories,Berlin,33,17,43.51,1435.72,65,26
2025-12-27,P008,Winter Jacket,Outerwear,Düsseldorf,20,10,214.43,4288.53,96,29
2025-12-27,P008,Winter Jacket,Outerwear,Essen,23,9,189.75,4364.35,74,28
2025-12-27,P008,Winter Jacket,Outerwear,Köln,11,5,87.96,967.61,108,32
2025-12-27,P008,Winter Jacket,Outerwear,München,9,3,102.86,925.75,110,37
2025-12-27,P008,Winter Jacket,Outerwear,Berlin,23,10,105.57,2428.1,102,59
2025-12-27,P009,Blazer,Outerwear,Düsseldorf,32,16,143.7,4598.41,83,59
2025-12-27,P009,Blazer,Outerwear,Essen,42,17,139.25,5848.65,39,42
2025-12-27,P009,Blazer,Outerwear,Köln,23,11,170.29,3916.78,88,40
2025-12-27,P009,Blazer,Outerwear,München,4,1,92.71,370.83,139,43
2025-12-27,P009,Blazer,Outerwear,Berlin,6,5,86.43,518.61,117,54
2025-12-27,P010,Sports Hoodie,Sportswear,Düsseldorf,10,8,118.98,1189.77,126,28
2025-12-27,P010,Sports Hoodie,Sportswear,Essen,18,8,98.58,1774.5,100,55
2025-12-27,P010,Sports Hoodie,Sportswear,Köln,32,17,55.27,1768.57,47,35
2025-12-27,P010,Sports Hoodie,Sportswear,München,17,7,93.23,1584.9,103,50
2025-12-27,P010,Sports Hoodie,Sportswear,Berlin,27,13,101.69,2745.73,72,55
2025-12-28,P001,Basic T-Shirt,Clothing,Düsseldorf,13,11,42.86,557.24,106,25
2025-12-28,P001,Basic T-Shirt,Clothing,Essen,24,16,52.18,1252.34,94,50
2025-12-28,P001,Basic T-Shirt,Clothing,Köln,6,4,31.2,187.21,126,35
2025-12-28,P001,Basic T-Shirt,Clothing,München,19,9,24.51,465.72,62,44
2025-12-28,P001,Basic T-Shirt,Clothing,Berlin,28,19,60.11,1683.12,76,29
2025-12-28,P002,Slim Jeans,Clothing,Düsseldorf,5,2,49.01,245.07,85,37
2025-12-28,P002,Slim Jeans,Clothing,Essen,34,15,30.24,1028.11,26,45
2025-12-28,P002,Slim Jeans,Clothing,Köln,8,5,31.11,248.85,128,37
2025-12-28,P002,Slim Jeans,Clothing,München,36,18,45.74,1646.8,46,44
2025-12-28,P002,Slim Jeans,Clothing,Berlin,8,4,48.03,384.22,100,58
2025-12-28,P003,Summer Dress,Clothing,Düsseldorf,11,9,62.42,686.62,98,29
2025-12-28,P003,Summer Dress,Clothing,Essen,23,16,48.3,1110.8,92,42
2025-12-28,P003,Summer Dress,Clothing,Köln,35,25,33.07,1157.3,51,37
2025-12-28,P003,Summer Dress,Clothing,München,15,13,23.22,348.29,87,26
2025-12-28,P003,Summer Dress,Clothing,Berlin,31,15,41.24,1278.31,32,34
2025-12-28,P004,Sneakers,Shoes,Düsseldorf,11,4,99.7,1096.7,64,51
2025-12-28,P004,Sneakers,Shoes,Essen,24,14,107.59,2582.25,60,26
2025-12-28,P004,Sneakers,Shoes,Köln,34,26,128.14,4356.91,68,40
2025-12-28,P004,Sneakers,Shoes,München,12,4,58.76,705.16,104,58
2025-12-28,P004,Sneakers,Shoes,Berlin,40,32,108.8,4351.95,27,45
2025-12-28,P005,Leather Boots,Shoes,Düsseldorf,14,5,96.29,1348.11,50,30
2025-12-28,P005,Leather Boots,Shoes,Essen,27,14,76.93,2077.0,48,59
2025-12-28,P005,Leather Boots,Shoes,Köln,22,13,56.12,1234.67,59,58
2025-12-28,P005,Leather Boots,Shoes,München,34,27,123.7,4205.86,87,28
2025-12-28,P005,Leather Boots,Shoes,Berlin,15,6,149.11,2236.63,112,28
2025-12-28,P006,Handbag,Accessories,Düsseldorf,33,22,24.8,818.4,85,57
2025-12-28,P006,Handbag,Accessories,Essen,10,8,96.03,960.32,84,39
2025-12-28,P006,Handbag,Accessories,Köln,27,23,72.98,1970.51,115,48
2025-12-28,P006,Handbag,Accessories,München,24,20,53.57,1285.63,98,40
2025-12-28,P006,Handbag,Accessories,Berlin,8,3,79.65,637.16,98,48
2025-12-28,P007,Belt,Accessories,Düsseldorf,11,5,38.14,419.52,42,38
2025-12-28,P007,Belt,Accessories,Essen,37,31,59.69,2208.61,82,48
2025-12-28,P007,Belt,Accessories,Köln,3,1,94.19,282.58,92,38
2025-12-28,P007,Belt,Accessories,München,17,7,95.78,1628.22,117,48
2025-12-28,P007,Belt,Accessories,Berlin,3,1,92.86,278.58,144,44
2025-12-28,P008,Winter Jacket,Outerwear,Düsseldorf,33,23,184.32,6082.55,91,32
2025-12-28,P008,Winter Jacket,Outerwear,Essen,29,20,161.93,4695.84,73,51
2025-12-28,P008,Winter Jacket,Outerwear,Köln,11,5,125.95,1385.43,130,30
2025-12-28,P008,Winter Jacket,Outerwear,München,34,20,192.69,6551.45,64,37
2025-12-28,P008,Winter Jacket,Outerwear,Berlin,18,9,82.27,1480.79,153,39
2025-12-28,P009,Blazer,Outerwear,Düsseldorf,28,22,102.32,2865.08,41,43
2025-12-28,P009,Blazer,Outerwear,Essen,24,12,195.46,4690.93,105,45
2025-12-28,P009,Blazer,Outerwear,Köln,18,8,162.02,2916.45,29,25
2025-12-28,P009,Blazer,Outerwear,München,27,17,155.59,4200.86,71,43
2025-12-28,P009,Blazer,Outerwear,Berlin,29,12,94.76,2748.12,73,37
2025-12-28,P010,Sports Hoodie,Sportswear,Düsseldorf,27,11,116.74,3151.98,67,28
2025-12-28,P010,Sports Hoodie,Sportswear,Essen,13,8,112.38,1460.88,72,40
2025-12-28,P010,Sports Hoodie,Sportswear,Köln,7,5,55.75,390.24,139,25
2025-12-28,P010,Sports Hoodie,Sportswear,München,0,1,117.63,0.0,168,53
2025-12-28,P010,Sports Hoodie,Sportswear,Berlin,30,18,89.3,2679.0,69,59
2025-12-29,P001,Basic T-Shirt,Clothing,Düsseldorf,10,7,41.91,419.05,92,37
2025-12-29,P001,Basic T-Shirt,Clothing,Essen,31,15,54.79,1698.61,63,53
2025-12-29,P001,Basic T-Shirt,Clothing,Köln,11,7,33.46,368.09,79,56
2025-12-29,P001,Basic T-Shirt,Clothing,München,8,5,38.89,311.16,102,31
2025-12-29,P001,Basic T-Shirt,Clothing,Berlin,28,16,27.19,761.41,55,47
2025-12-29,P002,Slim Jeans,Clothing,Düsseldorf,27,20,45.79,1236.42,107,29
2025-12-29,P002,Slim Jeans,Clothing,Essen,14,7,27.55,385.67,60,27
2025-12-29,P002,Slim Jeans,Clothing,Köln,19,10,61.5,1168.42,73,26
2025-12-29,P002,Slim Jeans,Clothing,München,11,8,69.25,761.75,83,48
2025-12-29,P002,Slim Jeans,Clothing,Berlin,17,12,23.55,400.43,119,51
2025-12-29,P003,Summer Dress,Clothing,Düsseldorf,11,6,52.08,572.84,99,35
2025-12-29,P003,Summer Dress,Clothing,Essen,30,13,65.86,1975.72,51,59
2025-12-29,P003,Summer Dress,Clothing,Köln,7,4,31.99,223.96,91,36
2025-12-29,P003,Summer Dress,Clothing,München,3,1,43.3,129.91,66,48
2025-12-29,P003,Summer Dress,Clothing,Berlin,32,15,75.85,2427.15,98,57
2025-12-29,P004,Sneakers,Shoes,Düsseldorf,16,12,56.31,901.01,105,37
2025-12-29,P004,Sneakers,Shoes,Essen,2,1,66.89,133.79,109,48
2025-12-29,P004,Sneakers,Shoes,Köln,30,14,70.7,2121.0,109,31
2025-12-29,P004,Sneakers,Shoes,München,15,10,106.55,1598.29,98,42
2025-12-29,P004,Sneakers,Shoes,Berlin,1,1,87.55,87.55,115,27
2025-12-29,P005,Leather Boots,Shoes,Düsseldorf,34,27,87.2,2964.65,89,49
2025-12-29,P005,Leather Boots,Shoes,Essen,17,8,52.87,898.86,86,56
2025-12-29,P005,Leather Boots,Shoes,Köln,36,16,93.43,3363.34,60,35
2025-12-29,P005,Leather Boots,Shoes,München,36,24,86.33,3108.0,143,32
2025-12-29,P005,Leather Boots,Shoes,Berlin,16,6,82.39,1318.28,70,58
2025-12-29,P006,Handbag,Accessories,Düsseldorf,12,4,21.75,261.06,92,34
2025-12-29,P006,Handbag,Accessories,Essen,32,19,83.88,2684.32,102,33
2025-12-29,P006,Handbag,Accessories,Köln,22,14,91.95,2023.01,88,54
2025-12-29,P006,Handbag,Accessories,München,20,14,78.71,1574.3,124,48
2025-12-29,P006,Handbag,Accessories,Berlin,40,16,69.99,2799.68,56,38
2025-12-29,P007,Belt,Accessories,Düsseldorf,7,4,78.26,547.8,121,44
2025-12-29,P007,Belt,Accessories,Essen,24,14,83.04,1993.04,60,46
2025-12-29,P007,Belt,Accessories,Köln,14,9,43.2,604.82,85,43
2025-12-29,P007,Belt,Accessories,München,25,10,98.28,2457.09,114,56
2025-12-29,P007,Belt,Accessories,Berlin,35,18,41.8,1463.09,76,58
2025-12-29,P008,Winter Jacket,Outerwear,Düsseldorf,27,22,114.29,3085.94,91,46
2025-12-29,P008,Winter Jacket,Outerwear,Essen,9,4,206.71,1860.43,127,44
2025-12-29,P008,Winter Jacket,Outerwear,Köln,18,9,153.46,2762.32,102,46
2025-12-29,P008,Winter Jacket,Outerwear,München,44,22,198.8,8747.23,55,43
2025-12-29,P008,Winter Jacket,Outerwear,Berlin,16,6,191.11,3057.81,110,49
2025-12-29,P009,Blazer,Outerwear,Düsseldorf,16,8,178.48,2855.76,118,48
2025-12-29,P009,Blazer,Outerwear,Essen,33,15,115.79,3821.07,118,51
2025-12-29,P009,Blazer,Outerwear,Köln,27,12,148.13,3999.39,65,56
2025-12-29,P009,Blazer,Outerwear,München,13,8,141.5,1839.56,75,38
2025-12-29,P009,Blazer,Outerwear,Berlin,9,4,89.24,803.17,148,36
2025-12-29,P010,Sports Hoodie,Sportswear,Düsseldorf,27,12,116.09,3134.32,38,39
2025-12-29,P010,Sports Hoodie,Sportswear,Essen,36,21,114.9,4136.55,75,49
2025-12-29,P010,Sports Hoodie,Sportswear,Köln,10,6,110.03,1100.3,129,41
2025-12-29,P010,Sports Hoodie,Sportswear,München,14,9,111.32,1558.46,87,53
2025-12-29,P010,Sports Hoodie,Sportswear,Berlin,10,4,93.58,935.83,91,46
2025-12-30,P001,Basic T-Shirt,Clothing,Düsseldorf,18,8,20.12,362.17,122,52
2025-12-30,P001,Basic T-Shirt,Clothing,Essen,21,17,66.17,1389.62,99,58
2025-12-30,P001,Basic T-Shirt,Clothing,Köln,32,12,20.99,671.56,117,43
2025-12-30,P001,Basic T-Shirt,Clothing,München,16,8,29.71,475.34,107,42
2025-12-30,P001,Basic T-Shirt,Clothing,Berlin,25,11,77.22,1930.5,113,44
2025-12-30,P002,Slim Jeans,Clothing,Düsseldorf,20,9,65.44,1308.81,79,42
2025-12-30,P002,Slim Jeans,Clothing,Essen,36,15,59.58,2144.88,26,29
2025-12-30,P002,Slim Jeans,Clothing,Köln,33,14,67.67,2233.12,43,51
2025-12-30,P002,Slim Jeans,Clothing,München,13,5,40.03,520.4,109,36
2025-12-30,P002,Slim Jeans,Clothing,Berlin,7,5,73.0,510.97,82,42
2025-12-30,P003,Summer Dress,Clothing,Düsseldorf,24,10,36.58,877.82,64,28
2025-12-30,P003,Summer Dress,Clothing,Essen,9,3,32.79,295.14,141,46
2025-12-30,P003,Summer Dress,Clothing,Köln,14,6,73.92,1034.83,56,41
2025-12-30,P003,Summer Dress,Clothing,München,16,9,36.64,586.2,120,31
2025-12-30,P003,Summer Dress,Clothing,Berlin,27,10,72.18,1948.78,100,35
2025-12-30,P004,Sneakers,Shoes,Düsseldorf,13,7,128.27,1667.56,72,44
2025-12-30,P004,Sneakers,Shoes,Essen,28,22,124.58,3488.23,80,43
2025-12-30,P004,Sneakers,Shoes,Köln,12,9,140.95,1691.4,108,56
2025-12-30,P004,Sneakers,Shoes,München,22,9,133.67,2940.78,56,46
2025-12-30,P004,Sneakers,Shoes,Berlin,30,14,116.98,3509.51,85,43
2025-12-30,P005,Leather Boots,Shoes,Düsseldorf,27,18,93.88,2534.86,100,25
2025-12-30,P005,Leather Boots,Shoes,Essen,36,23,106.59,3837.2,93,50
2025-12-30,P005,Leather Boots,Shoes,Köln,27,12,69.42,1874.44,91,53
2025-12-30,P005,Leather Boots,Shoes,München,11,4,79.64,876.09,99,26
2025-12-30,P005,Leather Boots,Shoes,Berlin,5,2,144.21,721.07,119,47
2025-12-30,P006,Handbag,Accessories,Düsseldorf,9,3,51.49,463.41,122,48
2025-12-30,P006,Handbag,Accessories,Essen,23,14,49.57,1140.18,104,57
2025-12-30,P006,Handbag,Accessories,Köln,7,3,35.72,250.01,112,42
2025-12-30,P006,Handbag,Accessories,München,18,10,70.43,1267.73,95,56
2025-12-30,P006,Handbag,Accessories,Berlin,33,22,87.23,2878.7,69,35
2025-12-30,P007,Belt,Accessories,Düsseldorf,16,7,79.6,1273.66,83,31
2025-12-30,P007,Belt,Accessories,Essen,15,13,21.58,323.71,82,48
2025-12-30,P007,Belt,Accessories,Köln,15,13,24.14,362.12,85,28
2025-12-30,P007,Belt,Accessories,München,21,11,53.27,1118.63,91,28
2025-12-30,P007,Belt,Accessories,Berlin,15,8,43.08,646.17,100,29
2025-12-30,P008,Winter Jacket,Outerwear,Düsseldorf,24,9,80.61,1934.7,51,25
2025-12-30,P008,Winter Jacket,Outerwear,Essen,9,7,171.94,1547.5,127,52
2025-12-30,P008,Winter Jacket,Outerwear,Köln,11,8,178.35,1961.84,157,40
2025-12-30,P008,Winter Jacket,Outerwear,München,0,1,171.72,0.0,112,38
2025-12-30,P008,Winter Jacket,Outerwear,Berlin,31,25,112.97,3502.05,68,49
2025-12-30,P009,Blazer,Outerwear,Düsseldorf,11,5,126.12,1387.36,78,36
2025-12-30,P009,Blazer,Outerwear,Essen,25,10,112.36,2809.11,102,37
2025-12-30,P009,Blazer,Outerwear,Köln,7,3,105.21,736.45,127,43
2025-12-30,P009,Blazer,Outerwear,München,25,14,101.06,2526.39,106,43
2025-12-30,P009,Blazer,Outerwear,Berlin,17,11,153.15,2603.59,100,41
2025-12-30,P010,Sports Hoodie,Sportswear,Düsseldorf,13,6,79.44,1032.73,129,54
2025-12-30,P010,Sports Hoodie,Sportswear,Essen,33,16,39.19,1293.28,78,33
2025-12-30,P010,Sports Hoodie,Sportswear,Köln,25,10,87.5,2187.48,94,57
2025-12-30,P010,Sports Hoodie,Sportswear,München,25,14,91.98,2299.44,106,32
2025-12-30,P010,Sports Hoodie,Sportswear,Berlin,11,5,103.11,1134.25,122,41
2025-12-31,P001,Basic T-Shirt,Clothing,Düsseldorf,28,21,63.9,1789.29,103,37
2025-12-31,P001,Basic T-Shirt,Clothing,Essen,11,6,22.61,248.69,93,39
2025-12-31,P001,Basic T-Shirt,Clothing,Köln,22,16,50.44,1109.66,105,49
2025-12-31,P001,Basic T-Shirt,Clothing,München,22,11,65.66,1444.5,77,40
2025-12-31,P001,Basic T-Shirt,Clothing,Berlin,10,4,76.96,769.6,114,40
2025-12-31,P002,Slim Jeans,Clothing,Düsseldorf,15,8,58.91,883.71,114,53
2025-12-31,P002,Slim Jeans,Clothing,Essen,40,26,28.56,1142.43,80,57
2025-12-31,P002,Slim Jeans,Clothing,Köln,22,13,53.22,1170.74,114,50
2025-12-31,P002,Slim Jeans,Clothing,München,34,19,49.67,1688.79,86,55
2025-12-31,P002,Slim Jeans,Clothing,Berlin,22,13,37.18,817.97,65,39
2025-12-31,P003,Summer Dress,Clothing,Düsseldorf,35,26,64.51,2257.93,82,41
2025-12-31,P003,Summer Dress,Clothing,Essen,16,9,61.59,985.4,112,31
2025-12-31,P003,Summer Dress,Clothing,Köln,35,31,52.72,1845.22,76,52
2025-12-31,P003,Summer Dress,Clothing,München,20,10,43.74,874.72,89,37
2025-12-31,P003,Summer Dress,Clothing,Berlin,30,16,61.3,1839.04,79,55
2025-12-31,P004,Sneakers,Shoes,Düsseldorf,14,6,69.1,967.46,112,29
2025-12-31,P004,Sneakers,Shoes,Essen,8,5,72.99,583.89,118,58
2025-12-31,P004,Sneakers,Shoes,Köln,37,16,61.88,2289.7,22,51
2025-12-31,P004,Sneakers,Shoes,München,4,2,120.77,483.06,143,46
2025-12-31,P004,Sneakers,Shoes,Berlin,22,9,81.99,1803.67,92,32
2025-12-31,P005,Leather Boots,Shoes,Düsseldorf,32,15,114.96,3678.57,73,25
2025-12-31,P005,Leather Boots,Shoes,Essen,19,16,102.58,1949.06,89,37
2025-12-31,P005,Leather Boots,Shoes,Köln,1,1,68.48,68.48,103,38
2025-12-31,P005,Leather Boots,Shoes,München,23,14,86.9,1998.77,85,39
2025-12-31,P005,Leather Boots,Shoes,Berlin,14,7,67.06,938.89,65,58
2025-12-31,P006,Handbag,Accessories,Düsseldorf,8,3,90.95,727.57,97,25
2025-12-31,P006,Handbag,Accessories,Essen,14,8,17.08,239.05,48,50
2025-12-31,P006,Handbag,Accessories,Köln,29,14,90.61,2627.75,136,25
2025-12-31,P006,Handbag,Accessories,München,5,2,83.08,415.42,110,35
2025-12-31,P006,Handbag,Accessories,Berlin,30,23,31.26,937.88,103,32
2025-12-31,P007,Belt,Accessories,Düsseldorf,22,10,90.71,1995.72,111,35
2025-12-31,P007,Belt,Accessories,Essen,12,6,90.59,1087.12,70,55
2025-12-31,P007,Belt,Accessories,Köln,12,5,33.72,404.65,130,59
2025-12-31,P007,Belt,Accessories,München,21,8,96.59,2028.48,147,40
2025-12-31,P007,Belt,Accessories,Berlin,7,4,62.73,439.11,80,47
2025-12-31,P008,Winter Jacket,Outerwear,Düsseldorf,38,15,203.17,7720.51,58,37
2025-12-31,P008,Winter Jacket,Outerwear,Essen,17,12,96.61,1642.4,99,49
2025-12-31,P008,Winter Jacket,Outerwear,Köln,27,11,147.46,3981.55,100,44
2025-12-31,P008,Winter Jacket,Outerwear,München,9,5,111.62,1004.59,121,49
2025-12-31,P008,Winter Jacket,Outerwear,Berlin,16,12,185.5,2968.03,86,29
2025-12-31,P009,Blazer,Outerwear,Düsseldorf,26,11,108.88,2830.93,87,32
2025-12-31,P009,Blazer,Outerwear,Essen,26,17,102.7,2670.2,82,45
2025-12-31,P009,Blazer,Outerwear,Köln,6,4,138.67,832.01,117,25
2025-12-31,P009,Blazer,Outerwear,München,31,16,106.84,3311.94,96,52
2025-12-31,P009,Blazer,Outerwear,Berlin,2,1,217.29,434.58,83,38
2025-12-31,P010,Sports Hoodie,Sportswear,Düsseldorf,26,15,93.08,2420.2,32,39
2025-12-31,P010,Sports Hoodie,Sportswear,Essen,1,1,62.75,62.75,99,50
2025-12-31,P010,Sports Hoodie,Sportswear,Köln,16,11,58.12,929.85,95,39
2025-12-31,P010,Sports Hoodie,Sportswear,München,11,6,91.5,1006.49,97,42
2025-12-31,P010,Sports Hoodie,Sportswear,Berlin,21,12,33.85,710.79,60,38
2026-01-01,P001,Basic T-Shirt,Clothing,Düsseldorf,17,10,27.77,472.05,115,38
2026-01-01,P001,Basic T-Shirt,Clothing,Essen,20,12,53.19,1063.8,88,31
2026-01-01,P001,Basic T-Shirt,Clothing,Köln,31,12,61.17,1896.29,125,35
2026-01-01,P001,Basic T-Shirt,Clothing,München,29,17,63.89,1852.94,72,41
2026-01-01,P001,Basic T-Shirt,Clothing,Berlin,2,1,44.81,89.62,153,47
2026-01-01,P002,Slim Jeans,Clothing,Düsseldorf,19,13,29.49,560.31,94,36
2026-01-01,P002,Slim Jeans,Clothing,Essen,5,4,40.51,202.54,67,50
2026-01-01,P002,Slim Jeans,Clothing,Köln,27,13,69.64,1880.3,34,59
2026-01-01,P002,Slim Jeans,Clothing,München,37,15,32.12,1188.62,28,55
2026-01-01,P002,Slim Jeans,Clothing,Berlin,18,9,51.49,926.78,85,45
2026-01-01,P003,Summer Dress,Clothing,Düsseldorf,25,13,50.42,1260.49,79,29
2026-01-01,P003,Summer Dress,Clothing,Essen,36,20,38.99,1403.64,20,32
2026-01-01,P003,Summer Dress,Clothing,Köln,20,8,60.35,1206.92,114,33
2026-01-01,P003,Summer Dress,Clothing,München,24,10,39.12,938.93,85,27
2026-01-01,P003,Summer Dress,Clothing,Berlin,16,14,71.54,1144.68,105,30
2026-01-01,P004,Sneakers,Shoes,Düsseldorf,14,6,102.99,1441.81,84,36
2026-01-01,P004,Sneakers,Shoes,Essen,18,14,140.31,2525.49,69,35
2026-01-01,P004,Sneakers,Shoes,Köln,28,25,134.78,3773.82,107,43
2026-01-01,P004,Sneakers,Shoes,München,8,4,126.52,1012.19,107,41
2026-01-01,P004,Sneakers,Shoes,Berlin,29,22,65.51,1899.77,115,36
2026-01-01,P005,Leather Boots,Shoes,Düsseldorf,18,14,71.71,1290.86,98,34
2026-01-01,P005,Leather Boots,Shoes,Essen,33,20,128.48,4239.75,45,37
2026-01-01,P005,Leather Boots,Shoes,Köln,0,1,67.48,0.0,129,53
2026-01-01,P005,Leather Boots,Shoes,München,19,14,132.07,2509.25,97,50
2026-01-01,P005,Leather Boots,Shoes,Berlin,16,6,85.86,1373.73,71,36
2026-01-01,P006,Handbag,Accessories,Düsseldorf,31,12,55.98,1735.28,13,57
2026-01-01,P006,Handbag,Accessories,Essen,11,6,89.56,985.19,110,50
2026-01-01,P006,Handbag,Accessories,Köln,33,17,74.14,2446.6,61,39
2026-01-01,P006,Handbag,Accessories,München,33,18,22.65,747.47,79,55
2026-01-01,P006,Handbag,Accessories,Berlin,17,8,82.13,1396.21,62,44
2026-01-01,P007,Belt,Accessories,Düsseldorf,26,19,18.98,493.46,58,46
2026-01-01,P007,Belt,Accessories,Essen,4,1,77.78,311.11,87,57
2026-01-01,P007,Belt,Accessories,Köln,12,8,82.49,989.88,142,25
2026-01-01,P007,Belt,Accessories,München,9,7,43.94,395.46,114,46
2026-01-01,P007,Belt,Accessories,Berlin,37,20,75.52,2794.35,19,25
2026-01-01,P008,Winter Jacket,Outerwear,Düsseldorf,27,12,122.68,3312.26,80,36
2026-01-01,P008,Winter Jacket,Outerwear,Essen,23,10,160.26,3685.9,75,42
2026-01-01,P008,Winter Jacket,Outerwear,Köln,13,7,138.8,1804.37,85,43
2026-01-01,P008,Winter Jacket,Outerwear,München,34,18,137.8,4685.21,104,31
2026-01-01,P008,Winter Jacket,Outerwear,Berlin,32,13,131.72,4214.95,20,58
2026-01-01,P009,Blazer,Outerwear,Düsseldorf,10,8,212.5,2124.96,88,59
2026-01-01,P009,Blazer,Outerwear,Essen,28,16,196.0,5487.92,52,51
2026-01-01,P009,Blazer,Outerwear,Köln,18,14,126.34,2274.06,125,44
2026-01-01,P009,Blazer,Outerwear,München,26,16,119.86,3116.26,108,55
2026-01-01,P009,Blazer,Outerwear,Berlin,13,8,104.92,1363.99,122,32
2026-01-01,P010,Sports Hoodie,Sportswear,Düsseldorf,28,11,40.45,1132.48,101,49
2026-01-01,P010,Sports Hoodie,Sportswear,Essen,18,9,57.06,1027.12,111,54
2026-01-01,P010,Sports Hoodie,Sportswear,Köln,22,11,48.75,1072.52,127,46
2026-01-01,P010,Sports Hoodie,Sportswear,München,25,10,50.21,1255.28,81,26
2026-01-01,P010,Sports Hoodie,Sportswear,Berlin,35,16,50.06,1752.19,73,47
2026-01-02,P001,Basic T-Shirt,Clothing,Düsseldorf,21,9,59.92,1258.23,119,51
2026-01-02,P001,Basic T-Shirt,Clothing,Essen,21,10,49.25,1034.27,73,43
2026-01-02,P001,Basic T-Shirt,Clothing,Köln,29,21,38.57,1118.55,81,44
2026-01-02,P001,Basic T-Shirt,Clothing,München,33,27,57.31,1891.21,60,43
2026-01-02,P001,Basic T-Shirt,Clothing,Berlin,21,9,66.14,1388.92,75,36
2026-01-02,P002,Slim Jeans,Clothing,Düsseldorf,34,26,60.19,2046.46,60,45
2026-01-02,P002,Slim Jeans,Clothing,Essen,13,5,33.29,432.77,113,36
2026-01-02,P002,Slim Jeans,Clothing,Köln,18,9,62.04,1116.66,52,29
2026-01-02,P002,Slim Jeans,Clothing,München,39,24,55.61,2168.73,52,59
2026-01-02,P002,Slim Jeans,Clothing,Berlin,14,10,44.24,619.32,93,45
2026-01-02,P003,Summer Dress,Clothing,Düsseldorf,23,9,60.88,1400.22,89,48
2026-01-02,P003,Summer Dress,Clothing,Essen,21,14,59.29,1245.12,108,41
2026-01-02,P003,Summer Dress,Clothing,Köln,16,7,50.18,802.94,124,55
2026-01-02,P003,Summer Dress,Clothing,München,6,4,50.05,300.28,114,33
2026-01-02,P003,Summer Dress,Clothing,Berlin,30,18,33.11,993.25,111,27
2026-01-02,P004,Sneakers,Shoes,Düsseldorf,22,11,78.18,1719.86,88,49
2026-01-02,P004,Sneakers,Shoes,Essen,14,8,77.07,1078.98,105,51
2026-01-02,P004,Sneakers,Shoes,Köln,2,1,80.39,160.78,104,38
2026-01-02,P004,Sneakers,Shoes,München,8,4,117.31,938.51,98,53
2026-01-02,P004,Sneakers,Shoes,Berlin,31,26,76.64,2375.72,77,34
2026-01-02,P005,Leather Boots,Shoes,Düsseldorf,14,6,54.64,764.97,118,38
2026-01-02,P005,Leather Boots,Shoes,Essen,28,20,126.0,3527.91,59,44
2026-01-02,P005,Leather Boots,Shoes,Köln,19,11,83.01,1577.24,70,43
2026-01-02,P005,Leather Boots,Shoes,München,16,11,92.38,1478.15,72,36
2026-01-02,P005,Leather Boots,Shoes,Berlin,4,1,135.35,541.41,146,32
2026-01-02,P006,Handbag,Accessories,Düsseldorf,18,11,41.21,741.73,44,32
2026-01-02,P006,Handbag,Accessories,Essen,28,23,35.33,989.16,93,58
2026-01-02,P006,Handbag,Accessories,Köln,8,3,70.85,566.81,145,44
2026-01-02,P006,Handbag,Accessories,München,23,11,93.9,2159.8,107,35
2026-01-02,P006,Handbag,Accessories,Berlin,13,9,53.34,693.41,83,52
2026-01-02,P007,Belt,Accessories,Düsseldorf,26,11,87.59,2277.22,72,33
2026-01-02,P007,Belt,Accessories,Essen,34,29,74.11,2519.73,47,57
2026-01-02,P007,Belt,Accessories,Köln,29,11,36.34,1053.73,110,40
2026-01-02,P007,Belt,Accessories,München,14,10,57.23,801.16,78,31
2026-01-02,P007,Belt,Accessories,Berlin,25,15,39.54,988.4,59,58
2026-01-02,P008,Winter Jacket,Outerwear,Düsseldorf,28,11,169.7,4751.51,83,41
2026-01-02,P008,Winter Jacket,Outerwear,Essen,22,12,208.58,4588.83,98,42
2026-01-02,P008,Winter Jacket,Outerwear,Köln,9,6,94.2,847.77,141,55
2026-01-02,P008,Winter Jacket,Outerwear,München,21,11,162.4,3410.34,106,25
2026-01-02,P008,Winter Jacket,Outerwear,Berlin,21,9,174.19,3658.0,84,38
2026-01-02,P009,Blazer,Outerwear,Düsseldorf,3,1,132.43,397.28,98,31
2026-01-02,P009,Blazer,Outerwear,Essen,13,5,136.61,1775.96,129,28
2026-01-02,P009,Blazer,Outerwear,Köln,20,15,178.23,3564.69,111,38
2026-01-02,P009,Blazer,Outerwear,München,11,4,96.85,1065.3,46,54
2026-01-02,P009,Blazer,Outerwear,Berlin,29,18,133.09,3859.61,59,39
2026-01-02,P010,Sports Hoodie,Sportswear,Düsseldorf,20,10,57.27,1145.34,67,44
2026-01-02,P010,Sports Hoodie,Sportswear,Essen,37,21,76.96,2847.45,52,53
2026-01-02,P010,Sports Hoodie,Sportswear,Köln,39,18,45.13,1760.06,39,52
2026-01-02,P010,Sports Hoodie,Sportswear,München,21,12,86.14,1809.0,62,52
2026-01-02,P010,Sports Hoodie,Sportswear,Berlin,32,19,41.24,1319.72,30,31
2026-01-03,P001,Basic T-Shirt,Clothing,Düsseldorf,31,15,60.04,1861.16,136,28
2026-01-03,P001,Basic T-Shirt,Clothing,Essen,11,5,70.71,777.77,99,49
2026-01-03,P001,Basic T-Shirt,Clothing,Köln,6,2,67.53,405.21,86,55
2026-01-03,P001,Basic T-Shirt,Clothing,München,8,5,54.66,437.29,96,43
2026-01-03,P001,Basic T-Shirt,Clothing,Berlin,13,5,70.52,916.77,135,46
2026-01-03,P002,Slim Jeans,Clothing,Düsseldorf,1,1,66.2,66.2,122,30
2026-01-03,P002,Slim Jeans,Clothing,Essen,6,2,39.28,235.65,116,30
2026-01-03,P002,Slim Jeans,Clothing,Köln,43,18,20.66,888.38,69,42
2026-01-03,P002,Slim Jeans,Clothing,München,4,2,22.51,90.05,79,27
2026-01-03,P002,Slim Jeans,Clothing,Berlin,9,3,28.21,253.86,133,32
2026-01-03,P003,Summer Dress,Clothing,Düsseldorf,22,10,62.7,1379.4,33,59
2026-01-03,P003,Summer Dress,Clothing,Essen,3,1,55.36,166.07,102,55
2026-01-03,P003,Summer Dress,Clothing,Köln,16,7,20.19,323.04,97,57
2026-01-03,P003,Summer Dress,Clothing,München,12,9,20.1,241.15,99,59
2026-01-03,P003,Summer Dress,Clothing,Berlin,23,10,69.0,1586.94,73,56
2026-01-03,P004,Sneakers,Shoes,Düsseldorf,26,16,82.94,2156.51,70,58
2026-01-03,P004,Sneakers,Shoes,Essen,10,7,115.44,1154.42,119,26
2026-01-03,P004,Sneakers,Shoes,Köln,20,11,72.88,1457.62,133,52
2026-01-03,P004,Sneakers,Shoes,München,33,14,114.6,3781.74,51,43
2026-01-03,P004,Sneakers,Shoes,Berlin,15,7,78.28,1174.19,124,28
2026-01-03,P005,Leather Boots,Shoes,Düsseldorf,16,9,72.93,1166.94,67,56
2026-01-03,P005,Leather Boots,Shoes,Essen,25,21,57.05,1426.31,70,50
2026-01-03,P005,Leather Boots,Shoes,Köln,24,12,63.4,1521.64,85,31
2026-01-03,P005,Leather Boots,Shoes,München,21,10,123.68,2597.2,72,37
2026-01-03,P005,Leather Boots,Shoes,Berlin,18,10,96.36,1734.48,104,57
2026-01-03,P006,Handbag,Accessories,Düsseldorf,28,12,71.47,2001.26,46,40
2026-01-03,P006,Handbag,Accessories,Essen,19,7,48.09,913.77,91,35
2026-01-03,P006,Handbag,Accessories,Köln,7,4,27.29,191.05,93,45
2026-01-03,P006,Handbag,Accessories,München,29,22,92.31,2677.07,85,48
2026-01-03,P006,Handbag,Accessories,Berlin,23,15,46.59,1071.49,106,29
2026-01-03,P007,Belt,Accessories,Düsseldorf,13,7,85.14,1106.86,87,38
2026-01-03,P007,Belt,Accessories,Essen,27,12,41.66,1124.85,66,47
2026-01-03,P007,Belt,Accessories,Köln,36,21,18.66,671.84,32,26
2026-01-03,P007,Belt,Accessories,München,29,15,95.22,2761.48,39,59
2026-01-03,P007,Belt,Accessories,Berlin,35,15,36.92,1292.03,76,29
2026-01-03,P008,Winter Jacket,Outerwear,Düsseldorf,13,5,178.98,2326.68,65,43
2026-01-03,P008,Winter Jacket,Outerwear,Essen,15,11,87.8,1317.02,87,39
2026-01-03,P008,Winter Jacket,Outerwear,Köln,41,23,124.77,5115.77,112,37
2026-01-03,P008,Winter Jacket,Outerwear,München,16,12,124.22,1987.46,54,40
2026-01-03,P008,Winter Jacket,Outerwear,Berlin,38,15,190.78,7249.64,32,35
2026-01-03,P009,Blazer,Outerwear,Düsseldorf,9,4,84.39,759.55,127,51
2026-01-03,P009,Blazer,Outerwear,Essen,19,15,138.6,2633.49,74,53
2026-01-03,P009,Blazer,Outerwear,Köln,12,9,82.18,986.19,154,28
2026-01-03,P009,Blazer,Outerwear,München,28,18,191.79,5370.04,56,43
2026-01-03,P009,Blazer,Outerwear,Berlin,14,8,215.09,3011.19,60,31
2026-01-03,P010,Sports Hoodie,Sportswear,Düsseldorf,24,12,42.69,1024.67,92,58
2026-01-03,P010,Sports Hoodie,Sportswear,Essen,37,32,33.93,1255.52,54,43
2026-01-03,P010,Sports Hoodie,Sportswear,Köln,5,3,64.51,322.55,76,33
2026-01-03,P010,Sports Hoodie,Sportswear,München,9,5,113.88,1024.93,118,26
2026-01-03,P010,Sports Hoodie,Sportswear,Berlin,40,16,52.9,2115.93,60,35
2026-01-04,P001,Basic T-Shirt,Clothing,Düsseldorf,16,8,71.72,1147.53,94,27
2026-01-04,P001,Basic T-Shirt,Clothing,Essen,12,7,53.82,645.87,98,37
2026-01-04,P001,Basic T-Shirt,Clothing,Köln,28,11,72.45,2028.66,65,38
2026-01-04,P001,Basic T-Shirt,Clothing,München,27,13,47.19,1274.13,44,38
2026-01-04,P001,Basic T-Shirt,Clothing,Berlin,4,2,35.94,143.78,141,53
2026-01-04,P002,Slim Jeans,Clothing,Düsseldorf,15,6,69.38,1040.7,84,35
2026-01-04,P002,Slim Jeans,Clothing,Essen,30,20,29.8,894.09,63,33
2026-01-04,P002,Slim Jeans,Clothing,Köln,11,5,67.48,742.3,86,35
2026-01-04,P002,Slim Jeans,Clothing,München,22,13,27.12,596.66,124,52
2026-01-04,P002,Slim Jeans,Clothing,Berlin,10,5,20.14,201.35,103,43
2026-01-04,P003,Summer Dress,Clothing,Düsseldorf,14,10,41.66,583.25,116,33
2026-01-04,P003,Summer Dress,Clothing,Essen,18,8,39.82,716.68,114,48
2026-01-04,P003,Summer Dress,Clothing,Köln,25,13,67.98,1699.52,84,56
2026-01-04,P003,Summer Dress,Clothing,München,20,12,33.93,678.57,105,44
2026-01-04,P003,Summer Dress,Clothing,Berlin,31,21,21.98,681.29,103,53
2026-01-04,P004,Sneakers,Shoes,Düsseldorf,12,7,78.28,939.32,94,28
2026-01-04,P004,Sneakers,Shoes,Essen,32,22,53.93,1725.64,87,45
2026-01-04,P004,Sneakers,Shoes,Köln,12,10,67.6,811.15,152,58
2026-01-04,P004,Sneakers,Shoes,München,0,1,117.02,0.0,125,27
2026-01-04,P004,Sneakers,Shoes,Berlin,30,13,124.52,3735.66,95,46
2026-01-04,P005,Leather Boots,Shoes,Düsseldorf,0,1,50.44,0.0,144,45
2026-01-04,P005,Leather Boots,Shoes,Essen,27,14,113.04,3052.1,87,32
2026-01-04,P005,Leather Boots,Shoes,Köln,17,10,147.26,2503.45,71,59
2026-01-04,P005,Leather Boots,Shoes,München,41,19,122.67,5029.67,66,47
2026-01-04,P005,Leather Boots,Shoes,Berlin,27,13,136.97,3698.12,72,55
2026-01-04,P006,Handbag,Accessories,Düsseldorf,33,14,85.05,2806.78,86,25
2026-01-04,P006,Handbag,Accessories,Essen,11,8,60.69,667.6,46,44
2026-01-04,P006,Handbag,Accessories,Köln,25,13,93.49,2337.24,67,53
2026-01-04,P006,Handbag,Accessories,München,27,11,78.43,2117.52,65,56
2026-01-04,P006,Handbag,Accessories,Berlin,23,16,16.78,386.03,159,45
2026-01-04,P007,Belt,Accessories,Düsseldorf,35,17,19.49,682.0,75,59
2026-01-04,P007,Belt,Accessories,Essen,29,19,90.64,2628.67,53,41
2026-01-04,P007,Belt,Accessories,Köln,26,18,82.98,2157.48,55,27
2026-01-04,P007,Belt,Accessories,München,30,15,27.5,825.11,87,34
2026-01-04,P007,Belt,Accessories,Berlin,30,14,58.36,1750.77,113,57
2026-01-04,P008,Winter Jacket,Outerwear,Düsseldorf,20,8,162.32,3246.37,93,27
2026-01-04,P008,Winter Jacket,Outerwear,Essen,25,14,159.64,3991.01,115,44
2026-01-04,P008,Winter Jacket,Outerwear,Köln,5,4,174.24,871.22,130,47
2026-01-04,P008,Winter Jacket,Outerwear,München,6,3,142.57,855.4,127,39
2026-01-04,P008,Winter Jacket,Outerwear,Berlin,29,15,168.27,4879.9,87,36
2026-01-04,P009,Blazer,Outerwear,Düsseldorf,25,10,205.37,5134.16,85,28
2026-01-04,P009,Blazer,Outerwear,Essen,12,7,209.42,2513.0,129,47
2026-01-04,P009,Blazer,Outerwear,Köln,36,30,124.18,4470.32,72,27
2026-01-04,P009,Blazer,Outerwear,München,14,5,201.52,2821.24,127,34
2026-01-04,P009,Blazer,Outerwear,Berlin,39,16,81.22,3167.4,84,30
2026-01-04,P010,Sports Hoodie,Sportswear,Düsseldorf,23,10,115.3,2651.9,45,26
2026-01-04,P010,Sports Hoodie,Sportswear,Essen,38,15,30.89,1173.94,96,28
2026-01-04,P010,Sports Hoodie,Sportswear,Köln,37,23,49.17,1819.17,49,59
2026-01-04,P010,Sports Hoodie,Sportswear,München,31,16,54.01,1674.39,49,37
2026-01-04,P010,Sports Hoodie,Sportswear,Berlin,38,30,87.56,3327.36,26,30
2026-01-05,P001,Basic T-Shirt,Clothing,Düsseldorf,25,10,31.97,799.14,45,42
2026-01-05,P001,Basic T-Shirt,Clothing,Essen,21,9,65.14,1367.84,72,49
2026-01-05,P001,Basic T-Shirt,Clothing,Köln,21,18,78.47,1647.86,44,47
2026-01-05,P001,Basic T-Shirt,Clothing,München,24,14,56.34,1352.05,73,46
2026-01-05,P001,Basic T-Shirt,Clothing,Berlin,18,10,57.16,1028.92,120,33
2026-01-05,P002,Slim Jeans,Clothing,Düsseldorf,14,6,74.13,1037.79,88,31
2026-01-05,P002,Slim Jeans,Clothing,Essen,31,12,54.58,1692.0,73,29
2026-01-05,P002,Slim Jeans,Clothing,Köln,28,15,73.98,2071.48,30,25
2026-01-05,P002,Slim Jeans,Clothing,München,23,10,56.01,1288.28,120,57
2026-01-05,P002,Slim Jeans,Clothing,Berlin,21,11,45.29,951.03,150,47
2026-01-05,P003,Summer Dress,Clothing,Düsseldorf,13,11,26.82,348.66,85,26
2026-01-05,P003,Summer Dress,Clothing,Essen,8,6,55.9,447.22,149,58
2026-01-05,P003,Summer Dress,Clothing,Köln,16,7,42.28,676.55,73,40
2026-01-05,P003,Summer Dress,Clothing,München,24,16,67.12,1610.79,94,44
2026-01-05,P003,Summer Dress,Clothing,Berlin,19,13,57.1,1084.88,47,45
2026-01-05,P004,Sneakers,Shoes,Düsseldorf,10,5,135.44,1354.42,97,54
2026-01-05,P004,Sneakers,Shoes,Essen,11,6,124.25,1366.79,94,45
2026-01-05,P004,Sneakers,Shoes,Köln,21,13,63.34,1330.18,54,25
2026-01-05,P004,Sneakers,Shoes,München,24,9,132.31,3175.47,57,39
2026-01-05,P004,Sneakers,Shoes,Berlin,14,6,142.25,1991.47,69,27
2026-01-05,P005,Leather Boots,Shoes,Düsseldorf,14,10,101.6,1422.38,64,36
2026-01-05,P005,Leather Boots,Shoes,Essen,27,19,73.87,1994.43,110,40
2026-01-05,P005,Leather Boots,Shoes,Köln,11,5,131.78,1449.63,136,44
2026-01-05,P005,Leather Boots,Shoes,München,7,5,96.07,672.49,104,38
2026-01-05,P005,Leather Boots,Shoes,Berlin,24,17,138.59,3326.17,80,33
2026-01-05,P006,Handbag,Accessories,Düsseldorf,12,5,84.4,1012.79,93,41
2026-01-05,P006,Handbag,Accessories,Essen,28,14,20.15,564.33,53,40
2026-01-05,P006,Handbag,Accessories,Köln,11,6,61.51,676.62,139,31
2026-01-05,P006,Handbag,Accessories,München,20,14,74.62,1492.46,125,34
2026-01-05,P006,Handbag,Accessories,Berlin,14,9,93.8,1313.22,85,25
2026-01-05,P007,Belt,Accessories,Düsseldorf,27,18,47.5,1282.37,29,46
2026-01-05,P007,Belt,Accessories,Essen,25,11,79.99,1999.85,103,26
2026-01-05,P007,Belt,Accessories,Köln,42,22,82.98,3485.24,47,56
2026-01-05,P007,Belt,Accessories,München,28,16,96.6,2704.94,28,59
2026-01-05,P007,Belt,Accessories,Berlin,24,13,86.34,2072.04,40,54
2026-01-05,P008,Winter Jacket,Outerwear,Düsseldorf,27,12,181.53,4901.26,125,26
2026-01-05,P008,Winter Jacket,Outerwear,Essen,27,18,90.64,2447.41,90,54
2026-01-05,P008,Winter Jacket,Outerwear,Köln,6,3,162.18,973.07,121,52
2026-01-05,P008,Winter Jacket,Outerwear,München,26,11,102.57,2666.81,104,31
2026-01-05,P008,Winter Jacket,Outerwear,Berlin,3,1,204.92,614.76,71,49
2026-01-05,P009,Blazer,Outerwear,Düsseldorf,10,6,190.5,1904.97,102,34
2026-01-05,P009,Blazer,Outerwear,Essen,38,28,133.94,5089.53,72,54
2026-01-05,P009,Blazer,Outerwear,Köln,36,15,106.61,3838.05,127,41
2026-01-05,P009,Blazer,Outerwear,München,8,3,213.59,1708.75,106,51
2026-01-05,P009,Blazer,Outerwear,Berlin,3,1,132.6,397.79,115,58
2026-01-05,P010,Sports Hoodie,Sportswear,Düsseldorf,9,3,104.71,942.42,79,31
2026-01-05,P010,Sports Hoodie,Sportswear,Essen,36,19,66.93,2409.63,46,48
2026-01-05,P010,Sports Hoodie,Sportswear,Köln,7,4,63.31,443.18,105,43
2026-01-05,P010,Sports Hoodie,Sportswear,München,25,13,47.76,1194.12,80,36
2026-01-05,P010,Sports Hoodie,Sportswear,Berlin,5,2,60.63,303.17,109,45
2026-01-06,P001,Basic T-Shirt,Clothing,Düsseldorf,10,7,45.99,459.89,61,39
2026-01-06,P001,Basic T-Shirt,Clothing,Essen,20,16,26.96,539.12,60,37
2026-01-06,P001,Basic T-Shirt,Clothing,Köln,37,20,23.87,883.24,89,29
2026-01-06,P001,Basic T-Shirt,Clothing,München,32,22,76.65,2452.77,80,41
2026-01-06,P001,Basic T-Shirt,Clothing,Berlin,42,26,71.8,3015.53,40,38
2026-01-06,P002,Slim Jeans,Clothing,Düsseldorf,17,7,74.72,1270.21,101,33
2026-01-06,P002,Slim Jeans,Clothing,Essen,23,14,49.04,1128.0,97,56
2026-01-06,P002,Slim Jeans,Clothing,Köln,32,12,51.15,1636.69,76,52
2026-01-06,P002,Slim Jeans,Clothing,München,12,7,69.03,828.32,78,53
2026-01-06,P002,Slim Jeans,Clothing,Berlin,20,8,41.82,836.4,105,33
2026-01-06,P003,Summer Dress,Clothing,Düsseldorf,0,1,71.35,0.0,107,54
2026-01-06,P003,Summer Dress,Clothing,Essen,31,12,64.23,1991.23,87,38
2026-01-06,P003,Summer Dress,Clothing,Köln,23,13,25.5,586.57,49,33
2026-01-06,P003,Summer Dress,Clothing,München,3,1,68.55,205.65,65,25
2026-01-06,P003,Summer Dress,Clothing,Berlin,20,11,50.13,1002.69,118,57
2026-01-06,P004,Sneakers,Shoes,Düsseldorf,14,8,115.62,1618.65,58,46
2026-01-06,P004,Sneakers,Shoes,Essen,28,16,88.07,2465.85,41,37
2026-01-06,P004,Sneakers,Shoes,Köln,30,25,110.54,3316.2,103,42
2026-01-06,P004,Sneakers,Shoes,München,23,13,74.71,1718.25,93,35
2026-01-06,P004,Sneakers,Shoes,Berlin,30,16,74.28,2228.53,60,46
2026-01-06,P005,Leather Boots,Shoes,Düsseldorf,24,18,139.03,3336.79,52,40
2026-01-06,P005,Leather Boots,Shoes,Essen,8,4,74.51,596.11,113,31
2026-01-06,P005,Leather Boots,Shoes,Köln,9,7,149.36,1344.21,109,58
2026-01-06,P005,Leather Boots,Shoes,München,16,9,117.79,1884.69,100,34
2026-01-06,P005,Leather Boots,Shoes,Berlin,10,5,108.77,1087.71,75,57
2026-01-06,P006,Handbag,Accessories,Düsseldorf,34,15,29.91,1016.88,47,44
2026-01-06,P006,Handbag,Accessories,Essen,27,20,21.88,590.71,40,47
2026-01-06,P006,Handbag,Accessories,Köln,17,6,33.94,577.04,120,49
2026-01-06,P006,Handbag,Accessories,München,8,6,72.83,582.64,71,58
2026-01-06,P006,Handbag,Accessories,Berlin,42,28,92.95,3903.78,69,36
2026-01-06,P007,Belt,Accessories,Düsseldorf,17,7,79.89,1358.2,69,40
2026-01-06,P007,Belt,Accessories,Essen,18,7,40.91,736.36,120,56
2026-01-06,P007,Belt,Accessories,Köln,28,14,64.89,1816.8,54,47
2026-01-06,P007,Belt,Accessories,München,5,2,70.58,352.92,115,54
2026-01-06,P007,Belt,Accessories,Berlin,34,24,92.88,3157.92,86,46
2026-01-06,P008,Winter Jacket,Outerwear,Düsseldorf,20,8,139.8,2795.97,76,32
2026-01-06,P008,Winter Jacket,Outerwear,Essen,43,19,141.12,6068.16,55,53
2026-01-06,P008,Winter Jacket,Outerwear,Köln,8,4,164.46,1315.72,137,27
2026-01-06,P008,Winter Jacket,Outerwear,München,8,4,141.67,1133.34,120,59
2026-01-06,P008,Winter Jacket,Outerwear,Berlin,19,8,85.54,1625.32,91,50
2026-01-06,P009,Blazer,Outerwear,Düsseldorf,19,13,219.79,4176.08,73,58
2026-01-06,P009,Blazer,Outerwear,Essen,24,11,202.49,4859.7,102,52
2026-01-06,P009,Blazer,Outerwear,Köln,12,7,150.65,1807.75,97,49
2026-01-06,P009,Blazer,Outerwear,München,5,2,123.96,619.81,126,31
2026-01-06,P009,Blazer,Outerwear,Berlin,14,11,199.66,2795.18,146,26
2026-01-06,P010,Sports Hoodie,Sportswear,Düsseldorf,22,9,91.46,2012.22,78,56
2026-01-06,P010,Sports Hoodie,Sportswear,Essen,34,17,55.43,1884.73,77,43
2026-01-06,P010,Sports Hoodie,Sportswear,Köln,22,15,104.06,2289.25,65,48
2026-01-06,P010,Sports Hoodie,Sportswear,München,12,5,108.93,1307.17,91,40
2026-01-06,P010,Sports Hoodie,Sportswear,Berlin,33,17,62.55,2064.18,57,39
2026-01-07,P001,Basic T-Shirt,Clothing,Düsseldorf,14,5,31.76,444.66,120,39
2026-01-07,P001,Basic T-Shirt,Clothing,Essen,22,13,25.69,565.25,65,56
2026-01-07,P001,Basic T-Shirt,Clothing,Köln,19,8,55.33,1051.27,117,28
2026-01-07,P001,Basic T-Shirt,Clothing,München,30,13,51.0,1530.09,99,41
2026-01-07,P001,Basic T-Shirt,Clothing,Berlin,17,7,44.98,764.61,89,44
2026-01-07,P002,Slim Jeans,Clothing,Düsseldorf,22,9,47.75,1050.46,89,33
2026-01-07,P002,Slim Jeans,Clothing,Essen,23,18,50.42,1159.57,115,51
2026-01-07,P002,Slim Jeans,Clothing,Köln,42,17,38.83,1631.03,56,28
2026-01-07,P002,Slim Jeans,Clothing,München,23,16,45.38,1043.76,58,41
2026-01-07,P002,Slim Jeans,Clothing,Berlin,17,11,70.78,1203.2,73,35
2026-01-07,P003,Summer Dress,Clothing,Düsseldorf,30,19,61.11,1833.38,110,36
2026-01-07,P003,Summer Dress,Clothing,Essen,17,13,25.67,436.42,89,35
2026-01-07,P003,Summer Dress,Clothing,Köln,27,21,67.37,1818.97,80,33
2026-01-07,P003,Summer Dress,Clothing,München,33,24,43.04,1420.23,104,34
2026-01-07,P003,Summer Dress,Clothing,Berlin,10,5,69.14,691.43,128,44
2026-01-07,P004,Sneakers,Shoes,Düsseldorf,4,3,67.38,269.5,87,35
2026-01-07,P004,Sneakers,Shoes,Essen,19,11,53.71,1020.51,76,59
2026-01-07,P004,Sneakers,Shoes,Köln,41,19,119.58,4902.72,28,40
2026-01-07,P004,Sneakers,Shoes,München,36,25,98.54,3547.4,83,32
2026-01-07,P004,Sneakers,Shoes,Berlin,15,6,50.33,754.92,100,57
2026-01-07,P005,Leather Boots,Shoes,Düsseldorf,3,1,128.75,386.25,143,30
2026-01-07,P005,Leather Boots,Shoes,Essen,8,6,63.49,507.95,89,49
2026-01-07,P005,Leather Boots,Shoes,Köln,17,7,116.32,1977.46,88,59
2026-01-07,P005,Leather Boots,Shoes,München,18,9,129.74,2335.41,100,58
2026-01-07,P005,Leather Boots,Shoes,Berlin,18,12,83.86,1509.41,82,31
2026-01-07,P006,Handbag,Accessories,Düsseldorf,12,6,40.84,490.05,98,53
2026-01-07,P006,Handbag,Accessories,Essen,27,13,60.79,1641.25,108,30
2026-01-07,P006,Handbag,Accessories,Köln,36,28,84.71,3049.64,40,56
2026-01-07,P006,Handbag,Accessories,München,31,13,94.95,2943.42,46,37
2026-01-07,P006,Handbag,Accessories,Berlin,27,21,38.91,1050.53,99,37
2026-01-07,P007,Belt,Accessories,Düsseldorf,19,14,59.77,1135.56,110,26
2026-01-07,P007,Belt,Accessories,Essen,22,15,77.28,1700.26,122,50
2026-01-07,P007,Belt,Accessories,Köln,21,12,33.98,713.59,119,53
2026-01-07,P007,Belt,Accessories,München,33,14,97.08,3203.61,105,29
2026-01-07,P007,Belt,Accessories,Berlin,32,17,30.82,986.27,79,48
2026-01-07,P008,Winter Jacket,Outerwear,Düsseldorf,35,15,84.09,2943.07,50,54
2026-01-07,P008,Winter Jacket,Outerwear,Essen,23,9,201.9,4643.72,105,41
2026-01-07,P008,Winter Jacket,Outerwear,Köln,9,3,110.57,995.16,59,36
2026-01-07,P008,Winter Jacket,Outerwear,München,17,9,117.21,1992.65,124,51
2026-01-07,P008,Winter Jacket,Outerwear,Berlin,6,2,114.19,685.15,99,53
2026-01-07,P009,Blazer,Outerwear,Düsseldorf,16,13,200.03,3200.42,129,33
2026-01-07,P009,Blazer,Outerwear,Essen,46,25,80.67,3710.69,11,59
2026-01-07,P009,Blazer,Outerwear,Köln,31,21,210.03,6510.95,39,52
2026-01-07,P009,Blazer,Outerwear,München,15,7,204.97,3074.49,91,39
2026-01-07,P009,Blazer,Outerwear,Berlin,35,15,140.05,4901.88,75,52
2026-01-07,P010,Sports Hoodie,Sportswear,Düsseldorf,19,12,113.59,2158.2,130,37
2026-01-07,P010,Sports Hoodie,Sportswear,Essen,10,6,104.81,1048.07,77,31
2026-01-07,P010,Sports Hoodie,Sportswear,Köln,29,14,36.98,1072.45,118,57
2026-01-07,P010,Sports Hoodie,Sportswear,München,34,21,50.25,1708.5,61,49
2026-01-07,P010,Sports Hoodie,Sportswear,Berlin,13,6,95.35,1239.61,105,41
2026-01-08,P001,Basic T-Shirt,Clothing,Düsseldorf,15,10,24.85,372.79,110,47
2026-01-08,P001,Basic T-Shirt,Clothing,Essen,31,22,27.95,866.53,57,40
2026-01-08,P001,Basic T-Shirt,Clothing,Köln,15,6,30.48,457.17,83,58
2026-01-08,P001,Basic T-Shirt,Clothing,München,7,3,67.59,473.15,151,33
2026-01-08,P001,Basic T-Shirt,Clothing,Berlin,20,13,56.32,1126.5,78,51
2026-01-08,P002,Slim Jeans,Clothing,Düsseldorf,29,15,27.98,811.28,46,36
2026-01-08,P002,Slim Jeans,Clothing,Essen,23,16,23.49,540.38,112,57
2026-01-08,P002,Slim Jeans,Clothing,Köln,18,9,34.97,629.44,150,54
2026-01-08,P002,Slim Jeans,Clothing,München,28,12,56.06,1569.61,98,38
2026-01-08,P002,Slim Jeans,Clothing,Berlin,18,7,61.27,1102.83,106,27
2026-01-08,P003,Summer Dress,Clothing,Düsseldorf,25,13,62.63,1565.77,34,58
2026-01-08,P003,Summer Dress,Clothing,Essen,19,8,44.61,847.57,54,52
2026-01-08,P003,Summer Dress,Clothing,Köln,8,3,43.78,350.21,153,50
2026-01-08,P003,Summer Dress,Clothing,München,25,18,23.3,582.45,157,40
2026-01-08,P003,Summer Dress,Clothing,Berlin,25,10,41.89,1047.18,38,37
2026-01-08,P004,Sneakers,Shoes,Düsseldorf,7,3,105.81,740.67,100,49
2026-01-08,P004,Sneakers,Shoes,Essen,22,13,58.25,1281.51,49,50
2026-01-08,P004,Sneakers,Shoes,Köln,15,11,82.66,1239.9,91,36
2026-01-08,P004,Sneakers,Shoes,München,9,6,143.51,1291.61,103,43
2026-01-08,P004,Sneakers,Shoes,Berlin,4,2,101.08,404.31,113,52
2026-01-08,P005,Leather Boots,Shoes,Düsseldorf,25,13,64.69,1617.34,108,59
2026-01-08,P005,Leather Boots,Shoes,Essen,22,9,57.2,1258.36,75,33
2026-01-08,P005,Leather Boots,Shoes,Köln,10,5,140.02,1400.22,106,36
2026-01-08,P005,Leather Boots,Shoes,München,20,12,51.92,1038.32,123,37
2026-01-08,P005,Leather Boots,Shoes,Berlin,36,25,76.23,2744.43,98,26
2026-01-08,P006,Handbag,Accessories,Düsseldorf,33,23,83.37,2751.26,84,36
2026-01-08,P006,Handbag,Accessories,Essen,32,20,59.59,1906.97,31,46
2026-01-08,P006,Handbag,Accessories,Köln,13,8,65.53,851.88,93,27
2026-01-08,P006,Handbag,Accessories,München,17,6,84.7,1439.96,74,44
2026-01-08,P006,Handbag,Accessories,Berlin,25,11,81.63,2040.87,127,40
2026-01-08,P007,Belt,Accessories,Düsseldorf,10,4,90.66,906.64,149,29
2026-01-08,P007,Belt,Accessories,Essen,30,14,59.59,1787.58,111,40
2026-01-08,P007,Belt,Accessories,Köln,31,14,69.4,2151.25,69,46
2026-01-08,P007,Belt,Accessories,München,18,7,51.89,933.95,128,33
2026-01-08,P007,Belt,Accessories,Berlin,36,26,80.88,2911.8,68,54
2026-01-08,P008,Winter Jacket,Outerwear,Düsseldorf,32,20,191.54,6129.32,50,59
2026-01-08,P008,Winter Jacket,Outerwear,Essen,13,7,208.01,2704.14,60,25
2026-01-08,P008,Winter Jacket,Outerwear,Köln,41,20,116.02,4756.7,66,31
2026-01-08,P008,Winter Jacket,Outerwear,München,20,10,114.58,2291.56,108,41
2026-01-08,P008,Winter Jacket,Outerwear,Berlin,3,1,91.2,273.61,114,54
2026-01-08,P009,Blazer,Outerwear,Düsseldorf,18,10,168.47,3032.45,113,25
2026-01-08,P009,Blazer,Outerwear,Essen,18,11,131.16,2360.94,40,51
2026-01-08,P009,Blazer,Outerwear,Köln,19,11,156.28,2969.26,72,43
2026-01-08,P009,Blazer,Outerwear,München,2,1,83.07,166.14,123,28
2026-01-08,P009,Blazer,Outerwear,Berlin,35,19,144.22,5047.79,41,56
2026-01-08,P010,Sports Hoodie,Sportswear,Düsseldorf,13,5,97.8,1271.46,67,54
2026-01-08,P010,Sports Hoodie,Sportswear,Essen,25,11,63.76,1593.99,86,52
2026-01-08,P010,Sports Hoodie,Sportswear,Köln,21,10,119.4,2507.35,74,37
2026-01-08,P010,Sports Hoodie,Sportswear,München,16,6,79.04,1264.59,79,42
2026-01-08,P010,Sports Hoodie,Sportswear,Berlin,42,20,94.05,3949.89,70,27
2026-01-09,P001,Basic T-Shirt,Clothing,Düsseldorf,12,8,49.31,591.77,101,54
2026-01-09,P001,Basic T-Shirt,Clothing,Essen,13,7,30.84,400.98,81,28
2026-01-09,P001,Basic T-Shirt,Clothing,Köln,28,11,39.47,1105.08,72,28
2026-01-09,P001,Basic T-Shirt,Clothing,München,26,21,36.66,953.23,114,29
2026-01-09,P001,Basic T-Shirt,Clothing,Berlin,27,15,33.14,894.84,109,26
2026-01-09,P002,Slim Jeans,Clothing,Düsseldorf,21,12,79.66,1672.9,66,56
2026-01-09,P002,Slim Jeans,Clothing,Essen,25,15,56.56,1414.03,56,43
2026-01-09,P002,Slim Jeans,Clothing,Köln,25,11,41.75,1043.64,87,40
2026-01-09,P002,Slim Jeans,Clothing,München,26,10,38.58,1003.18,76,27
2026-01-09,P002,Slim Jeans,Clothing,Berlin,23,12,27.44,631.23,24,47
2026-01-09,P003,Summer Dress,Clothing,Düsseldorf,22,10,64.05,1409.07,43,45
2026-01-09,P003,Summer Dress,Clothing,Essen,17,10,55.93,950.88,77,56
2026-01-09,P003,Summer Dress,Clothing,Köln,24,15,63.76,1530.22,110,51
2026-01-09,P003,Summer Dress,Clothing,München,19,9,37.92,720.54,115,49
2026-01-09,P003,Summer Dress,Clothing,Berlin,23,16,29.53,679.2,85,47
2026-01-09,P004,Sneakers,Shoes,Düsseldorf,13,10,129.11,1678.49,133,54
2026-01-09,P004,Sneakers,Shoes,Essen,16,7,122.46,1959.32,107,57
2026-01-09,P004,Sneakers,Shoes,Köln,25,10,87.52,2187.9,54,49
2026-01-09,P004,Sneakers,Shoes,München,10,5,143.08,1430.76,97,55
2026-01-09,P004,Sneakers,Shoes,Berlin,19,13,100.14,1902.7,105,25
2026-01-09,P005,Leather Boots,Shoes,Düsseldorf,19,11,55.32,1051.16,80,55
2026-01-09,P005,Leather Boots,Shoes,Essen,5,4,58.67,293.33,106,38
2026-01-09,P005,Leather Boots,Shoes,Köln,6,2,57.17,342.99,107,27
2026-01-09,P005,Leather Boots,Shoes,München,30,17,50.77,1523.18,127,28
2026-01-09,P005,Leather Boots,Shoes,Berlin,25,17,95.66,2391.5,93,49
2026-01-09,P006,Handbag,Accessories,Düsseldorf,25,11,39.56,989.08,99,30
2026-01-09,P006,Handbag,Accessories,Essen,10,7,44.61,446.05,106,26
2026-01-09,P006,Handbag,Accessories,Köln,22,16,49.77,1094.88,115,59
2026-01-09,P006,Handbag,Accessories,München,26,10,73.27,1905.02,52,32
2026-01-09,P006,Handbag,Accessories,Berlin,31,27,75.27,2333.42,95,56
2026-01-09,P007,Belt,Accessories,Düsseldorf,5,2,31.32,156.59,99,30
2026-01-09,P007,Belt,Accessories,Essen,31,19,48.68,1509.05,26,28
2026-01-09,P007,Belt,Accessories,Köln,18,11,56.24,1012.34,82,46
2026-01-09,P007,Belt,Accessories,München,0,1,58.54,0.0,134,53
2026-01-09,P007,Belt,Accessories,Berlin,9,4,20.25,182.28,122,37
2026-01-09,P008,Winter Jacket,Outerwear,Düsseldorf,14,11,150.4,2105.64,88,33
2026-01-09,P008,Winter Jacket,Outerwear,Essen,13,5,89.22,1159.81,104,47
2026-01-09,P008,Winter Jacket,Outerwear,Köln,30,12,127.1,3813.08,80,40
2026-01-09,P008,Winter Jacket,Outerwear,München,5,2,164.48,822.39,121,54
2026-01-09,P008,Winter Jacket,Outerwear,Berlin,28,16,119.09,3334.45,41,59
2026-01-09,P009,Blazer,Outerwear,Düsseldorf,16,6,109.52,1752.31,55,42
2026-01-09,P009,Blazer,Outerwear,Essen,41,36,168.84,6922.41,23,42
2026-01-09,P009,Blazer,Outerwear,Köln,18,8,86.72,1560.89,49,53
2026-01-09,P009,Blazer,Outerwear,München,35,27,179.79,6292.49,88,32
2026-01-09,P009,Blazer,Outerwear,Berlin,35,15,112.24,3928.5,93,25
2026-01-09,P010,Sports Hoodie,Sportswear,Düsseldorf,24,19,35.32,847.68,91,44
2026-01-09,P010,Sports Hoodie,Sportswear,Essen,18,12,52.59,946.68,72,51
2026-01-09,P010,Sports Hoodie,Sportswear,Köln,4,3,46.05,184.19,56,41
2026-01-09,P010,Sports Hoodie,Sportswear,München,22,8,38.22,840.9,99,51
2026-01-09,P010,Sports Hoodie,Sportswear,Berlin,12,4,108.22,1298.7,126,40
2026-01-10,P001,Basic T-Shirt,Clothing,Düsseldorf,20,16,63.69,1273.81,102,55
2026-01-10,P001,Basic T-Shirt,Clothing,Essen,18,7,71.47,1286.4,102,51
2026-01-10,P001,Basic T-Shirt,Clothing,Köln,32,23,61.05,1953.51,48,28
2026-01-10,P001,Basic T-Shirt,Clothing,München,27,15,65.85,1778.07,76,44
2026-01-10,P001,Basic T-Shirt,Clothing,Berlin,24,17,37.14,891.44,100,28
2026-01-10,P002,Slim Jeans,Clothing,Düsseldorf,9,5,31.91,287.19,90,56
2026-01-10,P002,Slim Jeans,Clothing,Essen,29,21,74.53,2161.4,45,53
2026-01-10,P002,Slim Jeans,Clothing,Köln,5,2,29.84,149.2,111,49
2026-01-10,P002,Slim Jeans,Clothing,München,14,8,48.6,680.41,70,55
2026-01-10,P002,Slim Jeans,Clothing,Berlin,28,12,38.3,1072.52,137,54
2026-01-10,P003,Summer Dress,Clothing,Düsseldorf,28,12,29.37,822.28,81,52
2026-01-10,P003,Summer Dress,Clothing,Essen,26,10,72.2,1877.18,40,46
2026-01-10,P003,Summer Dress,Clothing,Köln,19,7,54.21,1030.0,96,47
2026-01-10,P003,Summer Dress,Clothing,München,22,19,55.29,1216.4,81,32
2026-01-10,P003,Summer Dress,Clothing,Berlin,37,21,67.51,2497.91,98,51
2026-01-10,P004,Sneakers,Shoes,Düsseldorf,22,15,137.11,3016.38,120,29
2026-01-10,P004,Sneakers,Shoes,Essen,26,12,94.83,2465.55,92,27
2026-01-10,P004,Sneakers,Shoes,Köln,15,6,76.85,1152.79,83,48
2026-01-10,P004,Sneakers,Shoes,München,10,5,119.47,1194.67,115,33
2026-01-10,P004,Sneakers,Shoes,Berlin,18,14,144.69,2604.39,97,55
2026-01-10,P005,Leather Boots,Shoes,Düsseldorf,23,10,130.57,3003.11,80,50
2026-01-10,P005,Leather Boots,Shoes,Essen,6,4,79.93,479.56,97,41
2026-01-10,P005,Leather Boots,Shoes,Köln,29,14,143.67,4166.4,78,54
2026-01-10,P005,Leather Boots,Shoes,München,37,20,71.32,2638.86,58,25
2026-01-10,P005,Leather Boots,Shoes,Berlin,28,21,54.69,1531.34,55,38
2026-01-10,P006,Handbag,Accessories,Düsseldorf,30,14,17.24,517.2,56,57
2026-01-10,P006,Handbag,Accessories,Essen,27,11,19.24,519.45,99,34
2026-01-10,P006,Handbag,Accessories,Köln,40,18,38.43,1537.0,74,47
2026-01-10,P006,Handbag,Accessories,München,34,23,57.93,1969.77,91,41
2026-01-10,P006,Handbag,Accessories,Berlin,31,22,86.56,2683.29,90,56
2026-01-10,P007,Belt,Accessories,Düsseldorf,37,25,21.05,778.88,48,42
2026-01-10,P007,Belt,Accessories,Essen,19,13,40.98,778.65,117,58
2026-01-10,P007,Belt,Accessories,Köln,31,26,95.5,2960.44,101,52
2026-01-10,P007,Belt,Accessories,München,6,3,71.17,427.02,124,39
2026-01-10,P007,Belt,Accessories,Berlin,28,12,23.33,653.17,61,29
2026-01-10,P008,Winter Jacket,Outerwear,Düsseldorf,26,14,170.5,4432.87,85,41
2026-01-10,P008,Winter Jacket,Outerwear,Essen,18,7,123.23,2218.22,86,48
2026-01-10,P008,Winter Jacket,Outerwear,Köln,7,5,126.25,883.74,71,53
2026-01-10,P008,Winter Jacket,Outerwear,München,25,11,158.44,3961.06,78,34
2026-01-10,P008,Winter Jacket,Outerwear,Berlin,36,19,197.51,7110.2,79,40
2026-01-10,P009,Blazer,Outerwear,Düsseldorf,5,2,102.04,510.19,75,49
2026-01-10,P009,Blazer,Outerwear,Essen,11,6,104.88,1153.71,59,27
2026-01-10,P009,Blazer,Outerwear,Köln,14,5,158.95,2225.25,159,35
2026-01-10,P009,Blazer,Outerwear,München,7,3,87.5,612.53,137,41
2026-01-10,P009,Blazer,Outerwear,Berlin,12,4,203.54,2442.52,73,50
2026-01-10,P010,Sports Hoodie,Sportswear,Düsseldorf,6,4,67.97,407.79,100,26
2026-01-10,P010,Sports Hoodie,Sportswear,Essen,8,3,69.87,558.96,131,32
2026-01-10,P010,Sports Hoodie,Sportswear,Köln,34,19,48.15,1636.94,99,39
2026-01-10,P010,Sports Hoodie,Sportswear,München,38,31,89.92,3416.92,59,56
2026-01-10,P010,Sports Hoodie,Sportswear,Berlin,15,6,100.51,1507.7,108,46
2026-01-11,P001,Basic T-Shirt,Clothing,Düsseldorf,10,7,63.83,638.3,150,55
2026-01-11,P001,Basic T-Shirt,Clothing,Essen,22,12,21.04,462.99,50,45
2026-01-11,P001,Basic T-Shirt,Clothing,Köln,17,7,43.53,740.05,102,39
2026-01-11,P001,Basic T-Shirt,Clothing,München,14,6,70.27,983.83,98,41
2026-01-11,P001,Basic T-Shirt,Clothing,Berlin,28,14,65.39,1830.94,69,30
2026-01-11,P002,Slim Jeans,Clothing,Düsseldorf,11,4,63.37,697.12,93,52
2026-01-11,P002,Slim Jeans,Clothing,Essen,21,8,62.84,1319.7,48,48
2026-01-11,P002,Slim Jeans,Clothing,Köln,18,13,60.23,1084.13,76,55
2026-01-11,P002,Slim Jeans,Clothing,München,18,7,22.39,403.08,100,45
2026-01-11,P002,Slim Jeans,Clothing,Berlin,8,3,36.36,290.91,50,34
2026-01-11,P003,Summer Dress,Clothing,Düsseldorf,37,22,35.55,1315.25,101,51
2026-01-11,P003,Summer Dress,Clothing,Essen,27,11,24.77,668.72,89,41
2026-01-11,P003,Summer Dress,Clothing,Köln,24,15,47.7,1144.71,71,44
2026-01-11,P003,Summer Dress,Clothing,München,9,5,41.78,376.05,112,57
2026-01-11,P003,Summer Dress,Clothing,Berlin,9,3,42.03,378.31,136,28
2026-01-11,P004,Sneakers,Shoes,Düsseldorf,16,8,60.63,970.07,76,43
2026-01-11,P004,Sneakers,Shoes,Essen,8,3,148.31,1186.5,83,35
2026-01-11,P004,Sneakers,Shoes,Köln,41,31,63.89,2619.49,63,52
2026-01-11,P004,Sneakers,Shoes,München,14,8,115.14,1611.94,109,30
2026-01-11,P004,Sneakers,Shoes,Berlin,24,13,51.98,1247.48,59,49
2026-01-11,P005,Leather Boots,Shoes,Düsseldorf,40,31,108.45,4338.04,52,50
2026-01-11,P005,Leather Boots,Shoes,Essen,30,16,80.55,2416.4,90,37
2026-01-11,P005,Leather Boots,Shoes,Köln,49,33,105.69,5178.61,50,38
2026-01-11,P005,Leather Boots,Shoes,München,11,8,136.09,1496.95,151,51
2026-01-11,P005,Leather Boots,Shoes,Berlin,14,6,88.07,1233.01,74,51
2026-01-11,P006,Handbag,Accessories,Düsseldorf,32,19,72.75,2328.12,125,37
2026-01-11,P006,Handbag,Accessories,Essen,7,3,54.38,380.69,137,52
2026-01-11,P006,Handbag,Accessories,Köln,27,12,65.82,1777.08,147,50
2026-01-11,P006,Handbag,Accessories,München,19,13,51.73,982.93,152,35
2026-01-11,P006,Handbag,Accessories,Berlin,4,2,82.04,328.16,101,25
2026-01-11,P007,Belt,Accessories,Düsseldorf,5,2,72.42,362.1,108,37
2026-01-11,P007,Belt,Accessories,Essen,36,19,46.0,1655.88,64,37
2026-01-11,P007,Belt,Accessories,Köln,6,5,24.88,149.26,134,55
2026-01-11,P007,Belt,Accessories,München,26,19,59.79,1554.49,93,31
2026-01-11,P007,Belt,Accessories,Berlin,20,16,55.12,1102.36,54,26
2026-01-11,P008,Winter Jacket,Outerwear,Düsseldorf,20,10,183.84,3676.75,40,53
2026-01-11,P008,Winter Jacket,Outerwear,Essen,0,1,193.14,0.0,122,47
2026-01-11,P008,Winter Jacket,Outerwear,Köln,25,18,161.74,4043.52,53,27
2026-01-11,P008,Winter Jacket,Outerwear,München,28,11,109.13,3055.69,81,33
2026-01-11,P008,Winter Jacket,Outerwear,Berlin,36,14,182.49,6569.74,61,31
2026-01-11,P009,Blazer,Outerwear,Düsseldorf,20,15,208.46,4169.18,65,28
2026-01-11,P009,Blazer,Outerwear,Essen,26,11,105.08,2732.17,54,28
2026-01-11,P009,Blazer,Outerwear,Köln,32,27,114.23,3655.35,50,39
2026-01-11,P009,Blazer,Outerwear,München,22,19,198.51,4367.25,119,48
2026-01-11,P009,Blazer,Outerwear,Berlin,22,10,173.63,3819.92,138,27
2026-01-11,P010,Sports Hoodie,Sportswear,Düsseldorf,11,5,104.17,1145.85,147,41
2026-01-11,P010,Sports Hoodie,Sportswear,Essen,21,9,119.07,2500.51,67,51
2026-01-11,P010,Sports Hoodie,Sportswear,Köln,13,6,77.35,1005.53,112,51
2026-01-11,P010,Sports Hoodie,Sportswear,München,21,12,90.9,1908.94,40,40
2026-01-11,P010,Sports Hoodie,Sportswear,Berlin,21,15,32.03,672.56,52,33
2026-01-12,P001,Basic T-Shirt,Clothing,Düsseldorf,36,23,54.74,1970.68,44,52
2026-01-12,P001,Basic T-Shirt,Clothing,Essen,15,6,76.74,1151.14,46,37
2026-01-12,P001,Basic T-Shirt,Clothing,Köln,31,12,49.85,1545.23,91,42
2026-01-12,P001,Basic T-Shirt,Clothing,München,17,6,22.36,380.15,71,57
2026-01-12,P001,Basic T-Shirt,Clothing,Berlin,26,13,25.17,654.43,64,33
2026-01-12,P002,Slim Jeans,Clothing,Düsseldorf,11,6,64.86,713.44,99,46
2026-01-12,P002,Slim Jeans,Clothing,Essen,29,12,77.88,2258.39,83,30
2026-01-12,P002,Slim Jeans,Clothing,Köln,28,25,50.53,1414.71,99,54
2026-01-12,P002,Slim Jeans,Clothing,München,28,20,44.48,1245.51,101,32
2026-01-12,P002,Slim Jeans,Clothing,Berlin,35,24,30.26,1058.97,87,53
2026-01-12,P003,Summer Dress,Clothing,Düsseldorf,34,17,63.46,2157.56,95,47
2026-01-12,P003,Summer Dress,Clothing,Essen,21,11,26.21,550.43,73,45
2026-01-12,P003,Summer Dress,Clothing,Köln,34,24,24.84,844.47,70,25
2026-01-12,P003,Summer Dress,Clothing,München,0,1,66.83,0.0,101,45
2026-01-12,P003,Summer Dress,Clothing,Berlin,29,15,29.83,865.05,54,36
2026-01-12,P004,Sneakers,Shoes,Düsseldorf,28,18,125.78,3521.93,67,31
2026-01-12,P004,Sneakers,Shoes,Essen,28,12,129.75,3633.07,63,47
2026-01-12,P004,Sneakers,Shoes,Köln,26,22,130.0,3380.05,84,29
2026-01-12,P004,Sneakers,Shoes,München,34,24,115.17,3915.66,28,42
2026-01-12,P004,Sneakers,Shoes,Berlin,13,5,145.35,1889.5,105,40
2026-01-12,P005,Leather Boots,Shoes,Düsseldorf,13,6,85.92,1116.96,92,58
2026-01-12,P005,Leather Boots,Shoes,Essen,5,2,70.99,354.93,142,56
2026-01-12,P005,Leather Boots,Shoes,Köln,27,12,90.23,2436.24,67,29
2026-01-12,P005,Leather Boots,Shoes,München,18,12,85.15,1532.66,87,59
2026-01-12,P005,Leather Boots,Shoes,Berlin,20,15,75.33,1506.54,131,35
2026-01-12,P006,Handbag,Accessories,Düsseldorf,21,11,79.6,1671.54,102,25
2026-01-12,P006,Handbag,Accessories,Essen,10,7,72.38,723.81,65,28
2026-01-12,P006,Handbag,Accessories,Köln,33,18,33.19,1095.2,66,59
2026-01-12,P006,Handbag,Accessories,München,31,15,51.41,1593.82,120,36
2026-01-12,P006,Handbag,Accessories,Berlin,26,21,39.13,1017.33,59,56
2026-01-12,P007,Belt,Accessories,Düsseldorf,8,3,26.91,215.3,111,50
2026-01-12,P007,Belt,Accessories,Essen,20,9,44.8,895.97,87,33
2026-01-12,P007,Belt,Accessories,Köln,4,2,78.2,312.81,127,59
2026-01-12,P007,Belt,Accessories,München,21,15,73.67,1547.11,145,52
2026-01-12,P007,Belt,Accessories,Berlin,15,7,43.06,645.84,122,51
2026-01-12,P008,Winter Jacket,Outerwear,Düsseldorf,18,7,218.46,3932.23,133,30
2026-01-12,P008,Winter Jacket,Outerwear,Essen,6,4,130.34,782.03,166,26
2026-01-12,P008,Winter Jacket,Outerwear,Köln,24,11,194.97,4679.33,81,30
2026-01-12,P008,Winter Jacket,Outerwear,München,32,13,181.21,5798.59,65,47
2026-01-12,P008,Winter Jacket,Outerwear,Berlin,19,12,207.02,3933.36,95,43
2026-01-12,P009,Blazer,Outerwear,Düsseldorf,19,8,163.77,3111.68,108,29
2026-01-12,P009,Blazer,Outerwear,Essen,7,3,157.46,1102.24,86,36
2026-01-12,P009,Blazer,Outerwear,Köln,19,12,146.12,2776.23,69,51
2026-01-12,P009,Blazer,Outerwear,München,18,10,174.13,3134.32,84,44
2026-01-12,P009,Blazer,Outerwear,Berlin,18,10,155.29,2795.29,73,57
2026-01-12,P010,Sports Hoodie,Sportswear,Düsseldorf,6,2,73.37,440.2,139,46
2026-01-12,P010,Sports Hoodie,Sportswear,Essen,31,22,103.9,3221.01,30,39
2026-01-12,P010,Sports Hoodie,Sportswear,Köln,10,4,71.7,717.01,79,55
2026-01-12,P010,Sports Hoodie,Sportswear,München,18,9,62.86,1131.52,83,51
2026-01-12,P010,Sports Hoodie,Sportswear,Berlin,36,30,81.35,2928.64,66,36
2026-01-13,P001,Basic T-Shirt,Clothing,Düsseldorf,13,5,41.02,533.32,78,48
2026-01-13,P001,Basic T-Shirt,Clothing,Essen,27,20,23.01,621.2,62,37
2026-01-13,P001,Basic T-Shirt,Clothing,Köln,21,10,57.87,1215.32,124,42
2026-01-13,P001,Basic T-Shirt,Clothing,München,13,6,27.23,353.93,109,45
2026-01-13,P001,Basic T-Shirt,Clothing,Berlin,34,21,30.57,1039.22,71,43
2026-01-13,P002,Slim Jeans,Clothing,Düsseldorf,19,7,41.62,790.87,121,48
2026-01-13,P002,Slim Jeans,Clothing,Essen,20,8,73.85,1476.91,75,45
2026-01-13,P002,Slim Jeans,Clothing,Köln,17,12,35.26,599.38,70,37
2026-01-13,P002,Slim Jeans,Clothing,München,13,8,41.97,545.6,128,29
2026-01-13,P002,Slim Jeans,Clothing,Berlin,13,5,49.86,648.12,113,52
2026-01-13,P003,Summer Dress,Clothing,Düsseldorf,19,7,48.49,921.22,120,34
2026-01-13,P003,Summer Dress,Clothing,Essen,20,8,20.26,405.14,79,43
2026-01-13,P003,Summer Dress,Clothing,Köln,37,26,52.64,1947.8,34,58
2026-01-13,P003,Summer Dress,Clothing,München,10,8,76.62,766.16,135,49
2026-01-13,P003,Summer Dress,Clothing,Berlin,6,3,49.14,294.84,90,52
2026-01-13,P004,Sneakers,Shoes,Düsseldorf,16,8,130.29,2084.6,84,46
2026-01-13,P004,Sneakers,Shoes,Essen,26,13,126.94,3300.45,100,39
2026-01-13,P004,Sneakers,Shoes,Köln,18,11,89.69,1614.36,92,33
2026-01-13,P004,Sneakers,Shoes,München,24,15,53.23,1277.49,66,29
2026-01-13,P004,Sneakers,Shoes,Berlin,27,15,114.11,3081.0,68,48
2026-01-13,P005,Leather Boots,Shoes,Düsseldorf,29,15,112.67,3267.4,86,51
2026-01-13,P005,Leather Boots,Shoes,Essen,0,1,73.42,0.0,153,40
2026-01-13,P005,Leather Boots,Shoes,Köln,25,10,90.47,2261.76,70,37
2026-01-13,P005,Leather Boots,Shoes,München,29,13,147.61,4280.74,101,53
2026-01-13,P005,Leather Boots,Shoes,Berlin,24,16,92.54,2220.91,103,39
2026-01-13,P006,Handbag,Accessories,Düsseldorf,17,8,64.79,1101.38,60,44
2026-01-13,P006,Handbag,Accessories,Essen,11,6,93.49,1028.34,99,41
2026-01-13,P006,Handbag,Accessories,Köln,26,13,64.97,1689.34,57,42
2026-01-13,P006,Handbag,Accessories,München,21,9,86.7,1820.76,68,51
2026-01-13,P006,Handbag,Accessories,Berlin,7,5,52.59,368.11,175,57
2026-01-13,P007,Belt,Accessories,Düsseldorf,35,19,62.14,2175.0,51,42
2026-01-13,P007,Belt,Accessories,Essen,28,21,17.29,484.15,79,42
2026-01-13,P007,Belt,Accessories,Köln,12,6,48.17,578.02,112,31
2026-01-13,P007,Belt,Accessories,München,14,7,72.99,1021.92,76,52
2026-01-13,P007,Belt,Accessories,Berlin,13,9,63.67,827.75,59,32
2026-01-13,P008,Winter Jacket,Outerwear,Düsseldorf,6,3,188.5,1131.02,110,32
2026-01-13,P008,Winter Jacket,Outerwear,Essen,10,4,136.34,1363.38,88,50
2026-01-13,P008,Winter Jacket,Outerwear,Köln,14,11,204.88,2868.37,103,32
2026-01-13,P008,Winter Jacket,Outerwear,München,17,9,153.56,2610.48,107,51
2026-01-13,P008,Winter Jacket,Outerwear,Berlin,28,17,199.39,5582.88,78,48
2026-01-13,P009,Blazer,Outerwear,Düsseldorf,25,10,198.11,4952.76,105,35
2026-01-13,P009,Blazer,Outerwear,Essen,39,16,114.7,4473.26,74,39
2026-01-13,P009,Blazer,Outerwear,Köln,24,12,150.16,3603.76,44,53
2026-01-13,P009,Blazer,Outerwear,München,39,26,211.07,8231.84,100,31
2026-01-13,P009,Blazer,Outerwear,Berlin,34,15,104.23,3543.67,69,36
2026-01-13,P010,Sports Hoodie,Sportswear,Düsseldorf,33,22,59.62,1967.31,73,45
2026-01-13,P010,Sports Hoodie,Sportswear,Essen,20,8,106.47,2129.43,99,43
2026-01-13,P010,Sports Hoodie,Sportswear,Köln,38,25,95.83,3641.46,73,53
2026-01-13,P010,Sports Hoodie,Sportswear,München,19,8,43.39,824.39,122,38
2026-01-13,P010,Sports Hoodie,Sportswear,Berlin,14,7,70.25,983.52,103,50
2026-01-14,P001,Basic T-Shirt,Clothing,Düsseldorf,19,16,30.83,585.74,101,46
2026-01-14,P001,Basic T-Shirt,Clothing,Essen,23,12,68.31,1571.07,99,38
2026-01-14,P001,Basic T-Shirt,Clothing,Köln,3,1,40.66,121.99,123,29
2026-01-14,P001,Basic T-Shirt,Clothing,München,27,12,56.6,1528.31,97,49
2026-01-14,P001,Basic T-Shirt,Clothing,Berlin,24,16,78.14,1875.29,77,26
2026-01-14,P002,Slim Jeans,Clothing,Düsseldorf,22,14,72.04,1584.95,74,44
2026-01-14,P002,Slim Jeans,Clothing,Essen,17,9,58.76,998.96,124,58
2026-01-14,P002,Slim Jeans,Clothing,Köln,0,1,59.92,0.0,89,41
2026-01-14,P002,Slim Jeans,Clothing,München,14,7,34.62,484.66,65,53
2026-01-14,P002,Slim Jeans,Clothing,Berlin,19,15,22.12,420.29,82,47
2026-01-14,P003,Summer Dress,Clothing,Düsseldorf,18,8,44.13,794.3,107,48
2026-01-14,P003,Summer Dress,Clothing,Essen,11,5,66.84,735.23,125,49
2026-01-14,P003,Summer Dress,Clothing,Köln,8,4,23.24,185.9,89,41
2026-01-14,P003,Summer Dress,Clothing,München,20,8,74.18,1483.57,86,35
2026-01-14,P003,Summer Dress,Clothing,Berlin,13,6,45.96,597.45,121,58
2026-01-14,P004,Sneakers,Shoes,Düsseldorf,43,27,83.06,3571.64,56,54
2026-01-14,P004,Sneakers,Shoes,Essen,17,7,68.71,1168.02,80,29
2026-01-14,P004,Sneakers,Shoes,Köln,16,13,73.29,1172.63,90,54
2026-01-14,P004,Sneakers,Shoes,München,11,5,117.15,1288.67,132,55
2026-01-14,P004,Sneakers,Shoes,Berlin,14,12,64.71,905.9,77,53
2026-01-14,P005,Leather Boots,Shoes,Düsseldorf,24,10,53.36,1280.66,85,44
2026-01-14,P005,Leather Boots,Shoes,Essen,21,12,75.12,1577.59,109,56
2026-01-14,P005,Leather Boots,Shoes,Köln,18,9,52.84,951.19,88,56
2026-01-14,P005,Leather Boots,Shoes,München,20,15,112.67,2253.35,125,25
2026-01-14,P005,Leather Boots,Shoes,Berlin,33,13,86.25,2846.22,29,39
2026-01-14,P006,Handbag,Accessories,Düsseldorf,36,14,59.1,2127.67,112,38
2026-01-14,P006,Handbag,Accessories,Essen,14,6,91.36,1279.01,92,52
2026-01-14,P006,Handbag,Accessories,Köln,23,15,23.71,545.27,84,38
2026-01-14,P006,Handbag,Accessories,München,6,2,47.48,284.89,53,56
2026-01-14,P006,Handbag,Accessories,Berlin,15,8,48.0,720.05,89,29
2026-01-14,P007,Belt,Accessories,Düsseldorf,25,15,74.6,1865.04,125,48
2026-01-14,P007,Belt,Accessories,Essen,32,21,26.03,832.96,49,30
2026-01-14,P007,Belt,Accessories,Köln,36,14,43.43,1563.59,41,43
2026-01-14,P007,Belt,Accessories,München,37,16,70.79,2619.21,64,38
2026-01-14,P007,Belt,Accessories,Berlin,12,7,85.67,1028.07,135,44
2026-01-14,P008,Winter Jacket,Outerwear,Düsseldorf,19,13,83.04,1577.67,80,35
2026-01-14,P008,Winter Jacket,Outerwear,Essen,15,7,138.04,2070.53,105,54
2026-01-14,P008,Winter Jacket,Outerwear,Köln,15,6,207.97,3119.58,106,58
2026-01-14,P008,Winter Jacket,Outerwear,München,12,5,172.72,2072.68,142,52
2026-01-14,P008,Winter Jacket,Outerwear,Berlin,20,17,180.22,3604.47,74,27
2026-01-14,P009,Blazer,Outerwear,Düsseldorf,25,20,174.35,4358.69,61,44
2026-01-14,P009,Blazer,Outerwear,Essen,6,3,217.01,1302.05,89,56
2026-01-14,P009,Blazer,Outerwear,Köln,24,18,103.27,2478.44,105,42
2026-01-14,P009,Blazer,Outerwear,München,31,17,80.79,2504.63,102,45
2026-01-14,P009,Blazer,Outerwear,Berlin,36,24,196.64,7078.87,68,42
2026-01-14,P010,Sports Hoodie,Sportswear,Düsseldorf,20,13,67.23,1344.5,77,39
2026-01-14,P010,Sports Hoodie,Sportswear,Essen,19,14,74.73,1419.87,118,53
2026-01-14,P010,Sports Hoodie,Sportswear,Köln,0,1,113.34,0.0,103,48
2026-01-14,P010,Sports Hoodie,Sportswear,München,28,19,85.49,2393.77,113,31
2026-01-14,P010,Sports Hoodie,Sportswear,Berlin,39,20,112.72,4395.93,77,50
2026-01-15,P001,Basic T-Shirt,Clothing,Düsseldorf,46,28,71.06,3268.59,94,26
2026-01-15,P001,Basic T-Shirt,Clothing,Essen,27,14,75.06,2026.55,56,44
2026-01-15,P001,Basic T-Shirt,Clothing,Köln,30,15,78.24,2347.29,114,34
2026-01-15,P001,Basic T-Shirt,Clothing,München,24,11,21.4,513.66,78,34
2026-01-15,P001,Basic T-Shirt,Clothing,Berlin,35,17,29.77,1041.88,99,48
2026-01-15,P002,Slim Jeans,Clothing,Düsseldorf,26,13,62.0,1611.97,81,42
2026-01-15,P002,Slim Jeans,Clothing,Essen,36,27,59.41,2138.66,16,50
2026-01-15,P002,Slim Jeans,Clothing,Köln,34,29,41.02,1394.62,72,33
2026-01-15,P002,Slim Jeans,Clothing,München,20,15,38.53,770.61,101,44
2026-01-15,P002,Slim Jeans,Clothing,Berlin,4,3,48.09,192.35,112,45
2026-01-15,P003,Summer Dress,Clothing,Düsseldorf,39,18,56.54,2204.9,74,54
2026-01-15,P003,Summer Dress,Clothing,Essen,16,7,63.31,1013.04,89,51
2026-01-15,P003,Summer Dress,Clothing,Köln,17,11,50.77,863.07,43,54
2026-01-15,P003,Summer Dress,Clothing,München,20,8,75.23,1504.67,76,31
2026-01-15,P003,Summer Dress,Clothing,Berlin,4,2,61.04,244.15,96,29
2026-01-15,P004,Sneakers,Shoes,Düsseldorf,45,31,122.15,5496.67,51,42
2026-01-15,P004,Sneakers,Shoes,Essen,25,20,118.94,2973.44,90,38
2026-01-15,P004,Sneakers,Shoes,Köln,23,17,66.44,1528.2,78,28
2026-01-15,P004,Sneakers,Shoes,München,29,17,80.19,2325.55,104,25
2026-01-15,P004,Sneakers,Shoes,Berlin,27,14,67.0,1808.89,62,26
2026-01-15,P005,Leather Boots,Shoes,Düsseldorf,27,14,132.77,3584.82,72,41
2026-01-15,P005,Leather Boots,Shoes,Essen,19,14,69.04,1311.82,109,33
2026-01-15,P005,Leather Boots,Shoes,Köln,18,8,52.29,941.23,67,46
2026-01-15,P005,Leather Boots,Shoes,München,9,6,66.68,600.15,140,59
2026-01-15,P005,Leather Boots,Shoes,Berlin,34,22,82.62,2809.13,105,29
2026-01-15,P006,Handbag,Accessories,Düsseldorf,27,16,97.48,2632.07,79,58
2026-01-15,P006,Handbag,Accessories,Essen,27,12,65.28,1762.64,51,56
2026-01-15,P006,Handbag,Accessories,Köln,20,10,94.91,1898.2,95,55
2026-01-15,P006,Handbag,Accessories,München,31,16,35.06,1086.85,54,59
2026-01-15,P006,Handbag,Accessories,Berlin,20,14,78.74,1574.72,41,28
2026-01-15,P007,Belt,Accessories,Düsseldorf,48,20,74.76,3588.53,40,53
2026-01-15,P007,Belt,Accessories,Essen,11,4,97.57,1073.26,129,40
2026-01-15,P007,Belt,Accessories,Köln,9,7,92.05,828.45,101,51
2026-01-15,P007,Belt,Accessories,München,14,8,76.63,1072.86,81,52
2026-01-15,P007,Belt,Accessories,Berlin,5,2,87.07,435.34,79,56
2026-01-15,P008,Winter Jacket,Outerwear,Düsseldorf,4,1,148.68,594.71,109,27
2026-01-15,P008,Winter Jacket,Outerwear,Essen,14,7,110.97,1553.64,105,44
2026-01-15,P008,Winter Jacket,Outerwear,Köln,21,8,97.26,2042.54,43,52
2026-01-15,P008,Winter Jacket,Outerwear,München,19,7,110.58,2100.95,103,44
2026-01-15,P008,Winter Jacket,Outerwear,Berlin,26,23,171.65,4462.94,90,25
2026-01-15,P009,Blazer,Outerwear,Düsseldorf,38,22,175.51,6669.27,83,50
2026-01-15,P009,Blazer,Outerwear,Essen,25,11,190.08,4752.05,60,37
2026-01-15,P009,Blazer,Outerwear,Köln,17,9,120.07,2041.16,63,38
2026-01-15,P009,Blazer,Outerwear,München,24,17,130.96,3143.1,95,56
2026-01-15,P009,Blazer,Outerwear,Berlin,33,15,184.39,6084.83,98,39
2026-01-15,P010,Sports Hoodie,Sportswear,Düsseldorf,40,22,78.57,3142.73,45,36
2026-01-15,P010,Sports Hoodie,Sportswear,Essen,16,8,119.86,1917.72,123,54
2026-01-15,P010,Sports Hoodie,Sportswear,Köln,16,6,64.86,1037.8,103,55
2026-01-15,P010,Sports Hoodie,Sportswear,München,0,1,66.63,0.0,152,27
2026-01-15,P010,Sports Hoodie,Sportswear,Berlin,18,10,48.76,877.69,67,35
2026-01-16,P001,Basic T-Shirt,Clothing,Düsseldorf,23,11,39.93,918.4,110,27
2026-01-16,P001,Basic T-Shirt,Clothing,Essen,14,10,68.23,955.17,93,56
2026-01-16,P001,Basic T-Shirt,Clothing,Köln,13,10,43.75,568.75,96,31
2026-01-16,P001,Basic T-Shirt,Clothing,München,13,6,79.96,1039.54,75,28
2026-01-16,P001,Basic T-Shirt,Clothing,Berlin,16,9,46.03,736.43,37,47
2026-01-16,P002,Slim Jeans,Clothing,Düsseldorf,20,8,26.55,530.95,80,51
2026-01-16,P002,Slim Jeans,Clothing,Essen,5,3,38.98,194.9,108,33
2026-01-16,P002,Slim Jeans,Clothing,Köln,22,11,76.77,1688.99,87,43
2026-01-16,P002,Slim Jeans,Clothing,München,23,11,62.35,1433.96,58,58
2026-01-16,P002,Slim Jeans,Clothing,Berlin,29,12,32.15,932.43,115,40
2026-01-16,P003,Summer Dress,Clothing,Düsseldorf,3,1,67.6,202.8,142,59
2026-01-16,P003,Summer Dress,Clothing,Essen,16,6,29.41,470.51,96,53
2026-01-16,P003,Summer Dress,Clothing,Köln,10,8,38.61,386.13,73,59
2026-01-16,P003,Summer Dress,Clothing,München,44,37,64.06,2818.81,63,35
2026-01-16,P003,Summer Dress,Clothing,Berlin,10,4,38.17,381.66,112,29
2026-01-16,P004,Sneakers,Shoes,Düsseldorf,30,18,90.45,2713.45,34,34
2026-01-16,P004,Sneakers,Shoes,Essen,38,19,73.69,2800.19,88,58
2026-01-16,P004,Sneakers,Shoes,Köln,4,3,133.68,534.71,75,35
2026-01-16,P004,Sneakers,Shoes,München,34,23,136.54,4642.21,78,41
2026-01-16,P004,Sneakers,Shoes,Berlin,22,10,105.92,2330.18,104,44
2026-01-16,P005,Leather Boots,Shoes,Düsseldorf,0,1,66.01,0.0,129,55
2026-01-16,P005,Leather Boots,Shoes,Essen,29,18,54.28,1574.23,64,35
2026-01-16,P005,Leather Boots,Shoes,Köln,8,6,125.84,1006.71,131,30
2026-01-16,P005,Leather Boots,Shoes,München,14,5,59.42,831.94,113,31
2026-01-16,P005,Leather Boots,Shoes,Berlin,33,16,127.06,4193.11,49,55
2026-01-16,P006,Handbag,Accessories,Düsseldorf,24,20,93.36,2240.76,77,53
2026-01-16,P006,Handbag,Accessories,Essen,27,17,20.45,552.13,94,43
2026-01-16,P006,Handbag,Accessories,Köln,36,23,70.06,2522.13,73,42
2026-01-16,P006,Handbag,Accessories,München,31,15,66.13,2050.15,50,54
2026-01-16,P006,Handbag,Accessories,Berlin,25,13,85.22,2130.43,55,54
2026-01-16,P007,Belt,Accessories,Düsseldorf,6,2,33.32,199.9,89,42
2026-01-16,P007,Belt,Accessories,Essen,4,1,66.34,265.36,163,43
2026-01-16,P007,Belt,Accessories,Köln,39,20,20.22,788.52,83,57
2026-01-16,P007,Belt,Accessories,München,32,28,75.95,2430.31,22,33
2026-01-16,P007,Belt,Accessories,Berlin,14,8,33.99,475.93,126,45
2026-01-16,P008,Winter Jacket,Outerwear,Düsseldorf,31,17,85.02,2635.47,82,36
2026-01-16,P008,Winter Jacket,Outerwear,Essen,24,11,210.65,5055.68,84,35
2026-01-16,P008,Winter Jacket,Outerwear,Köln,32,15,122.67,3925.33,76,39
2026-01-16,P008,Winter Jacket,Outerwear,München,27,12,123.42,3332.41,63,59
2026-01-16,P008,Winter Jacket,Outerwear,Berlin,9,3,177.17,1594.53,99,37
2026-01-16,P009,Blazer,Outerwear,Düsseldorf,17,9,149.16,2535.66,118,52
2026-01-16,P009,Blazer,Outerwear,Essen,15,12,191.36,2870.41,82,48
2026-01-16,P009,Blazer,Outerwear,Köln,32,19,196.5,6288.02,14,31
2026-01-16,P009,Blazer,Outerwear,München,8,6,151.79,1214.28,76,49
2026-01-16,P009,Blazer,Outerwear,Berlin,38,18,122.92,4670.89,62,31
2026-01-16,P010,Sports Hoodie,Sportswear,Düsseldorf,20,13,66.52,1330.35,43,51
2026-01-16,P010,Sports Hoodie,Sportswear,Essen,36,22,67.3,2422.68,86,51
2026-01-16,P010,Sports Hoodie,Sportswear,Köln,33,21,93.56,3087.32,60,58
2026-01-16,P010,Sports Hoodie,Sportswear,München,27,13,114.0,3077.92,93,50
2026-01-16,P010,Sports Hoodie,Sportswear,Berlin,21,15,73.7,1547.72,137,39
2026-01-17,P001,Basic T-Shirt,Clothing,Düsseldorf,6,4,58.8,352.77,112,30
2026-01-17,P001,Basic T-Shirt,Clothing,Essen,32,21,57.21,1830.62,46,50
2026-01-17,P001,Basic T-Shirt,Clothing,Köln,12,5,40.04,480.48,49,56
2026-01-17,P001,Basic T-Shirt,Clothing,München,40,18,46.24,1849.61,64,46
2026-01-17,P001,Basic T-Shirt,Clothing,Berlin,29,20,31.97,927.03,121,45
2026-01-17,P002,Slim Jeans,Clothing,Düsseldorf,17,10,44.69,759.71,91,38
2026-01-17,P002,Slim Jeans,Clothing,Essen,14,5,50.87,712.21,44,53
2026-01-17,P002,Slim Jeans,Clothing,Köln,28,17,60.92,1705.77,101,38
2026-01-17,P002,Slim Jeans,Clothing,München,9,3,55.61,500.52,147,53
2026-01-17,P002,Slim Jeans,Clothing,Berlin,32,19,62.04,1985.28,83,36
2026-01-17,P003,Summer Dress,Clothing,Düsseldorf,2,1,37.63,75.26,104,37
2026-01-17,P003,Summer Dress,Clothing,Essen,24,18,23.33,560.01,109,59
2026-01-17,P003,Summer Dress,Clothing,Köln,34,23,66.45,2259.18,81,27
2026-01-17,P003,Summer Dress,Clothing,München,30,22,27.74,832.25,47,35
2026-01-17,P003,Summer Dress,Clothing,Berlin,12,5,58.47,701.64,127,26
2026-01-17,P004,Sneakers,Shoes,Düsseldorf,40,21,70.13,2805.2,51,57
2026-01-17,P004,Sneakers,Shoes,Essen,24,19,115.34,2768.21,80,25
2026-01-17,P004,Sneakers,Shoes,Köln,23,13,123.96,2851.15,93,56
2026-01-17,P004,Sneakers,Shoes,München,26,17,84.0,2183.89,101,52
2026-01-17,P004,Sneakers,Shoes,Berlin,29,23,64.6,1873.43,101,36
2026-01-17,P005,Leather Boots,Shoes,Düsseldorf,13,6,112.33,1460.3,131,37
2026-01-17,P005,Leather Boots,Shoes,Essen,32,17,127.13,4068.07,90,51
2026-01-17,P005,Leather Boots,Shoes,Köln,21,15,110.31,2316.57,140,33
2026-01-17,P005,Leather Boots,Shoes,München,37,20,53.92,1994.94,83,34
2026-01-17,P005,Leather Boots,Shoes,Berlin,25,14,127.67,3191.87,149,55
2026-01-17,P006,Handbag,Accessories,Düsseldorf,30,16,83.69,2510.56,83,39
2026-01-17,P006,Handbag,Accessories,Essen,13,6,43.21,561.72,65,40
2026-01-17,P006,Handbag,Accessories,Köln,23,16,67.51,1552.71,94,48
2026-01-17,P006,Handbag,Accessories,München,20,17,33.36,667.18,98,28
2026-01-17,P006,Handbag,Accessories,Berlin,29,11,44.34,1285.72,98,47
2026-01-17,P007,Belt,Accessories,Düsseldorf,19,8,89.95,1709.03,63,36
2026-01-17,P007,Belt,Accessories,Essen,34,15,83.07,2824.55,71,46
2026-01-17,P007,Belt,Accessories,Köln,9,3,78.42,705.77,79,51
2026-01-17,P007,Belt,Accessories,München,18,10,97.19,1749.49,88,48
2026-01-17,P007,Belt,Accessories,Berlin,24,21,21.78,522.66,76,31
2026-01-17,P008,Winter Jacket,Outerwear,Düsseldorf,5,4,194.99,974.95,142,54
2026-01-17,P008,Winter Jacket,Outerwear,Essen,14,7,149.87,2098.12,114,46
2026-01-17,P008,Winter Jacket,Outerwear,Köln,13,9,119.81,1557.51,94,36
2026-01-17,P008,Winter Jacket,Outerwear,München,30,17,95.89,2876.6,78,32
2026-01-17,P008,Winter Jacket,Outerwear,Berlin,13,6,154.88,2013.43,82,25
2026-01-17,P009,Blazer,Outerwear,Düsseldorf,5,2,198.68,993.38,162,36
2026-01-17,P009,Blazer,Outerwear,Essen,25,15,120.65,3016.37,95,46
2026-01-17,P009,Blazer,Outerwear,Köln,32,19,146.83,4698.59,77,37
2026-01-17,P009,Blazer,Outerwear,München,23,16,140.36,3228.35,100,36
2026-01-17,P009,Blazer,Outerwear,Berlin,16,8,119.8,1916.76,97,52
2026-01-17,P010,Sports Hoodie,Sportswear,Düsseldorf,45,39,45.65,2054.39,58,33
2026-01-17,P010,Sports Hoodie,Sportswear,Essen,16,11,58.15,930.35,76,52
2026-01-17,P010,Sports Hoodie,Sportswear,Köln,19,9,60.77,1154.61,113,57
2026-01-17,P010,Sports Hoodie,Sportswear,München,32,23,60.93,1949.86,51,50
2026-01-17,P010,Sports Hoodie,Sportswear,Berlin,8,6,77.51,620.1,104,35
2026-01-18,P001,Basic T-Shirt,Clothing,Düsseldorf,40,29,58.56,2342.5,84,39
2026-01-18,P001,Basic T-Shirt,Clothing,Essen,17,9,58.59,995.97,61,26
2026-01-18,P001,Basic T-Shirt,Clothing,Köln,4,1,37.14,148.57,124,46
2026-01-18,P001,Basic T-Shirt,Clothing,München,20,8,22.76,455.25,115,37
2026-01-18,P001,Basic T-Shirt,Clothing,Berlin,14,10,52.13,729.84,69,54
2026-01-18,P002,Slim Jeans,Clothing,Düsseldorf,9,5,54.62,491.57,119,52
2026-01-18,P002,Slim Jeans,Clothing,Essen,15,7,37.48,562.13,43,47
2026-01-18,P002,Slim Jeans,Clothing,Köln,0,1,59.5,0.0,145,26
2026-01-18,P002,Slim Jeans,Clothing,München,6,2,69.37,416.23,118,42
2026-01-18,P002,Slim Jeans,Clothing,Berlin,16,10,42.97,687.55,75,37
2026-01-18,P003,Summer Dress,Clothing,Düsseldorf,17,8,21.61,367.44,117,47
2026-01-18,P003,Summer Dress,Clothing,Essen,15,10,64.26,963.85,136,45
2026-01-18,P003,Summer Dress,Clothing,Köln,27,16,55.36,1494.62,83,58
2026-01-18,P003,Summer Dress,Clothing,München,20,11,61.69,1233.75,155,33
2026-01-18,P003,Summer Dress,Clothing,Berlin,15,8,74.32,1114.76,81,51
2026-01-18,P004,Sneakers,Shoes,Düsseldorf,22,9,65.81,1447.93,67,53
2026-01-18,P004,Sneakers,Shoes,Essen,36,27,93.27,3357.87,76,58
2026-01-18,P004,Sneakers,Shoes,Köln,18,7,77.13,1388.31,78,37
2026-01-18,P004,Sneakers,Shoes,München,26,10,148.76,3867.73,63,27
2026-01-18,P004,Sneakers,Shoes,Berlin,28,11,79.44,2224.27,55,27
2026-01-18,P005,Leather Boots,Shoes,Düsseldorf,8,3,79.71,637.71,131,45
2026-01-18,P005,Leather Boots,Shoes,Essen,7,3,125.16,876.13,56,29
2026-01-18,P005,Leather Boots,Shoes,Köln,32,16,146.54,4689.27,67,47
2026-01-18,P005,Leather Boots,Shoes,München,23,12,144.9,3332.77,108,52
2026-01-18,P005,Leather Boots,Shoes,Berlin,11,5,95.76,1053.36,74,57
2026-01-18,P006,Handbag,Accessories,Düsseldorf,1,1,91.37,91.37,79,59
2026-01-18,P006,Handbag,Accessories,Essen,22,16,89.61,1971.51,78,34
2026-01-18,P006,Handbag,Accessories,Köln,41,17,54.71,2243.3,39,28
2026-01-18,P006,Handbag,Accessories,München,26,20,34.11,886.85,89,32
2026-01-18,P006,Handbag,Accessories,Berlin,16,13,25.2,403.17,104,31
2026-01-18,P007,Belt,Accessories,Düsseldorf,11,7,38.29,421.23,100,38
2026-01-18,P007,Belt,Accessories,Essen,24,14,50.01,1200.13,96,27
2026-01-18,P007,Belt,Accessories,Köln,0,1,95.43,0.0,107,48
2026-01-18,P007,Belt,Accessories,München,20,10,61.8,1236.04,100,58
2026-01-18,P007,Belt,Accessories,Berlin,22,9,71.89,1581.47,81,27
2026-01-18,P008,Winter Jacket,Outerwear,Düsseldorf,3,2,123.67,371.0,131,59
2026-01-18,P008,Winter Jacket,Outerwear,Essen,8,4,220.0,1759.97,137,46
2026-01-18,P008,Winter Jacket,Outerwear,Köln,35,17,172.15,6025.13,72,29
2026-01-18,P008,Winter Jacket,Outerwear,München,4,3,93.07,372.26,129,59
2026-01-18,P008,Winter Jacket,Outerwear,Berlin,31,25,205.63,6374.55,75,35
2026-01-18,P009,Blazer,Outerwear,Düsseldorf,22,9,204.13,4490.85,58,37
2026-01-18,P009,Blazer,Outerwear,Essen,31,13,94.94,2943.14,80,49
2026-01-18,P009,Blazer,Outerwear,Köln,35,16,197.44,6910.43,57,58
2026-01-18,P009,Blazer,Outerwear,München,42,17,165.4,6946.66,61,37
2026-01-18,P009,Blazer,Outerwear,Berlin,39,17,101.29,3950.44,123,55
2026-01-18,P010,Sports Hoodie,Sportswear,Düsseldorf,5,2,90.1,450.48,116,48
2026-01-18,P010,Sports Hoodie,Sportswear,Essen,20,11,43.89,877.72,57,31
2026-01-18,P010,Sports Hoodie,Sportswear,Köln,21,10,36.55,767.5,65,43
2026-01-18,P010,Sports Hoodie,Sportswear,München,36,25,103.45,3724.25,30,33
2026-01-18,P010,Sports Hoodie,Sportswear,Berlin,29,23,30.84,894.46,82,58
2026-01-19,P001,Basic T-Shirt,Clothing,Düsseldorf,27,11,36.01,972.24,94,51
2026-01-19,P001,Basic T-Shirt,Clothing,Essen,6,3,37.49,224.92,81,45
2026-01-19,P001,Basic T-Shirt,Clothing,Köln,9,4,25.22,226.98,107,48
2026-01-19,P001,Basic T-Shirt,Clothing,München,11,7,34.66,381.21,72,35
2026-01-19,P001,Basic T-Shirt,Clothing,Berlin,29,23,36.77,1066.39,63,55
2026-01-19,P002,Slim Jeans,Clothing,Düsseldorf,15,6,70.26,1053.91,85,30
2026-01-19,P002,Slim Jeans,Clothing,Essen,25,10,42.44,1060.9,142,31
2026-01-19,P002,Slim Jeans,Clothing,Köln,31,26,60.23,1867.01,107,28
2026-01-19,P002,Slim Jeans,Clothing,München,23,9,66.92,1539.14,60,46
2026-01-19,P002,Slim Jeans,Clothing,Berlin,15,9,64.78,971.72,105,42
2026-01-19,P003,Summer Dress,Clothing,Düsseldorf,23,16,41.66,958.15,48,36
2026-01-19,P003,Summer Dress,Clothing,Essen,15,8,50.2,752.99,86,39
2026-01-19,P003,Summer Dress,Clothing,Köln,31,15,60.59,1878.43,61,27
2026-01-19,P003,Summer Dress,Clothing,München,14,8,37.47,524.56,57,54
2026-01-19,P003,Summer Dress,Clothing,Berlin,10,4,39.27,392.72,95,29
2026-01-19,P004,Sneakers,Shoes,Düsseldorf,30,14,62.95,1888.58,98,44
2026-01-19,P004,Sneakers,Shoes,Essen,0,1,137.66,0.0,134,32
2026-01-19,P004,Sneakers,Shoes,Köln,12,6,124.94,1499.28,106,31
2026-01-19,P004,Sneakers,Shoes,München,24,13,50.31,1207.47,98,42
2026-01-19,P004,Sneakers,Shoes,Berlin,40,18,96.04,3841.69,76,58
2026-01-19,P005,Leather Boots,Shoes,Düsseldorf,30,20,69.48,2084.51,53,42
2026-01-19,P005,Leather Boots,Shoes,Essen,42,22,121.93,5121.16,24,49
2026-01-19,P005,Leather Boots,Shoes,Köln,30,24,98.01,2940.37,49,32
2026-01-19,P005,Leather Boots,Shoes,München,36,23,125.65,4523.33,86,53
2026-01-19,P005,Leather Boots,Shoes,Berlin,26,13,120.02,3120.42,69,59
2026-01-19,P006,Handbag,Accessories,Düsseldorf,5,3,26.46,132.31,127,32
2026-01-19,P006,Handbag,Accessories,Essen,12,7,34.97,419.67,77,52
2026-01-19,P006,Handbag,Accessories,Köln,11,5,57.79,635.68,100,51
2026-01-19,P006,Handbag,Accessories,München,32,13,95.3,3049.51,97,41
2026-01-19,P006,Handbag,Accessories,Berlin,36,14,79.69,2868.88,17,34
2026-01-19,P007,Belt,Accessories,Düsseldorf,32,20,99.34,3178.82,67,34
2026-01-19,P007,Belt,Accessories,Essen,14,7,61.03,854.39,137,41
2026-01-19,P007,Belt,Accessories,Köln,39,28,51.26,1999.15,0,35
2026-01-19,P007,Belt,Accessories,München,29,21,73.08,2119.45,79,55
2026-01-19,P007,Belt,Accessories,Berlin,27,16,31.83,859.49,113,37
2026-01-19,P008,Winter Jacket,Outerwear,Düsseldorf,44,22,124.85,5493.22,42,26
2026-01-19,P008,Winter Jacket,Outerwear,Essen,6,2,99.92,599.5,121,40
2026-01-19,P008,Winter Jacket,Outerwear,Köln,11,8,210.47,2315.21,53,30
2026-01-19,P008,Winter Jacket,Outerwear,München,5,2,200.96,1004.78,113,33
2026-01-19,P008,Winter Jacket,Outerwear,Berlin,11,7,106.93,1176.19,141,34
2026-01-19,P009,Blazer,Outerwear,Düsseldorf,1,1,148.63,148.63,88,53
2026-01-19,P009,Blazer,Outerwear,Essen,19,8,213.63,4058.99,75,41
2026-01-19,P009,Blazer,Outerwear,Köln,16,11,171.35,2741.64,78,59
2026-01-19,P009,Blazer,Outerwear,München,2,1,162.48,324.96,74,39
2026-01-19,P009,Blazer,Outerwear,Berlin,10,4,212.65,2126.46,104,40
2026-01-19,P010,Sports Hoodie,Sportswear,Düsseldorf,39,16,78.62,3066.33,63,53
2026-01-19,P010,Sports Hoodie,Sportswear,Essen,33,14,35.38,1167.6,37,51
2026-01-19,P010,Sports Hoodie,Sportswear,Köln,29,12,75.83,2198.93,50,54
2026-01-19,P010,Sports Hoodie,Sportswear,München,31,19,47.1,1460.04,93,49
2026-01-19,P010,Sports Hoodie,Sportswear,Berlin,13,8,72.7,945.04,91,40
2026-01-20,P001,Basic T-Shirt,Clothing,Düsseldorf,25,17,60.55,1513.66,77,33
2026-01-20,P001,Basic T-Shirt,Clothing,Essen,39,19,44.75,1745.31,77,34
2026-01-20,P001,Basic T-Shirt,Clothing,Köln,27,11,31.25,843.68,66,29
2026-01-20,P001,Basic T-Shirt,Clothing,München,0,1,22.74,0.0,144,43
2026-01-20,P001,Basic T-Shirt,Clothing,Berlin,17,7,70.6,1200.14,96,37
2026-01-20,P002,Slim Jeans,Clothing,Düsseldorf,21,11,54.68,1148.3,108,55
2026-01-20,P002,Slim Jeans,Clothing,Essen,34,28,62.62,2129.1,88,59
2026-01-20,P002,Slim Jeans,Clothing,Köln,21,15,35.45,744.55,67,44
2026-01-20,P002,Slim Jeans,Clothing,München,19,11,20.59,391.16,135,51
2026-01-20,P002,Slim Jeans,Clothing,Berlin,18,9,72.94,1312.89,103,54
2026-01-20,P003,Summer Dress,Clothing,Düsseldorf,13,6,41.25,536.25,102,49
2026-01-20,P003,Summer Dress,Clothing,Essen,41,19,51.23,2100.59,63,36
2026-01-20,P003,Summer Dress,Clothing,Köln,34,22,44.4,1509.52,56,30
2026-01-20,P003,Summer Dress,Clothing,München,25,13,60.37,1509.19,124,36
2026-01-20,P003,Summer Dress,Clothing,Berlin,20,17,25.83,516.59,76,32
2026-01-20,P004,Sneakers,Shoes,Düsseldorf,21,18,58.23,1222.93,103,30
2026-01-20,P004,Sneakers,Shoes,Essen,28,13,149.98,4199.55,140,54
2026-01-20,P004,Sneakers,Shoes,Köln,24,13,125.92,3022.19,67,59
2026-01-20,P004,Sneakers,Shoes,München,37,23,149.71,5539.33,138,51
2026-01-20,P004,Sneakers,Shoes,Berlin,22,10,78.65,1730.32,127,42
2026-01-20,P005,Leather Boots,Shoes,Düsseldorf,12,10,137.42,1649.01,63,44
2026-01-20,P005,Leather Boots,Shoes,Essen,27,15,108.19,2921.17,93,50
2026-01-20,P005,Leather Boots,Shoes,Köln,11,5,143.85,1582.31,131,25
2026-01-20,P005,Leather Boots,Shoes,München,18,14,138.45,2492.1,133,34
2026-01-20,P005,Leather Boots,Shoes,Berlin,33,15,62.18,2051.85,74,29
2026-01-20,P006,Handbag,Accessories,Düsseldorf,18,12,76.62,1379.16,39,44
2026-01-20,P006,Handbag,Accessories,Essen,27,18,57.64,1556.28,78,44
2026-01-20,P006,Handbag,Accessories,Köln,10,4,77.07,770.69,97,32
2026-01-20,P006,Handbag,Accessories,München,23,12,39.04,897.98,79,54
2026-01-20,P006,Handbag,Accessories,Berlin,16,6,56.83,909.35,95,48
2026-01-20,P007,Belt,Accessories,Düsseldorf,35,20,55.58,1945.46,67,30
2026-01-20,P007,Belt,Accessories,Essen,11,4,57.04,627.4,121,57
2026-01-20,P007,Belt,Accessories,Köln,14,10,84.48,1182.76,83,29
2026-01-20,P007,Belt,Accessories,München,16,10,85.33,1365.22,91,57
2026-01-20,P007,Belt,Accessories,Berlin,17,9,77.03,1309.5,112,49
2026-01-20,P008,Winter Jacket,Outerwear,Düsseldorf,16,10,193.73,3099.72,103,35
2026-01-20,P008,Winter Jacket,Outerwear,Essen,28,14,166.93,4674.07,80,39
2026-01-20,P008,Winter Jacket,Outerwear,Köln,24,11,98.11,2354.64,110,56
2026-01-20,P008,Winter Jacket,Outerwear,München,5,2,165.69,828.46,107,26
2026-01-20,P008,Winter Jacket,Outerwear,Berlin,44,27,117.76,5181.47,58,32
2026-01-20,P009,Blazer,Outerwear,Düsseldorf,17,14,130.3,2215.03,106,40
2026-01-20,P009,Blazer,Outerwear,Essen,19,9,101.58,1930.04,125,26
2026-01-20,P009,Blazer,Outerwear,Köln,14,7,88.29,1236.08,119,39
2026-01-20,P009,Blazer,Outerwear,München,14,6,98.63,1380.83,95,36
2026-01-20,P009,Blazer,Outerwear,Berlin,30,18,215.49,6464.64,85,48
2026-01-20,P010,Sports Hoodie,Sportswear,Düsseldorf,15,10,79.16,1187.42,81,48
2026-01-20,P010,Sports Hoodie,Sportswear,Essen,17,9,111.85,1901.43,54,53
2026-01-20,P010,Sports Hoodie,Sportswear,Köln,20,9,70.71,1414.13,99,33
2026-01-20,P010,Sports Hoodie,Sportswear,München,15,11,96.31,1444.58,96,49
2026-01-20,P010,Sports Hoodie,Sportswear,Berlin,17,7,34.4,584.85,68,44
2026-01-21,P001,Basic T-Shirt,Clothing,Düsseldorf,7,3,79.67,557.66,94,44
2026-01-21,P001,Basic T-Shirt,Clothing,Essen,45,19,49.61,2232.49,42,45
2026-01-21,P001,Basic T-Shirt,Clothing,Köln,11,5,34.83,383.1,97,49
2026-01-21,P001,Basic T-Shirt,Clothing,München,21,9,56.67,1189.99,141,49
2026-01-21,P001,Basic T-Shirt,Clothing,Berlin,13,6,30.6,397.86,114,51
2026-01-21,P002,Slim Jeans,Clothing,Düsseldorf,9,3,39.85,358.63,109,42
2026-01-21,P002,Slim Jeans,Clothing,Essen,16,7,70.46,1127.41,57,50
2026-01-21,P002,Slim Jeans,Clothing,Köln,17,7,70.63,1200.73,94,59
2026-01-21,P002,Slim Jeans,Clothing,München,28,23,21.45,600.68,92,36
2026-01-21,P002,Slim Jeans,Clothing,Berlin,0,1,34.28,0.0,84,39
2026-01-21,P003,Summer Dress,Clothing,Düsseldorf,14,8,62.03,868.38,104,44
2026-01-21,P003,Summer Dress,Clothing,Essen,8,6,38.7,309.57,104,51
2026-01-21,P003,Summer Dress,Clothing,Köln,28,17,43.6,1220.77,43,49
2026-01-21,P003,Summer Dress,Clothing,München,2,1,39.26,78.51,113,33
2026-01-21,P003,Summer Dress,Clothing,Berlin,1,1,25.0,25.0,138,57
2026-01-21,P004,Sneakers,Shoes,Düsseldorf,10,5,129.7,1296.98,91,44
2026-01-21,P004,Sneakers,Shoes,Essen,32,15,78.08,2498.6,64,27
2026-01-21,P004,Sneakers,Shoes,Köln,17,8,74.61,1268.42,86,49
2026-01-21,P004,Sneakers,Shoes,München,22,13,123.98,2727.58,147,43
2026-01-21,P004,Sneakers,Shoes,Berlin,11,9,110.41,1214.5,73,38
2026-01-21,P005,Leather Boots,Shoes,Düsseldorf,3,2,128.15,384.46,93,57
2026-01-21,P005,Leather Boots,Shoes,Essen,18,8,52.23,940.14,80,43
2026-01-21,P005,Leather Boots,Shoes,Köln,14,7,100.49,1406.88,84,32
2026-01-21,P005,Leather Boots,Shoes,München,27,12,75.14,2028.7,105,54
2026-01-21,P005,Leather Boots,Shoes,Berlin,33,14,143.03,4720.06,59,31
2026-01-21,P006,Handbag,Accessories,Düsseldorf,20,10,58.52,1170.39,86,55
2026-01-21,P006,Handbag,Accessories,Essen,9,4,22.31,200.81,104,36
2026-01-21,P006,Handbag,Accessories,Köln,25,14,64.97,1624.19,136,42
2026-01-21,P006,Handbag,Accessories,München,40,32,46.82,1872.8,56,32
2026-01-21,P006,Handbag,Accessories,Berlin,8,5,72.64,581.09,106,57
2026-01-21,P007,Belt,Accessories,Düsseldorf,26,16,97.56,2536.69,67,40
2026-01-21,P007,Belt,Accessories,Essen,12,9,42.84,514.05,89,37
2026-01-21,P007,Belt,Accessories,Köln,5,4,54.23,271.16,142,47
2026-01-21,P007,Belt,Accessories,München,36,31,73.94,2661.95,74,56
2026-01-21,P007,Belt,Accessories,Berlin,29,12,26.06,755.62,113,42
2026-01-21,P008,Winter Jacket,Outerwear,Düsseldorf,28,11,177.09,4958.51,44,52
2026-01-21,P008,Winter Jacket,Outerwear,Essen,10,4,117.22,1172.18,110,58
2026-01-21,P008,Winter Jacket,Outerwear,Köln,24,21,185.57,4453.79,110,40
2026-01-21,P008,Winter Jacket,Outerwear,München,3,2,91.51,274.54,113,41
2026-01-21,P008,Winter Jacket,Outerwear,Berlin,14,6,184.9,2588.57,93,59
2026-01-21,P009,Blazer,Outerwear,Düsseldorf,28,23,193.32,5413.1,102,42
2026-01-21,P009,Blazer,Outerwear,Essen,13,6,180.69,2349.02,100,58
2026-01-21,P009,Blazer,Outerwear,Köln,45,25,184.98,8324.09,93,42
2026-01-21,P009,Blazer,Outerwear,München,31,13,214.65,6654.12,67,29
2026-01-21,P009,Blazer,Outerwear,Berlin,26,12,128.48,3340.51,42,55
2026-01-21,P010,Sports Hoodie,Sportswear,Düsseldorf,14,8,37.52,525.22,113,49
2026-01-21,P010,Sports Hoodie,Sportswear,Essen,20,8,117.06,2341.28,126,37
2026-01-21,P010,Sports Hoodie,Sportswear,Köln,23,11,33.54,771.51,88,49
2026-01-21,P010,Sports Hoodie,Sportswear,München,12,7,88.78,1065.34,74,58
2026-01-21,P010,Sports Hoodie,Sportswear,Berlin,14,7,31.97,447.52,94,29
2026-01-22,P001,Basic T-Shirt,Clothing,Düsseldorf,29,19,69.5,2015.5,120,51
2026-01-22,P001,Basic T-Shirt,Clothing,Essen,32,17,78.21,2502.59,83,59
2026-01-22,P001,Basic T-Shirt,Clothing,Köln,25,14,53.77,1344.29,65,44
2026-01-22,P001,Basic T-Shirt,Clothing,München,41,17,45.98,1885.21,41,40
2026-01-22,P001,Basic T-Shirt,Clothing,Berlin,24,16,74.24,1781.81,77,32
2026-01-22,P002,Slim Jeans,Clothing,Düsseldorf,34,14,38.69,1315.61,59,52
2026-01-22,P002,Slim Jeans,Clothing,Essen,6,5,63.8,382.81,75,39
2026-01-22,P002,Slim Jeans,Clothing,Köln,7,4,70.98,496.86,97,48
2026-01-22,P002,Slim Jeans,Clothing,München,22,14,76.8,1689.58,113,54
2026-01-22,P002,Slim Jeans,Clothing,Berlin,29,18,59.92,1737.68,66,49
2026-01-22,P003,Summer Dress,Clothing,Düsseldorf,35,14,59.12,2069.12,79,46
2026-01-22,P003,Summer Dress,Clothing,Essen,29,16,33.29,965.36,112,37
2026-01-22,P003,Summer Dress,Clothing,Köln,29,17,59.53,1726.39,94,38
2026-01-22,P003,Summer Dress,Clothing,München,17,13,62.8,1067.55,108,38
2026-01-22,P003,Summer Dress,Clothing,Berlin,21,11,64.68,1358.35,137,54
2026-01-22,P004,Sneakers,Shoes,Düsseldorf,0,1,99.1,0.0,119,41
2026-01-22,P004,Sneakers,Shoes,Essen,16,14,144.64,2314.23,129,35
2026-01-22,P004,Sneakers,Shoes,Köln,33,23,131.89,4352.38,123,42
2026-01-22,P004,Sneakers,Shoes,München,13,10,70.76,919.89,147,29
2026-01-22,P004,Sneakers,Shoes,Berlin,23,11,129.93,2988.48,96,45
2026-01-22,P005,Leather Boots,Shoes,Düsseldorf,14,5,128.48,1798.77,102,27
2026-01-22,P005,Leather Boots,Shoes,Essen,18,7,142.17,2559.06,70,38
2026-01-22,P005,Leather Boots,Shoes,Köln,15,9,131.64,1974.61,79,26
2026-01-22,P005,Leather Boots,Shoes,München,30,14,145.79,4373.72,78,42
2026-01-22,P005,Leather Boots,Shoes,Berlin,27,21,116.62,3148.74,65,50
2026-01-22,P006,Handbag,Accessories,Düsseldorf,32,14,79.33,2538.47,84,47
2026-01-22,P006,Handbag,Accessories,Essen,15,6,41.31,619.66,66,59
2026-01-22,P006,Handbag,Accessories,Köln,10,6,87.22,872.22,66,41
2026-01-22,P006,Handbag,Accessories,München,24,20,17.89,429.34,58,31
2026-01-22,P006,Handbag,Accessories,Berlin,5,2,68.9,344.51,95,49
2026-01-22,P007,Belt,Accessories,Düsseldorf,21,8,36.33,763.02,82,47
2026-01-22,P007,Belt,Accessories,Essen,6,3,16.74,100.45,124,39
2026-01-22,P007,Belt,Accessories,Köln,13,8,72.74,945.62,133,38
2026-01-22,P007,Belt,Accessories,München,16,7,15.6,249.62,95,41
2026-01-22,P007,Belt,Accessories,Berlin,30,26,40.52,1215.46,70,28
2026-01-22,P008,Winter Jacket,Outerwear,Düsseldorf,33,14,93.17,3074.58,94,55
2026-01-22,P008,Winter Jacket,Outerwear,Essen,13,6,147.38,1915.95,97,32
2026-01-22,P008,Winter Jacket,Outerwear,Köln,15,6,149.35,2240.2,82,51
2026-01-22,P008,Winter Jacket,Outerwear,München,13,5,89.07,1157.88,84,27
2026-01-22,P008,Winter Jacket,Outerwear,Berlin,2,1,167.47,334.95,98,54
2026-01-22,P009,Blazer,Outerwear,Düsseldorf,7,3,202.29,1416.06,75,52
2026-01-22,P009,Blazer,Outerwear,Essen,16,10,101.13,1618.14,73,41
2026-01-22,P009,Blazer,Outerwear,Köln,37,30,140.29,5190.73,104,50
2026-01-22,P009,Blazer,Outerwear,München,9,7,108.43,975.85,86,35
2026-01-22,P009,Blazer,Outerwear,Berlin,8,5,115.3,922.41,131,42
2026-01-22,P010,Sports Hoodie,Sportswear,Düsseldorf,24,10,39.49,947.85,92,35
2026-01-22,P010,Sports Hoodie,Sportswear,Essen,3,1,54.57,163.71,145,54
2026-01-22,P010,Sports Hoodie,Sportswear,Köln,29,12,117.99,3421.7,62,34
2026-01-22,P010,Sports Hoodie,Sportswear,München,24,13,48.48,1163.46,133,32
2026-01-22,P010,Sports Hoodie,Sportswear,Berlin,4,1,68.28,273.11,78,29
2026-01-23,P001,Basic T-Shirt,Clothing,Düsseldorf,4,2,21.39,85.57,120,27
2026-01-23,P001,Basic T-Shirt,Clothing,Essen,23,11,56.05,1289.21,63,25
2026-01-23,P001,Basic T-Shirt,Clothing,Köln,13,7,54.17,704.17,47,50
2026-01-23,P001,Basic T-Shirt,Clothing,München,10,4,25.84,258.44,79,46
2026-01-23,P001,Basic T-Shirt,Clothing,Berlin,29,14,51.53,1494.43,89,25
2026-01-23,P002,Slim Jeans,Clothing,Düsseldorf,38,20,67.49,2564.6,44,28
2026-01-23,P002,Slim Jeans,Clothing,Essen,26,14,24.09,626.44,93,30
2026-01-23,P002,Slim Jeans,Clothing,Köln,24,13,30.48,731.62,48,29
2026-01-23,P002,Slim Jeans,Clothing,München,25,16,71.48,1786.92,97,59
2026-01-23,P002,Slim Jeans,Clothing,Berlin,28,13,25.75,721.0,64,51
2026-01-23,P003,Summer Dress,Clothing,Düsseldorf,22,10,31.24,687.22,111,46
2026-01-23,P003,Summer Dress,Clothing,Essen,13,11,36.17,470.2,105,48
2026-01-23,P003,Summer Dress,Clothing,Köln,27,22,32.5,877.39,17,38
2026-01-23,P003,Summer Dress,Clothing,München,12,8,65.06,780.67,104,55
2026-01-23,P003,Summer Dress,Clothing,Berlin,24,9,50.52,1212.4,99,51
2026-01-23,P004,Sneakers,Shoes,Düsseldorf,18,10,110.46,1988.22,96,45
2026-01-23,P004,Sneakers,Shoes,Essen,27,16,52.24,1410.46,88,48
2026-01-23,P004,Sneakers,Shoes,Köln,14,7,62.06,868.8,96,30
2026-01-23,P004,Sneakers,Shoes,München,13,6,91.17,1185.17,124,29
2026-01-23,P004,Sneakers,Shoes,Berlin,31,15,111.06,3442.91,60,33
2026-01-23,P005,Leather Boots,Shoes,Düsseldorf,39,33,138.29,5393.34,55,45
2026-01-23,P005,Leather Boots,Shoes,Essen,17,8,101.94,1732.94,69,26
2026-01-23,P005,Leather Boots,Shoes,Köln,22,10,114.83,2526.22,91,52
2026-01-23,P005,Leather Boots,Shoes,München,28,21,60.98,1707.38,106,34
2026-01-23,P005,Leather Boots,Shoes,Berlin,23,9,59.47,1367.7,93,55
2026-01-23,P006,Handbag,Accessories,Düsseldorf,23,9,29.42,676.75,80,34
2026-01-23,P006,Handbag,Accessories,Essen,18,15,19.02,342.27,57,38
2026-01-23,P006,Handbag,Accessories,Köln,25,13,59.78,1494.46,49,50
2026-01-23,P006,Handbag,Accessories,München,34,21,32.36,1100.32,31,53
2026-01-23,P006,Handbag,Accessories,Berlin,20,11,92.5,1850.0,103,38
2026-01-23,P007,Belt,Accessories,Düsseldorf,10,4,73.63,736.29,121,31
2026-01-23,P007,Belt,Accessories,Essen,2,1,59.31,118.61,98,35
2026-01-23,P007,Belt,Accessories,Köln,17,7,66.86,1136.55,52,38
2026-01-23,P007,Belt,Accessories,München,36,26,28.5,1026.1,23,54
2026-01-23,P007,Belt,Accessories,Berlin,0,1,62.62,0.0,148,29
2026-01-23,P008,Winter Jacket,Outerwear,Düsseldorf,22,12,127.95,2814.99,106,50
2026-01-23,P008,Winter Jacket,Outerwear,Essen,34,17,146.81,4991.51,31,34
2026-01-23,P008,Winter Jacket,Outerwear,Köln,26,12,200.63,5216.33,89,58
2026-01-23,P008,Winter Jacket,Outerwear,München,28,11,213.39,5974.82,104,39
2026-01-23,P008,Winter Jacket,Outerwear,Berlin,21,18,99.49,2089.35,76,26
2026-01-23,P009,Blazer,Outerwear,Düsseldorf,37,18,175.33,6487.26,82,52
2026-01-23,P009,Blazer,Outerwear,Essen,27,13,129.59,3498.8,60,51
2026-01-23,P009,Blazer,Outerwear,Köln,24,12,82.24,1973.68,80,43
2026-01-23,P009,Blazer,Outerwear,München,25,10,85.97,2149.21,87,36
2026-01-23,P009,Blazer,Outerwear,Berlin,29,12,163.25,4734.34,101,34
2026-01-23,P010,Sports Hoodie,Sportswear,Düsseldorf,14,6,115.25,1613.57,59,52
2026-01-23,P010,Sports Hoodie,Sportswear,Essen,31,15,38.44,1191.75,51,27
2026-01-23,P010,Sports Hoodie,Sportswear,Köln,42,30,74.64,3134.89,63,41
2026-01-23,P010,Sports Hoodie,Sportswear,München,5,3,44.7,223.52,97,28
2026-01-23,P010,Sports Hoodie,Sportswear,Berlin,20,10,93.13,1862.56,50,38
2026-01-24,P001,Basic T-Shirt,Clothing,Düsseldorf,10,4,27.4,274.03,114,37
2026-01-24,P001,Basic T-Shirt,Clothing,Essen,20,8,22.04,440.84,113,56
2026-01-24,P001,Basic T-Shirt,Clothing,Köln,37,26,64.23,2376.49,33,52
2026-01-24,P001,Basic T-Shirt,Clothing,München,24,10,25.93,622.34,75,46
2026-01-24,P001,Basic T-Shirt,Clothing,Berlin,14,7,72.38,1013.31,87,53
2026-01-24,P002,Slim Jeans,Clothing,Düsseldorf,28,11,70.92,1985.86,94,51
2026-01-24,P002,Slim Jeans,Clothing,Essen,26,16,40.31,1048.05,60,36
2026-01-24,P002,Slim Jeans,Clothing,Köln,5,3,56.62,283.11,66,26
2026-01-24,P002,Slim Jeans,Clothing,München,9,5,64.82,583.38,115,26
2026-01-24,P002,Slim Jeans,Clothing,Berlin,10,5,24.18,241.77,132,50
2026-01-24,P003,Summer Dress,Clothing,Düsseldorf,33,13,35.17,1160.55,70,47
2026-01-24,P003,Summer Dress,Clothing,Essen,37,27,30.51,1128.81,78,57
2026-01-24,P003,Summer Dress,Clothing,Köln,23,15,50.05,1151.13,81,52
2026-01-24,P003,Summer Dress,Clothing,München,37,31,50.36,1863.49,30,31
2026-01-24,P003,Summer Dress,Clothing,Berlin,23,9,69.55,1599.69,60,26
2026-01-24,P004,Sneakers,Shoes,Düsseldorf,25,10,79.97,1999.24,98,38
2026-01-24,P004,Sneakers,Shoes,Essen,17,8,99.78,1696.23,94,39
2026-01-24,P004,Sneakers,Shoes,Köln,29,24,139.88,4056.51,41,26
2026-01-24,P004,Sneakers,Shoes,München,24,16,72.18,1732.37,85,33
2026-01-24,P004,Sneakers,Shoes,Berlin,16,9,99.6,1593.62,95,29
2026-01-24,P005,Leather Boots,Shoes,Düsseldorf,21,17,102.06,2143.22,98,48
2026-01-24,P005,Leather Boots,Shoes,Essen,17,10,51.49,875.32,95,29
2026-01-24,P005,Leather Boots,Shoes,Köln,15,9,105.57,1583.53,120,54
2026-01-24,P005,Leather Boots,Shoes,München,17,11,117.16,1991.66,75,46
2026-01-24,P005,Leather Boots,Shoes,Berlin,23,19,99.81,2295.64,119,53
2026-01-24,P006,Handbag,Accessories,Düsseldorf,29,13,96.81,2807.62,86,26
2026-01-24,P006,Handbag,Accessories,Essen,29,12,82.56,2394.28,86,50
2026-01-24,P006,Handbag,Accessories,Köln,26,20,55.23,1435.97,141,56
2026-01-24,P006,Handbag,Accessories,München,39,27,95.2,3712.82,86,33
2026-01-24,P006,Handbag,Accessories,Berlin,16,8,95.96,1535.42,71,42
2026-01-24,P007,Belt,Accessories,Düsseldorf,25,10,21.25,531.26,53,41
2026-01-24,P007,Belt,Accessories,Essen,22,12,15.88,349.39,114,35
2026-01-24,P007,Belt,Accessories,Köln,29,23,64.68,1875.78,111,39
2026-01-24,P007,Belt,Accessories,München,19,9,60.06,1141.08,102,57
2026-01-24,P007,Belt,Accessories,Berlin,12,5,83.07,996.85,98,48
2026-01-24,P008,Winter Jacket,Outerwear,Düsseldorf,13,8,103.68,1347.87,99,51
2026-01-24,P008,Winter Jacket,Outerwear,Essen,19,16,180.02,3420.46,112,32
2026-01-24,P008,Winter Jacket,Outerwear,Köln,22,11,143.38,3154.44,78,51
2026-01-24,P008,Winter Jacket,Outerwear,München,13,5,170.3,2213.93,117,36
2026-01-24,P008,Winter Jacket,Outerwear,Berlin,35,31,125.75,4401.3,48,34
2026-01-24,P009,Blazer,Outerwear,Düsseldorf,43,20,96.94,4168.6,38,48
2026-01-24,P009,Blazer,Outerwear,Essen,29,17,189.08,5483.41,56,53
2026-01-24,P009,Blazer,Outerwear,Köln,5,3,132.3,661.48,93,26
2026-01-24,P009,Blazer,Outerwear,München,11,5,174.97,1924.64,101,49
2026-01-24,P009,Blazer,Outerwear,Berlin,22,10,124.3,2734.63,81,45
2026-01-24,P010,Sports Hoodie,Sportswear,Düsseldorf,26,23,60.58,1574.98,59,37
2026-01-24,P010,Sports Hoodie,Sportswear,Essen,30,12,99.04,2971.33,47,27
2026-01-24,P010,Sports Hoodie,Sportswear,Köln,25,11,42.12,1052.91,64,36
2026-01-24,P010,Sports Hoodie,Sportswear,München,7,4,81.24,568.65,133,34
2026-01-24,P010,Sports Hoodie,Sportswear,Berlin,10,4,48.71,487.07,104,30
2026-01-25,P001,Basic T-Shirt,Clothing,Düsseldorf,7,4,45.09,315.65,102,29
2026-01-25,P001,Basic T-Shirt,Clothing,Essen,36,24,44.34,1596.18,41,49
2026-01-25,P001,Basic T-Shirt,Clothing,Köln,5,2,59.96,299.81,102,45
2026-01-25,P001,Basic T-Shirt,Clothing,München,22,11,64.33,1415.19,31,58
2026-01-25,P001,Basic T-Shirt,Clothing,Berlin,31,17,23.43,726.33,93,33
2026-01-25,P002,Slim Jeans,Clothing,Düsseldorf,23,13,55.61,1278.96,129,51
2026-01-25,P002,Slim Jeans,Clothing,Essen,14,8,26.19,366.67,106,26
2026-01-25,P002,Slim Jeans,Clothing,Köln,20,9,75.96,1519.24,134,43
2026-01-25,P002,Slim Jeans,Clothing,München,34,22,41.1,1397.39,55,39
2026-01-25,P002,Slim Jeans,Clothing,Berlin,26,13,45.4,1180.36,76,27
2026-01-25,P003,Summer Dress,Clothing,Düsseldorf,23,9,71.26,1639.06,79,29
2026-01-25,P003,Summer Dress,Clothing,Essen,11,9,38.67,425.35,99,27
2026-01-25,P003,Summer Dress,Clothing,Köln,15,8,52.49,787.33,73,26
2026-01-25,P003,Summer Dress,Clothing,München,12,9,26.44,317.22,108,32
2026-01-25,P003,Summer Dress,Clothing,Berlin,0,1,39.15,0.0,65,25
2026-01-25,P004,Sneakers,Shoes,Düsseldorf,17,8,133.1,2262.73,143,41
2026-01-25,P004,Sneakers,Shoes,Essen,15,10,116.35,1745.26,135,44
2026-01-25,P004,Sneakers,Shoes,Köln,18,10,89.31,1607.57,87,38
2026-01-25,P004,Sneakers,Shoes,München,34,28,69.94,2377.98,95,55
2026-01-25,P004,Sneakers,Shoes,Berlin,17,14,144.34,2453.74,61,37
2026-01-25,P005,Leather Boots,Shoes,Düsseldorf,22,9,105.87,2329.09,109,47
2026-01-25,P005,Leather Boots,Shoes,Essen,11,7,100.28,1103.12,101,32
2026-01-25,P005,Leather Boots,Shoes,Köln,36,28,139.05,5005.95,62,58
2026-01-25,P005,Leather Boots,Shoes,München,9,3,110.21,991.89,76,50
2026-01-25,P005,Leather Boots,Shoes,Berlin,16,8,132.14,2114.18,121,32
2026-01-25,P006,Handbag,Accessories,Düsseldorf,8,7,79.85,638.78,61,32
2026-01-25,P006,Handbag,Accessories,Essen,31,22,17.83,552.64,99,59
2026-01-25,P006,Handbag,Accessories,Köln,28,15,48.37,1354.23,103,38
2026-01-25,P006,Handbag,Accessories,München,11,6,92.18,1014.02,91,29
2026-01-25,P006,Handbag,Accessories,Berlin,25,14,20.69,517.3,51,43
2026-01-25,P007,Belt,Accessories,Düsseldorf,38,18,58.44,2220.87,45,53
2026-01-25,P007,Belt,Accessories,Essen,35,15,92.02,3220.6,98,39
2026-01-25,P007,Belt,Accessories,Köln,30,26,38.14,1144.18,121,29
2026-01-25,P007,Belt,Accessories,München,8,3,50.91,407.25,121,53
2026-01-25,P007,Belt,Accessories,Berlin,38,15,50.41,1915.6,21,46
2026-01-25,P008,Winter Jacket,Outerwear,Düsseldorf,13,8,162.87,2117.35,132,39
2026-01-25,P008,Winter Jacket,Outerwear,Essen,28,19,208.69,5843.43,75,26
2026-01-25,P008,Winter Jacket,Outerwear,Köln,12,5,199.78,2397.39,85,35
2026-01-25,P008,Winter Jacket,Outerwear,München,3,2,130.57,391.71,125,51
2026-01-25,P008,Winter Jacket,Outerwear,Berlin,31,12,196.54,6092.71,47,47
2026-01-25,P009,Blazer,Outerwear,Düsseldorf,18,14,127.34,2292.12,78,35
2026-01-25,P009,Blazer,Outerwear,Essen,0,1,109.34,0.0,104,33
2026-01-25,P009,Blazer,Outerwear,Köln,4,2,202.01,808.03,107,45
2026-01-25,P009,Blazer,Outerwear,München,28,11,134.82,3774.87,90,32
2026-01-25,P009,Blazer,Outerwear,Berlin,13,5,137.05,1781.66,132,37
2026-01-25,P010,Sports Hoodie,Sportswear,Düsseldorf,20,8,49.93,998.57,75,49
2026-01-25,P010,Sports Hoodie,Sportswear,Essen,21,10,65.57,1376.88,93,54
2026-01-25,P010,Sports Hoodie,Sportswear,Köln,38,30,59.53,2262.27,71,31
2026-01-25,P010,Sports Hoodie,Sportswear,München,20,8,85.7,1713.92,106,35
2026-01-25,P010,Sports Hoodie,Sportswear,Berlin,41,20,45.13,1850.2,75,48
2026-01-26,P001,Basic T-Shirt,Clothing,Düsseldorf,17,7,21.81,370.81,68,51
2026-01-26,P001,Basic T-Shirt,Clothing,Essen,23,17,58.31,1341.16,62,45
2026-01-26,P001,Basic T-Shirt,Clothing,Köln,43,30,48.76,2096.71,95,43
2026-01-26,P001,Basic T-Shirt,Clothing,München,17,11,24.21,411.49,151,41
2026-01-26,P001,Basic T-Shirt,Clothing,Berlin,8,4,68.28,546.26,151,54
2026-01-26,P002,Slim Jeans,Clothing,Düsseldorf,10,4,20.62,206.15,81,49
2026-01-26,P002,Slim Jeans,Clothing,Essen,18,12,27.06,487.07,55,46
2026-01-26,P002,Slim Jeans,Clothing,Köln,23,11,36.19,832.28,61,30
2026-01-26,P002,Slim Jeans,Clothing,München,34,13,72.19,2454.51,96,48
2026-01-26,P002,Slim Jeans,Clothing,Berlin,24,11,32.72,785.32,116,30
2026-01-26,P003,Summer Dress,Clothing,Düsseldorf,21,13,22.83,479.46,93,25
2026-01-26,P003,Summer Dress,Clothing,Essen,34,20,60.09,2043.07,53,47
2026-01-26,P003,Summer Dress,Clothing,Köln,18,12,55.84,1005.03,114,56
2026-01-26,P003,Summer Dress,Clothing,München,18,10,61.98,1115.63,94,59
2026-01-26,P003,Summer Dress,Clothing,Berlin,28,12,47.25,1323.09,66,32
2026-01-26,P004,Sneakers,Shoes,Düsseldorf,30,15,71.86,2155.9,37,34
2026-01-26,P004,Sneakers,Shoes,Essen,12,7,140.9,1690.82,74,56
2026-01-26,P004,Sneakers,Shoes,Köln,3,2,141.06,423.19,132,43
2026-01-26,P004,Sneakers,Shoes,München,34,22,113.71,3866.2,80,48
2026-01-26,P004,Sneakers,Shoes,Berlin,23,10,72.72,1672.54,87,33
2026-01-26,P005,Leather Boots,Shoes,Düsseldorf,18,12,130.48,2348.57,74,26
2026-01-26,P005,Leather Boots,Shoes,Essen,14,7,126.22,1767.11,113,44
2026-01-26,P005,Leather Boots,Shoes,Köln,30,13,121.41,3642.16,76,35
2026-01-26,P005,Leather Boots,Shoes,München,19,7,101.68,1931.91,48,34
2026-01-26,P005,Leather Boots,Shoes,Berlin,7,3,57.28,400.94,148,38
2026-01-26,P006,Handbag,Accessories,Düsseldorf,30,16,37.48,1124.45,67,49
2026-01-26,P006,Handbag,Accessories,Essen,11,5,25.96,285.57,110,33
2026-01-26,P006,Handbag,Accessories,Köln,0,1,33.6,0.0,118,48
2026-01-26,P006,Handbag,Accessories,München,14,5,49.82,697.53,116,51
2026-01-26,P006,Handbag,Accessories,Berlin,25,11,80.09,2002.34,73,37
2026-01-26,P007,Belt,Accessories,Düsseldorf,24,14,91.95,2206.72,129,46
2026-01-26,P007,Belt,Accessories,Essen,8,6,98.96,791.66,134,54
2026-01-26,P007,Belt,Accessories,Köln,22,13,20.1,442.15,65,47
2026-01-26,P007,Belt,Accessories,München,9,4,80.62,725.55,70,52
2026-01-26,P007,Belt,Accessories,Berlin,12,5,26.0,311.95,107,50
2026-01-26,P008,Winter Jacket,Outerwear,Düsseldorf,8,3,98.56,788.51,117,46
2026-01-26,P008,Winter Jacket,Outerwear,Essen,31,24,174.47,5408.58,109,51
2026-01-26,P008,Winter Jacket,Outerwear,Köln,5,3,149.2,746.01,90,52
2026-01-26,P008,Winter Jacket,Outerwear,München,8,7,160.55,1284.43,94,34
2026-01-26,P008,Winter Jacket,Outerwear,Berlin,25,13,168.29,4207.28,115,45
2026-01-26,P009,Blazer,Outerwear,Düsseldorf,22,19,146.81,3229.77,64,25
2026-01-26,P009,Blazer,Outerwear,Essen,0,1,112.13,0.0,112,39
2026-01-26,P009,Blazer,Outerwear,Köln,25,17,156.71,3917.77,91,29
2026-01-26,P009,Blazer,Outerwear,München,40,19,166.29,6651.74,92,31
2026-01-26,P009,Blazer,Outerwear,Berlin,29,14,219.53,6366.23,35,32
2026-01-26,P010,Sports Hoodie,Sportswear,Düsseldorf,0,1,65.84,0.0,145,26
2026-01-26,P010,Sports Hoodie,Sportswear,Essen,3,1,81.38,244.15,83,36
2026-01-26,P010,Sports Hoodie,Sportswear,Köln,31,23,36.47,1130.47,64,56
2026-01-26,P010,Sports Hoodie,Sportswear,München,20,8,94.27,1885.33,73,46
2026-01-26,P010,Sports Hoodie,Sportswear,Berlin,6,3,112.25,673.47,81,46
2026-01-27,P001,Basic T-Shirt,Clothing,Düsseldorf,9,3,76.61,689.49,126,41
2026-01-27,P001,Basic T-Shirt,Clothing,Essen,15,7,72.15,1082.3,114,31
2026-01-27,P001,Basic T-Shirt,Clothing,Köln,7,3,61.52,430.63,115,34
2026-01-27,P001,Basic T-Shirt,Clothing,München,24,12,47.85,1148.35,82,40
2026-01-27,P001,Basic T-Shirt,Clothing,Berlin,22,10,74.51,1639.13,52,56
2026-01-27,P002,Slim Jeans,Clothing,Düsseldorf,24,15,45.24,1085.7,42,25
2026-01-27,P002,Slim Jeans,Clothing,Essen,7,3,54.97,384.82,63,35
2026-01-27,P002,Slim Jeans,Clothing,Köln,6,3,22.55,135.33,111,58
2026-01-27,P002,Slim Jeans,Clothing,München,31,16,63.02,1953.56,35,55
2026-01-27,P002,Slim Jeans,Clothing,Berlin,32,17,23.89,764.35,79,48
2026-01-27,P003,Summer Dress,Clothing,Düsseldorf,11,6,36.05,396.5,88,53
2026-01-27,P003,Summer Dress,Clothing,Essen,4,2,41.12,164.48,105,33
2026-01-27,P003,Summer Dress,Clothing,Köln,15,11,62.15,932.2,113,36
2026-01-27,P003,Summer Dress,Clothing,München,7,2,72.15,505.02,133,26
2026-01-27,P003,Summer Dress,Clothing,Berlin,12,5,71.5,858.01,95,27
2026-01-27,P004,Sneakers,Shoes,Düsseldorf,28,13,116.04,3249.15,139,56
2026-01-27,P004,Sneakers,Shoes,Essen,20,12,68.21,1364.21,135,39
2026-01-27,P004,Sneakers,Shoes,Köln,11,8,74.74,822.17,127,27
2026-01-27,P004,Sneakers,Shoes,München,34,18,137.18,4664.23,82,30
2026-01-27,P004,Sneakers,Shoes,Berlin,5,2,137.78,688.9,112,58
2026-01-27,P005,Leather Boots,Shoes,Düsseldorf,34,15,51.87,1763.55,87,52
2026-01-27,P005,Leather Boots,Shoes,Essen,36,25,124.28,4474.18,33,47
2026-01-27,P005,Leather Boots,Shoes,Köln,30,25,142.26,4267.8,85,49
2026-01-27,P005,Leather Boots,Shoes,München,12,6,108.45,1301.38,67,35
2026-01-27,P005,Leather Boots,Shoes,Berlin,28,20,116.3,3256.43,70,36
2026-01-27,P006,Handbag,Accessories,Düsseldorf,19,9,69.79,1326.02,55,33
2026-01-27,P006,Handbag,Accessories,Essen,13,5,37.04,481.55,140,44
2026-01-27,P006,Handbag,Accessories,Köln,33,15,43.48,1434.95,38,57
2026-01-27,P006,Handbag,Accessories,München,23,19,26.11,600.52,86,46
2026-01-27,P006,Handbag,Accessories,Berlin,39,16,40.73,1588.53,73,42
2026-01-27,P007,Belt,Accessories,Düsseldorf,30,16,57.14,1714.12,77,26
2026-01-27,P007,Belt,Accessories,Essen,29,25,66.68,1933.69,100,51
2026-01-27,P007,Belt,Accessories,Köln,36,18,84.54,3043.51,84,34
2026-01-27,P007,Belt,Accessories,München,15,6,25.14,377.12,124,47
2026-01-27,P007,Belt,Accessories,Berlin,36,14,27.95,1006.24,20,40
2026-01-27,P008,Winter Jacket,Outerwear,Düsseldorf,27,13,117.72,3178.56,83,30
2026-01-27,P008,Winter Jacket,Outerwear,Essen,2,1,151.53,303.06,94,26
2026-01-27,P008,Winter Jacket,Outerwear,Köln,34,18,120.48,4096.43,42,36
2026-01-27,P008,Winter Jacket,Outerwear,München,25,10,187.38,4684.59,61,50
2026-01-27,P008,Winter Jacket,Outerwear,Berlin,15,6,148.66,2229.93,51,33
2026-01-27,P009,Blazer,Outerwear,Düsseldorf,14,12,107.73,1508.21,129,27
2026-01-27,P009,Blazer,Outerwear,Essen,11,5,129.26,1421.82,113,50
2026-01-27,P009,Blazer,Outerwear,Köln,22,11,123.65,2720.24,105,42
2026-01-27,P009,Blazer,Outerwear,München,22,13,170.87,3759.13,80,42
2026-01-27,P009,Blazer,Outerwear,Berlin,26,10,214.28,5571.25,102,33
2026-01-27,P010,Sports Hoodie,Sportswear,Düsseldorf,30,18,83.38,2501.38,79,55
2026-01-27,P010,Sports Hoodie,Sportswear,Essen,11,7,78.16,859.78,110,58
2026-01-27,P010,Sports Hoodie,Sportswear,Köln,33,21,63.39,2092.02,61,33
2026-01-27,P010,Sports Hoodie,Sportswear,München,15,7,81.81,1227.2,81,28
2026-01-27,P010,Sports Hoodie,Sportswear,Berlin,11,8,112.32,1235.48,80,33
2026-01-28,P001,Basic T-Shirt,Clothing,Düsseldorf,28,11,23.34,653.38,63,51
2026-01-28,P001,Basic T-Shirt,Clothing,Essen,22,16,60.89,1339.68,86,36
2026-01-28,P001,Basic T-Shirt,Clothing,Köln,9,6,75.17,676.51,121,44
2026-01-28,P001,Basic T-Shirt,Clothing,München,26,17,49.41,1284.71,104,38
2026-01-28,P001,Basic T-Shirt,Clothing,Berlin,14,7,59.63,834.88,89,36
2026-01-28,P002,Slim Jeans,Clothing,Düsseldorf,19,7,56.05,1065.04,67,35
2026-01-28,P002,Slim Jeans,Clothing,Essen,8,4,57.9,463.22,98,27
2026-01-28,P002,Slim Jeans,Clothing,Köln,1,1,49.3,49.3,145,28
2026-01-28,P002,Slim Jeans,Clothing,München,26,10,23.81,619.14,86,45
2026-01-28,P002,Slim Jeans,Clothing,Berlin,10,6,27.63,276.29,147,50
2026-01-28,P003,Summer Dress,Clothing,Düsseldorf,17,10,75.35,1280.95,103,56
2026-01-28,P003,Summer Dress,Clothing,Essen,32,13,54.17,1733.41,64,34
2026-01-28,P003,Summer Dress,Clothing,Köln,22,8,41.04,902.93,146,46
2026-01-28,P003,Summer Dress,Clothing,München,18,7,79.6,1432.71,41,27
2026-01-28,P003,Summer Dress,Clothing,Berlin,36,19,79.95,2878.22,50,41
2026-01-28,P004,Sneakers,Shoes,Düsseldorf,31,25,118.93,3686.71,38,28
2026-01-28,P004,Sneakers,Shoes,Essen,22,16,93.83,2064.35,64,59
2026-01-28,P004,Sneakers,Shoes,Köln,20,10,66.0,1320.01,38,26
2026-01-28,P004,Sneakers,Shoes,München,27,18,76.59,2068.05,23,42
2026-01-28,P004,Sneakers,Shoes,Berlin,33,18,63.74,2103.4,56,53
2026-01-28,P005,Leather Boots,Shoes,Düsseldorf,24,19,51.73,1241.49,85,25
2026-01-28,P005,Leather Boots,Shoes,Essen,24,11,143.22,3437.2,74,54
2026-01-28,P005,Leather Boots,Shoes,Köln,28,20,90.96,2546.76,125,57
2026-01-28,P005,Leather Boots,Shoes,München,20,8,124.98,2499.56,105,58
2026-01-28,P005,Leather Boots,Shoes,Berlin,19,16,101.97,1937.36,102,27
2026-01-28,P006,Handbag,Accessories,Düsseldorf,43,19,35.72,1535.92,62,53
2026-01-28,P006,Handbag,Accessories,Essen,32,23,74.96,2398.59,104,48
2026-01-28,P006,Handbag,Accessories,Köln,5,2,44.47,222.33,67,49
2026-01-28,P006,Handbag,Accessories,München,25,13,83.64,2091.11,131,46
2026-01-28,P006,Handbag,Accessories,Berlin,9,6,44.24,398.14,116,55
2026-01-28,P007,Belt,Accessories,Düsseldorf,25,12,35.14,878.56,109,55
2026-01-28,P007,Belt,Accessories,Essen,33,21,90.76,2995.16,42,34
2026-01-28,P007,Belt,Accessories,Köln,19,11,34.72,659.62,61,59
2026-01-28,P007,Belt,Accessories,München,31,28,36.7,1137.85,25,48
2026-01-28,P007,Belt,Accessories,Berlin,14,10,90.3,1264.19,93,31
2026-01-28,P008,Winter Jacket,Outerwear,Düsseldorf,8,5,87.9,703.19,135,35
2026-01-28,P008,Winter Jacket,Outerwear,Essen,20,11,188.7,3774.04,119,30
2026-01-28,P008,Winter Jacket,Outerwear,Köln,30,18,131.45,3943.36,102,37
2026-01-28,P008,Winter Jacket,Outerwear,München,41,17,201.37,8256.01,48,27
2026-01-28,P008,Winter Jacket,Outerwear,Berlin,10,5,113.96,1139.61,140,33
2026-01-28,P009,Blazer,Outerwear,Düsseldorf,34,18,185.79,6316.87,88,33
2026-01-28,P009,Blazer,Outerwear,Essen,21,9,187.93,3946.55,93,41
2026-01-28,P009,Blazer,Outerwear,Köln,28,11,205.27,5747.68,77,31
2026-01-28,P009,Blazer,Outerwear,München,19,10,111.77,2123.71,68,50
2026-01-28,P009,Blazer,Outerwear,Berlin,17,7,96.81,1645.69,85,52
2026-01-28,P010,Sports Hoodie,Sportswear,Düsseldorf,0,1,75.84,0.0,107,48
2026-01-28,P010,Sports Hoodie,Sportswear,Essen,19,7,95.15,1807.82,80,37
2026-01-28,P010,Sports Hoodie,Sportswear,Köln,16,10,119.65,1914.47,129,42
2026-01-28,P010,Sports Hoodie,Sportswear,München,4,2,63.65,254.61,136,32
2026-01-28,P010,Sports Hoodie,Sportswear,Berlin,0,1,45.35,0.0,143,53
2026-01-29,P001,Basic T-Shirt,Clothing,Düsseldorf,4,3,56.92,227.69,126,34
2026-01-29,P001,Basic T-Shirt,Clothing,Essen,16,7,28.65,458.35,124,45
2026-01-29,P001,Basic T-Shirt,Clothing,Köln,21,14,41.68,875.19,83,54
2026-01-29,P001,Basic T-Shirt,Clothing,München,9,6,68.15,613.33,112,35
2026-01-29,P001,Basic T-Shirt,Clothing,Berlin,16,7,22.79,364.65,95,27
2026-01-29,P002,Slim Jeans,Clothing,Düsseldorf,25,14,27.49,687.36,69,32
2026-01-29,P002,Slim Jeans,Clothing,Essen,17,13,71.82,1220.99,72,32
2026-01-29,P002,Slim Jeans,Clothing,Köln,13,10,55.71,724.19,85,55
2026-01-29,P002,Slim Jeans,Clothing,München,19,8,39.06,742.16,127,41
2026-01-29,P002,Slim Jeans,Clothing,Berlin,4,1,75.8,303.21,128,30
2026-01-29,P003,Summer Dress,Clothing,Düsseldorf,38,27,22.61,859.22,71,53
2026-01-29,P003,Summer Dress,Clothing,Essen,4,2,34.43,137.72,72,47
2026-01-29,P003,Summer Dress,Clothing,Köln,13,6,69.38,901.98,126,44
2026-01-29,P003,Summer Dress,Clothing,München,40,30,60.52,2420.86,84,51
2026-01-29,P003,Summer Dress,Clothing,Berlin,32,15,54.43,1741.8,80,53
2026-01-29,P004,Sneakers,Shoes,Düsseldorf,14,6,123.28,1725.87,96,55
2026-01-29,P004,Sneakers,Shoes,Essen,34,20,135.48,4606.21,63,55
2026-01-29,P004,Sneakers,Shoes,Köln,29,17,112.44,3260.78,61,29
2026-01-29,P004,Sneakers,Shoes,München,9,4,71.74,645.66,78,32
2026-01-29,P004,Sneakers,Shoes,Berlin,10,4,101.56,1015.57,92,48
2026-01-29,P005,Leather Boots,Shoes,Düsseldorf,16,13,122.56,1960.94,100,56
2026-01-29,P005,Leather Boots,Shoes,Essen,27,17,100.34,2709.18,82,37
2026-01-29,P005,Leather Boots,Shoes,Köln,34,29,50.55,1718.82,59,56
2026-01-29,P005,Leather Boots,Shoes,München,14,10,121.57,1701.92,93,40
2026-01-29,P005,Leather Boots,Shoes,Berlin,26,20,104.87,2726.54,99,38
2026-01-29,P006,Handbag,Accessories,Düsseldorf,34,16,76.9,2614.45,53,58
2026-01-29,P006,Handbag,Accessories,Essen,40,23,29.1,1164.07,75,48
2026-01-29,P006,Handbag,Accessories,Köln,23,14,99.39,2286.03,128,51
2026-01-29,P006,Handbag,Accessories,München,28,15,24.31,680.67,94,44
2026-01-29,P006,Handbag,Accessories,Berlin,16,9,61.27,980.29,128,43
2026-01-29,P007,Belt,Accessories,Düsseldorf,11,5,82.36,906.01,149,55
2026-01-29,P007,Belt,Accessories,Essen,13,9,27.78,361.13,107,34
2026-01-29,P007,Belt,Accessories,Köln,39,20,21.63,843.72,51,50
2026-01-29,P007,Belt,Accessories,München,5,3,96.87,484.37,82,31
2026-01-29,P007,Belt,Accessories,Berlin,39,22,97.87,3817.01,17,42
2026-01-29,P008,Winter Jacket,Outerwear,Düsseldorf,20,8,157.56,3151.11,89,25
2026-01-29,P008,Winter Jacket,Outerwear,Essen,34,17,168.94,5743.95,108,33
2026-01-29,P008,Winter Jacket,Outerwear,Köln,22,17,163.23,3591.16,76,55
2026-01-29,P008,Winter Jacket,Outerwear,München,23,10,115.37,2653.5,110,28
2026-01-29,P008,Winter Jacket,Outerwear,Berlin,24,11,186.32,4471.69,88,25
2026-01-29,P009,Blazer,Outerwear,Düsseldorf,33,20,101.97,3365.12,93,51
2026-01-29,P009,Blazer,Outerwear,Essen,8,5,91.48,731.84,116,55
2026-01-29,P009,Blazer,Outerwear,Köln,19,9,208.07,3953.39,73,36
2026-01-29,P009,Blazer,Outerwear,München,24,19,181.74,4361.66,80,34
2026-01-29,P009,Blazer,Outerwear,Berlin,21,11,204.16,4287.43,74,36
2026-01-29,P010,Sports Hoodie,Sportswear,Düsseldorf,0,1,56.32,0.0,156,57
2026-01-29,P010,Sports Hoodie,Sportswear,Essen,17,7,105.56,1794.47,74,55
2026-01-29,P010,Sports Hoodie,Sportswear,Köln,22,13,63.57,1398.46,104,29
2026-01-29,P010,Sports Hoodie,Sportswear,München,27,13,114.99,3104.73,75,46
2026-01-29,P010,Sports Hoodie,Sportswear,Berlin,30,14,100.14,3004.24,81,49
2026-01-30,P001,Basic T-Shirt,Clothing,Düsseldorf,21,10,70.53,1481.08,125,47
2026-01-30,P001,Basic T-Shirt,Clothing,Essen,34,19,40.92,1391.3,94,39
2026-01-30,P001,Basic T-Shirt,Clothing,Köln,32,26,41.99,1343.8,72,29
2026-01-30,P001,Basic T-Shirt,Clothing,München,27,14,51.43,1388.62,75,40
2026-01-30,P001,Basic T-Shirt,Clothing,Berlin,10,4,75.73,757.31,68,54
2026-01-30,P002,Slim Jeans,Clothing,Düsseldorf,2,1,74.59,149.17,162,58
2026-01-30,P002,Slim Jeans,Clothing,Essen,22,10,62.18,1367.97,71,52
2026-01-30,P002,Slim Jeans,Clothing,Köln,23,10,68.86,1583.78,107,25
2026-01-30,P002,Slim Jeans,Clothing,München,11,7,71.07,781.82,94,33
2026-01-30,P002,Slim Jeans,Clothing,Berlin,23,9,20.74,477.07,91,37
2026-01-30,P003,Summer Dress,Clothing,Düsseldorf,20,8,35.23,704.57,73,47
2026-01-30,P003,Summer Dress,Clothing,Essen,3,2,63.27,189.82,109,32
2026-01-30,P003,Summer Dress,Clothing,Köln,13,5,62.96,818.48,122,59
2026-01-30,P003,Summer Dress,Clothing,München,28,12,74.72,2092.04,96,46
2026-01-30,P003,Summer Dress,Clothing,Berlin,11,4,65.14,716.54,94,59
2026-01-30,P004,Sneakers,Shoes,Düsseldorf,40,20,115.37,4614.8,59,50
2026-01-30,P004,Sneakers,Shoes,Essen,12,5,138.73,1664.73,124,48
2026-01-30,P004,Sneakers,Shoes,Köln,14,5,57.44,804.18,96,52
2026-01-30,P004,Sneakers,Shoes,München,22,10,99.25,2183.57,80,31
2026-01-30,P004,Sneakers,Shoes,Berlin,31,12,147.57,4574.65,91,29
2026-01-30,P005,Leather Boots,Shoes,Düsseldorf,29,17,63.19,1832.65,55,37
2026-01-30,P005,Leather Boots,Shoes,Essen,10,5,59.7,597.05,108,42
2026-01-30,P005,Leather Boots,Shoes,Köln,33,18,115.7,3818.2,68,51
2026-01-30,P005,Leather Boots,Shoes,München,6,4,101.18,607.09,111,47
2026-01-30,P005,Leather Boots,Shoes,Berlin,34,25,138.89,4722.1,86,25
2026-01-30,P006,Handbag,Accessories,Düsseldorf,13,5,23.51,305.66,67,49
2026-01-30,P006,Handbag,Accessories,Essen,8,6,99.11,792.91,107,56
2026-01-30,P006,Handbag,Accessories,Köln,16,7,78.6,1257.66,84,30
2026-01-30,P006,Handbag,Accessories,München,15,6,72.75,1091.18,140,46
2026-01-30,P006,Handbag,Accessories,Berlin,17,8,62.37,1060.3,69,48
2026-01-30,P007,Belt,Accessories,Düsseldorf,22,11,88.97,1957.24,77,59
2026-01-30,P007,Belt,Accessories,Essen,37,17,96.4,3566.75,111,37
2026-01-30,P007,Belt,Accessories,Köln,29,15,57.53,1668.4,59,35
2026-01-30,P007,Belt,Accessories,München,30,12,42.9,1287.14,128,28
2026-01-30,P007,Belt,Accessories,Berlin,26,11,86.63,2252.34,114,59
2026-01-30,P008,Winter Jacket,Outerwear,Düsseldorf,26,13,197.81,5143.17,79,32
2026-01-30,P008,Winter Jacket,Outerwear,Essen,29,12,191.06,5540.63,104,30
2026-01-30,P008,Winter Jacket,Outerwear,Köln,26,11,196.9,5119.35,60,53
2026-01-30,P008,Winter Jacket,Outerwear,München,16,6,132.93,2126.88,83,52
2026-01-30,P008,Winter Jacket,Outerwear,Berlin,14,7,109.5,1532.93,109,59
2026-01-30,P009,Blazer,Outerwear,Düsseldorf,0,1,112.93,0.0,120,36
2026-01-30,P009,Blazer,Outerwear,Essen,12,6,167.83,2013.98,114,28
2026-01-30,P009,Blazer,Outerwear,Köln,30,18,142.48,4274.41,98,29
2026-01-30,P009,Blazer,Outerwear,München,25,12,116.36,2909.08,104,46
2026-01-30,P009,Blazer,Outerwear,Berlin,7,2,156.23,1093.62,140,47
2026-01-30,P010,Sports Hoodie,Sportswear,Düsseldorf,23,12,42.01,966.17,47,44
2026-01-30,P010,Sports Hoodie,Sportswear,Essen,27,17,72.98,1970.53,74,32
2026-01-30,P010,Sports Hoodie,Sportswear,Köln,26,11,89.15,2317.79,17,40
2026-01-30,P010,Sports Hoodie,Sportswear,München,35,16,49.17,1721.0,34,58
2026-01-30,P010,Sports Hoodie,Sportswear,Berlin,28,19,57.61,1613.03,72,47
2026-01-31,P001,Basic T-Shirt,Clothing,Düsseldorf,15,12,43.95,659.19,79,37
2026-01-31,P001,Basic T-Shirt,Clothing,Essen,12,10,67.01,804.12,90,59
2026-01-31,P001,Basic T-Shirt,Clothing,Köln,26,19,60.68,1577.79,92,55
2026-01-31,P001,Basic T-Shirt,Clothing,München,24,9,74.28,1782.75,28,58
2026-01-31,P001,Basic T-Shirt,Clothing,Berlin,16,8,49.38,790.08,86,39
2026-01-31,P002,Slim Jeans,Clothing,Düsseldorf,33,15,35.42,1168.78,73,54
2026-01-31,P002,Slim Jeans,Clothing,Essen,31,15,70.3,2179.41,67,27
2026-01-31,P002,Slim Jeans,Clothing,Köln,30,20,71.54,2146.28,66,41
2026-01-31,P002,Slim Jeans,Clothing,München,36,27,79.98,2879.16,40,38
2026-01-31,P002,Slim Jeans,Clothing,Berlin,8,6,73.25,586.03,98,56
2026-01-31,P003,Summer Dress,Clothing,Düsseldorf,12,4,79.18,950.18,94,58
2026-01-31,P003,Summer Dress,Clothing,Essen,22,19,55.03,1210.7,80,25
2026-01-31,P003,Summer Dress,Clothing,Köln,34,16,58.09,1975.21,59,57
2026-01-31,P003,Summer Dress,Clothing,München,21,9,45.86,963.06,110,43
2026-01-31,P003,Summer Dress,Clothing,Berlin,30,13,37.01,1110.31,74,37
2026-01-31,P004,Sneakers,Shoes,Düsseldorf,25,11,122.83,3070.78,79,43
2026-01-31,P004,Sneakers,Shoes,Essen,16,8,101.38,1622.01,52,30
2026-01-31,P004,Sneakers,Shoes,Köln,11,7,63.57,699.24,102,53
2026-01-31,P004,Sneakers,Shoes,München,18,8,146.48,2636.62,60,54
2026-01-31,P004,Sneakers,Shoes,Berlin,5,3,115.98,579.91,77,48
2026-01-31,P005,Leather Boots,Shoes,Düsseldorf,34,18,53.44,1817.0,112,48
2026-01-31,P005,Leather Boots,Shoes,Essen,28,13,131.49,3681.74,0,52
2026-01-31,P005,Leather Boots,Shoes,Köln,8,3,111.23,889.81,128,29
2026-01-31,P005,Leather Boots,Shoes,München,19,8,54.22,1030.26,54,50
2026-01-31,P005,Leather Boots,Shoes,Berlin,10,6,50.55,505.5,98,44
2026-01-31,P006,Handbag,Accessories,Düsseldorf,8,3,67.08,536.62,124,44
2026-01-31,P006,Handbag,Accessories,Essen,34,23,52.42,1782.42,47,48
2026-01-31,P006,Handbag,Accessories,Köln,31,22,27.08,839.59,70,58
2026-01-31,P006,Handbag,Accessories,München,16,11,23.21,371.28,77,50
2026-01-31,P006,Handbag,Accessories,Berlin,23,19,77.55,1783.65,55,45
2026-01-31,P007,Belt,Accessories,Düsseldorf,10,6,27.73,277.26,78,58
2026-01-31,P007,Belt,Accessories,Essen,3,1,53.49,160.46,119,49
2026-01-31,P007,Belt,Accessories,Köln,16,9,47.7,763.18,91,33
2026-01-31,P007,Belt,Accessories,München,10,7,26.51,265.13,116,39
2026-01-31,P007,Belt,Accessories,Berlin,0,1,72.85,0.0,134,31
2026-01-31,P008,Winter Jacket,Outerwear,Düsseldorf,30,15,199.86,5995.92,96,28
2026-01-31,P008,Winter Jacket,Outerwear,Essen,29,24,80.98,2348.34,77,53
2026-01-31,P008,Winter Jacket,Outerwear,Köln,30,13,119.78,3593.44,62,39
2026-01-31,P008,Winter Jacket,Outerwear,München,24,10,97.37,2336.81,103,38
2026-01-31,P008,Winter Jacket,Outerwear,Berlin,23,13,97.57,2244.08,66,47
2026-01-31,P009,Blazer,Outerwear,Düsseldorf,30,15,113.81,3414.41,51,45
2026-01-31,P009,Blazer,Outerwear,Essen,24,11,192.46,4619.05,69,25
2026-01-31,P009,Blazer,Outerwear,Köln,30,15,166.39,4991.62,57,41
2026-01-31,P009,Blazer,Outerwear,München,28,15,95.75,2680.87,87,56
2026-01-31,P009,Blazer,Outerwear,Berlin,5,2,172.11,860.57,92,55
2026-01-31,P010,Sports Hoodie,Sportswear,Düsseldorf,31,15,91.6,2839.52,73,36
2026-01-31,P010,Sports Hoodie,Sportswear,Essen,0,1,98.02,0.0,125,25
2026-01-31,P010,Sports Hoodie,Sportswear,Köln,30,22,37.66,1129.66,41,50
2026-01-31,P010,Sports Hoodie,Sportswear,München,42,21,92.42,3881.45,92,37
2026-01-31,P010,Sports Hoodie,Sportswear,Berlin,24,13,49.08,1178.0,68,56
2026-02-01,P001,Basic T-Shirt,Clothing,Düsseldorf,16,8,45.59,729.42,99,59
2026-02-01,P001,Basic T-Shirt,Clothing,Essen,28,13,32.03,896.88,98,47
2026-02-01,P001,Basic T-Shirt,Clothing,Köln,13,5,74.27,965.46,123,48
2026-02-01,P001,Basic T-Shirt,Clothing,München,23,10,55.31,1272.03,90,42
2026-02-01,P001,Basic T-Shirt,Clothing,Berlin,28,13,79.15,2216.34,38,57
2026-02-01,P002,Slim Jeans,Clothing,Düsseldorf,9,7,26.58,239.26,104,50
2026-02-01,P002,Slim Jeans,Clothing,Essen,10,6,57.99,579.93,123,38
2026-02-01,P002,Slim Jeans,Clothing,Köln,7,2,61.66,431.59,120,51
2026-02-01,P002,Slim Jeans,Clothing,München,13,8,22.74,295.67,117,31
2026-02-01,P002,Slim Jeans,Clothing,Berlin,14,7,48.59,680.3,114,26
2026-02-01,P003,Summer Dress,Clothing,Düsseldorf,17,7,78.54,1335.13,89,27
2026-02-01,P003,Summer Dress,Clothing,Essen,25,19,68.02,1700.48,68,55
2026-02-01,P003,Summer Dress,Clothing,Köln,0,1,49.17,0.0,106,45
2026-02-01,P003,Summer Dress,Clothing,München,6,2,66.05,396.3,127,54
2026-02-01,P003,Summer Dress,Clothing,Berlin,12,5,33.88,406.57,165,31
2026-02-01,P004,Sneakers,Shoes,Düsseldorf,17,12,123.15,2093.5,103,41
2026-02-01,P004,Sneakers,Shoes,Essen,25,17,126.72,3168.02,77,40
2026-02-01,P004,Sneakers,Shoes,Köln,12,6,111.23,1334.82,79,39
2026-02-01,P004,Sneakers,Shoes,München,32,14,55.62,1779.78,96,27
2026-02-01,P004,Sneakers,Shoes,Berlin,26,12,140.6,3655.48,98,51
2026-02-01,P005,Leather Boots,Shoes,Düsseldorf,0,1,123.14,0.0,121,51
2026-02-01,P005,Leather Boots,Shoes,Essen,37,19,95.93,3549.28,79,57
2026-02-01,P005,Leather Boots,Shoes,Köln,27,19,50.43,1361.71,80,48
2026-02-01,P005,Leather Boots,Shoes,München,6,2,50.04,300.25,119,49
2026-02-01,P005,Leather Boots,Shoes,Berlin,24,11,93.52,2244.54,82,39
2026-02-01,P006,Handbag,Accessories,Düsseldorf,18,12,46.43,835.78,147,50
2026-02-01,P006,Handbag,Accessories,Essen,20,9,66.0,1319.9,88,59
2026-02-01,P006,Handbag,Accessories,Köln,24,11,74.13,1779.0,86,50
2026-02-01,P006,Handbag,Accessories,München,14,6,56.58,792.1,103,53
2026-02-01,P006,Handbag,Accessories,Berlin,5,2,98.45,492.24,103,31
2026-02-01,P007,Belt,Accessories,Düsseldorf,18,12,47.66,857.92,91,49
2026-02-01,P007,Belt,Accessories,Essen,28,21,47.91,1341.55,95,28
2026-02-01,P007,Belt,Accessories,Köln,18,8,58.53,1053.58,52,59
2026-02-01,P007,Belt,Accessories,München,8,7,82.62,660.93,59,41
2026-02-01,P007,Belt,Accessories,Berlin,21,14,45.65,958.61,73,40
2026-02-01,P008,Winter Jacket,Outerwear,Düsseldorf,25,10,93.79,2344.64,103,48
2026-02-01,P008,Winter Jacket,Outerwear,Essen,25,14,209.01,5225.37,89,54
2026-02-01,P008,Winter Jacket,Outerwear,Köln,30,25,133.53,4005.92,103,38
2026-02-01,P008,Winter Jacket,Outerwear,München,5,2,114.39,571.97,54,31
2026-02-01,P008,Winter Jacket,Outerwear,Berlin,22,9,122.51,2695.29,66,26
2026-02-01,P009,Blazer,Outerwear,Düsseldorf,32,23,122.13,3908.12,35,43
2026-02-01,P009,Blazer,Outerwear,Essen,30,17,183.58,5507.3,63,48
2026-02-01,P009,Blazer,Outerwear,Köln,0,1,160.15,0.0,148,47
2026-02-01,P009,Blazer,Outerwear,München,5,3,136.32,681.6,100,31
2026-02-01,P009,Blazer,Outerwear,Berlin,27,13,216.69,5850.7,114,30
2026-02-01,P010,Sports Hoodie,Sportswear,Düsseldorf,18,13,99.14,1784.48,97,55
2026-02-01,P010,Sports Hoodie,Sportswear,Essen,2,1,103.11,206.21,97,57
2026-02-01,P010,Sports Hoodie,Sportswear,Köln,26,17,108.36,2817.24,110,50
2026-02-01,P010,Sports Hoodie,Sportswear,München,24,12,60.67,1456.18,60,38
2026-02-01,P010,Sports Hoodie,Sportswear,Berlin,11,8,92.92,1022.08,148,51
2026-02-02,P001,Basic T-Shirt,Clothing,Düsseldorf,21,17,22.55,473.61,113,59
2026-02-02,P001,Basic T-Shirt,Clothing,Essen,23,19,61.74,1419.91,94,37
2026-02-02,P001,Basic T-Shirt,Clothing,Köln,10,4,66.33,663.31,82,32
2026-02-02,P001,Basic T-Shirt,Clothing,München,33,23,24.03,793.15,80,39
2026-02-02,P001,Basic T-Shirt,Clothing,Berlin,29,16,69.12,2004.58,96,27
2026-02-02,P002,Slim Jeans,Clothing,Düsseldorf,13,11,24.74,321.63,60,57
2026-02-02,P002,Slim Jeans,Clothing,Essen,14,9,70.17,982.34,127,52
2026-02-02,P002,Slim Jeans,Clothing,Köln,14,9,43.42,607.83,76,57
2026-02-02,P002,Slim Jeans,Clothing,München,7,2,78.46,549.22,112,33
2026-02-02,P002,Slim Jeans,Clothing,Berlin,0,1,51.07,0.0,132,37
2026-02-02,P003,Summer Dress,Clothing,Düsseldorf,20,11,52.37,1047.39,114,39
2026-02-02,P003,Summer Dress,Clothing,Essen,14,12,78.61,1100.57,100,50
2026-02-02,P003,Summer Dress,Clothing,Köln,12,9,28.72,344.65,65,33
2026-02-02,P003,Summer Dress,Clothing,München,24,10,42.94,1030.55,89,38
2026-02-02,P003,Summer Dress,Clothing,Berlin,8,6,41.46,331.72,135,52
2026-02-02,P004,Sneakers,Shoes,Düsseldorf,9,4,54.56,491.05,88,47
2026-02-02,P004,Sneakers,Shoes,Essen,5,2,118.97,594.86,89,55
2026-02-02,P004,Sneakers,Shoes,Köln,20,12,57.86,1157.21,64,54
2026-02-02,P004,Sneakers,Shoes,München,16,8,75.06,1200.95,96,48
2026-02-02,P004,Sneakers,Shoes,Berlin,7,5,115.73,810.14,109,41
2026-02-02,P005,Leather Boots,Shoes,Düsseldorf,18,8,60.27,1084.78,107,49
2026-02-02,P005,Leather Boots,Shoes,Essen,20,8,84.17,1683.34,150,53
2026-02-02,P005,Leather Boots,Shoes,Köln,29,14,74.04,2147.13,81,51
2026-02-02,P005,Leather Boots,Shoes,München,16,9,130.75,2092.01,83,29
2026-02-02,P005,Leather Boots,Shoes,Berlin,26,20,78.23,2034.01,65,35
2026-02-02,P006,Handbag,Accessories,Düsseldorf,18,9,58.95,1061.16,92,28
2026-02-02,P006,Handbag,Accessories,Essen,11,7,93.94,1033.39,152,50
2026-02-02,P006,Handbag,Accessories,Köln,4,1,78.43,313.7,119,54
2026-02-02,P006,Handbag,Accessories,München,15,6,98.87,1482.99,70,47
2026-02-02,P006,Handbag,Accessories,Berlin,11,5,15.35,168.86,87,43
2026-02-02,P007,Belt,Accessories,Düsseldorf,2,1,37.89,75.78,116,58
2026-02-02,P007,Belt,Accessories,Essen,22,14,21.23,467.05,88,46
2026-02-02,P007,Belt,Accessories,Köln,19,8,52.75,1002.16,119,55
2026-02-02,P007,Belt,Accessories,München,8,4,83.79,670.32,68,57
2026-02-02,P007,Belt,Accessories,Berlin,18,7,27.48,494.57,56,37
2026-02-02,P008,Winter Jacket,Outerwear,Düsseldorf,9,7,122.89,1106.02,91,45
2026-02-02,P008,Winter Jacket,Outerwear,Essen,7,6,83.23,582.64,116,26
2026-02-02,P008,Winter Jacket,Outerwear,Köln,23,12,152.31,3503.05,99,28
2026-02-02,P008,Winter Jacket,Outerwear,München,18,10,85.42,1537.62,110,51
2026-02-02,P008,Winter Jacket,Outerwear,Berlin,4,1,103.54,414.17,89,59
2026-02-02,P009,Blazer,Outerwear,Düsseldorf,16,7,194.78,3116.4,101,48
2026-02-02,P009,Blazer,Outerwear,Essen,7,5,115.62,809.35,55,56
2026-02-02,P009,Blazer,Outerwear,Köln,5,2,122.0,610.02,73,34
2026-02-02,P009,Blazer,Outerwear,München,8,5,189.67,1517.4,103,46
2026-02-02,P009,Blazer,Outerwear,Berlin,0,1,215.78,0.0,147,25
2026-02-02,P010,Sports Hoodie,Sportswear,Düsseldorf,12,5,106.77,1281.29,47,46
2026-02-02,P010,Sports Hoodie,Sportswear,Essen,29,12,115.87,3360.32,91,29
2026-02-02,P010,Sports Hoodie,Sportswear,Köln,11,4,104.45,1148.93,127,30
2026-02-02,P010,Sports Hoodie,Sportswear,München,21,14,106.95,2245.89,75,28
2026-02-02,P010,Sports Hoodie,Sportswear,Berlin,15,7,45.19,677.85,105,27
2026-02-03,P001,Basic T-Shirt,Clothing,Düsseldorf,35,27,26.62,931.68,113,42
2026-02-03,P001,Basic T-Shirt,Clothing,Essen,26,10,39.77,1034.09,80,52
2026-02-03,P001,Basic T-Shirt,Clothing,Köln,3,1,33.44,100.31,91,48
2026-02-03,P001,Basic T-Shirt,Clothing,München,6,4,58.93,353.58,140,36
2026-02-03,P001,Basic T-Shirt,Clothing,Berlin,17,10,26.6,452.23,123,49
2026-02-03,P002,Slim Jeans,Clothing,Düsseldorf,26,22,42.62,1108.2,70,38
2026-02-03,P002,Slim Jeans,Clothing,Essen,8,5,55.46,443.65,69,58
2026-02-03,P002,Slim Jeans,Clothing,Köln,6,3,25.06,150.34,63,46
2026-02-03,P002,Slim Jeans,Clothing,München,12,8,21.58,258.98,115,44
2026-02-03,P002,Slim Jeans,Clothing,Berlin,28,13,64.36,1802.03,55,56
2026-02-03,P003,Summer Dress,Clothing,Düsseldorf,22,14,20.35,447.7,122,46
2026-02-03,P003,Summer Dress,Clothing,Essen,3,1,49.61,148.84,102,44
2026-02-03,P003,Summer Dress,Clothing,Köln,18,10,74.37,1338.69,81,27
2026-02-03,P003,Summer Dress,Clothing,München,18,13,62.0,1115.94,77,49
2026-02-03,P003,Summer Dress,Clothing,Berlin,5,2,62.82,314.08,124,43
2026-02-03,P004,Sneakers,Shoes,Düsseldorf,5,2,122.65,613.27,109,31
2026-02-03,P004,Sneakers,Shoes,Essen,17,8,133.82,2274.95,51,32
2026-02-03,P004,Sneakers,Shoes,Köln,17,9,71.43,1214.34,116,58
2026-02-03,P004,Sneakers,Shoes,München,11,8,65.89,724.75,120,54
2026-02-03,P004,Sneakers,Shoes,Berlin,9,5,121.36,1092.25,132,52
2026-02-03,P005,Leather Boots,Shoes,Düsseldorf,27,18,61.93,1672.05,80,36
2026-02-03,P005,Leather Boots,Shoes,Essen,32,15,106.04,3393.32,79,41
2026-02-03,P005,Leather Boots,Shoes,Köln,23,11,56.64,1302.75,98,46
2026-02-03,P005,Leather Boots,Shoes,München,11,7,149.32,1642.49,75,55
2026-02-03,P005,Leather Boots,Shoes,Berlin,27,15,111.74,3017.1,91,48
2026-02-03,P006,Handbag,Accessories,Düsseldorf,26,15,15.86,412.31,109,29
2026-02-03,P006,Handbag,Accessories,Essen,32,17,40.85,1307.36,103,27
2026-02-03,P006,Handbag,Accessories,Köln,6,3,97.22,583.33,130,40
2026-02-03,P006,Handbag,Accessories,München,13,6,93.79,1219.21,154,54
2026-02-03,P006,Handbag,Accessories,Berlin,16,7,41.41,662.53,98,47
2026-02-03,P007,Belt,Accessories,Düsseldorf,31,26,95.88,2972.17,70,26
2026-02-03,P007,Belt,Accessories,Essen,6,4,97.05,582.31,97,25
2026-02-03,P007,Belt,Accessories,Köln,26,12,95.73,2489.06,140,33
2026-02-03,P007,Belt,Accessories,München,6,2,61.36,368.15,98,30
2026-02-03,P007,Belt,Accessories,Berlin,16,7,23.76,380.18,120,30
2026-02-03,P008,Winter Jacket,Outerwear,Düsseldorf,29,13,139.19,4036.59,94,52
2026-02-03,P008,Winter Jacket,Outerwear,Essen,17,11,184.8,3141.61,76,57
2026-02-03,P008,Winter Jacket,Outerwear,Köln,42,28,188.21,7904.82,49,38
2026-02-03,P008,Winter Jacket,Outerwear,München,3,1,80.85,242.56,126,42
2026-02-03,P008,Winter Jacket,Outerwear,Berlin,20,10,137.53,2750.69,87,28
2026-02-03,P009,Blazer,Outerwear,Düsseldorf,14,6,97.1,1359.38,73,53
2026-02-03,P009,Blazer,Outerwear,Essen,33,23,145.03,4786.04,63,36
2026-02-03,P009,Blazer,Outerwear,Köln,18,7,150.75,2713.5,114,33
2026-02-03,P009,Blazer,Outerwear,München,21,12,117.38,2464.95,62,57
2026-02-03,P009,Blazer,Outerwear,Berlin,27,12,212.65,5741.46,44,43
2026-02-03,P010,Sports Hoodie,Sportswear,Düsseldorf,23,9,47.86,1100.67,78,58
2026-02-03,P010,Sports Hoodie,Sportswear,Essen,15,10,99.79,1496.79,71,42
2026-02-03,P010,Sports Hoodie,Sportswear,Köln,8,5,117.6,940.77,108,27
2026-02-03,P010,Sports Hoodie,Sportswear,München,11,6,91.75,1009.28,98,39
2026-02-03,P010,Sports Hoodie,Sportswear,Berlin,23,17,37.24,856.49,77,44
2026-02-04,P001,Basic T-Shirt,Clothing,Düsseldorf,9,7,52.89,475.98,79,38
2026-02-04,P001,Basic T-Shirt,Clothing,Essen,13,8,55.56,722.23,98,47
2026-02-04,P001,Basic T-Shirt,Clothing,Köln,17,11,53.37,907.33,47,52
2026-02-04,P001,Basic T-Shirt,Clothing,München,20,16,48.51,970.13,84,41
2026-02-04,P001,Basic T-Shirt,Clothing,Berlin,18,7,29.04,522.8,78,46
2026-02-04,P002,Slim Jeans,Clothing,Düsseldorf,20,16,78.3,1566.09,87,56
2026-02-04,P002,Slim Jeans,Clothing,Essen,3,2,46.51,139.53,105,42
2026-02-04,P002,Slim Jeans,Clothing,Köln,24,12,55.12,1322.92,115,46
2026-02-04,P002,Slim Jeans,Clothing,München,29,13,43.26,1254.42,82,40
2026-02-04,P002,Slim Jeans,Clothing,Berlin,0,1,39.04,0.0,115,57
2026-02-04,P003,Summer Dress,Clothing,Düsseldorf,29,11,35.08,1017.3,110,43
2026-02-04,P003,Summer Dress,Clothing,Essen,13,9,40.55,527.18,62,50
2026-02-04,P003,Summer Dress,Clothing,Köln,22,14,20.44,449.69,117,45
2026-02-04,P003,Summer Dress,Clothing,München,16,6,20.92,334.73,93,53
2026-02-04,P003,Summer Dress,Clothing,Berlin,0,1,57.2,0.0,148,31
2026-02-04,P004,Sneakers,Shoes,Düsseldorf,3,2,108.33,324.99,110,55
2026-02-04,P004,Sneakers,Shoes,Essen,8,5,75.34,602.69,137,58
2026-02-04,P004,Sneakers,Shoes,Köln,19,8,107.64,2045.11,98,42
2026-02-04,P004,Sneakers,Shoes,München,6,3,143.73,862.38,113,29
2026-02-04,P004,Sneakers,Shoes,Berlin,15,10,122.12,1831.84,112,34
2026-02-04,P005,Leather Boots,Shoes,Düsseldorf,10,4,59.43,594.33,89,46
2026-02-04,P005,Leather Boots,Shoes,Essen,19,8,104.98,1994.55,95,48
2026-02-04,P005,Leather Boots,Shoes,Köln,13,6,94.67,1230.67,106,26
2026-02-04,P005,Leather Boots,Shoes,München,16,8,144.48,2311.6,102,31
2026-02-04,P005,Leather Boots,Shoes,Berlin,18,7,142.92,2572.48,103,38
2026-02-04,P006,Handbag,Accessories,Düsseldorf,7,2,26.57,186.02,81,38
2026-02-04,P006,Handbag,Accessories,Essen,31,16,23.79,737.5,79,48
2026-02-04,P006,Handbag,Accessories,Köln,16,7,16.37,261.99,98,36
2026-02-04,P006,Handbag,Accessories,München,4,3,68.45,273.79,118,45
2026-02-04,P006,Handbag,Accessories,Berlin,29,23,19.27,558.91,112,48
2026-02-04,P007,Belt,Accessories,Düsseldorf,10,4,70.1,700.97,54,39
2026-02-04,P007,Belt,Accessories,Essen,7,3,57.33,401.29,107,46
2026-02-04,P007,Belt,Accessories,Köln,1,1,34.27,34.27,115,58
2026-02-04,P007,Belt,Accessories,München,11,7,76.52,841.77,125,53
2026-02-04,P007,Belt,Accessories,Berlin,6,2,60.52,363.12,121,56
2026-02-04,P008,Winter Jacket,Outerwear,Düsseldorf,21,9,129.46,2718.56,146,59
2026-02-04,P008,Winter Jacket,Outerwear,Essen,7,6,169.05,1183.33,72,41
2026-02-04,P008,Winter Jacket,Outerwear,Köln,27,12,86.57,2337.32,54,26
2026-02-04,P008,Winter Jacket,Outerwear,München,0,1,94.62,0.0,126,53
2026-02-04,P008,Winter Jacket,Outerwear,Berlin,3,1,82.05,246.15,142,25
2026-02-04,P009,Blazer,Outerwear,Düsseldorf,27,14,148.61,4012.39,47,40
2026-02-04,P009,Blazer,Outerwear,Essen,37,31,216.66,8016.57,68,47
2026-02-04,P009,Blazer,Outerwear,Köln,4,1,192.56,770.24,121,44
2026-02-04,P009,Blazer,Outerwear,München,14,10,173.52,2429.22,101,49
2026-02-04,P009,Blazer,Outerwear,Berlin,28,12,123.76,3465.15,108,45
2026-02-04,P010,Sports Hoodie,Sportswear,Düsseldorf,9,5,32.98,296.79,118,50
2026-02-04,P010,Sports Hoodie,Sportswear,Essen,15,7,107.59,1613.87,86,56
2026-02-04,P010,Sports Hoodie,Sportswear,Köln,16,10,57.09,913.46,67,40
2026-02-04,P010,Sports Hoodie,Sportswear,München,20,15,33.94,678.79,70,34
2026-02-04,P010,Sports Hoodie,Sportswear,Berlin,15,6,100.91,1513.65,65,45
2026-02-05,P001,Basic T-Shirt,Clothing,Düsseldorf,20,12,78.04,1560.73,72,27
2026-02-05,P001,Basic T-Shirt,Clothing,Essen,19,14,28.49,541.34,139,29
2026-02-05,P001,Basic T-Shirt,Clothing,Köln,8,4,52.11,416.9,110,56
2026-02-05,P001,Basic T-Shirt,Clothing,München,18,11,68.78,1238.05,97,42
2026-02-05,P001,Basic T-Shirt,Clothing,Berlin,15,7,58.5,877.53,78,30
2026-02-05,P002,Slim Jeans,Clothing,Düsseldorf,31,14,57.13,1771.15,75,50
2026-02-05,P002,Slim Jeans,Clothing,Essen,21,11,75.62,1587.92,59,48
2026-02-05,P002,Slim Jeans,Clothing,Köln,11,6,77.16,848.81,76,48
2026-02-05,P002,Slim Jeans,Clothing,München,18,16,40.09,721.61,135,34
2026-02-05,P002,Slim Jeans,Clothing,Berlin,18,10,45.58,820.44,115,26
2026-02-05,P003,Summer Dress,Clothing,Düsseldorf,28,12,31.23,874.31,66,36
2026-02-05,P003,Summer Dress,Clothing,Essen,6,2,24.25,145.5,139,27
2026-02-05,P003,Summer Dress,Clothing,Köln,1,1,61.6,61.6,141,45
2026-02-05,P003,Summer Dress,Clothing,München,2,1,25.98,51.97,75,56
2026-02-05,P003,Summer Dress,Clothing,Berlin,3,1,57.88,173.63,124,48
2026-02-05,P004,Sneakers,Shoes,Düsseldorf,21,9,64.18,1347.76,90,45
2026-02-05,P004,Sneakers,Shoes,Essen,8,3,133.77,1070.17,97,37
2026-02-05,P004,Sneakers,Shoes,Köln,19,16,136.6,2595.4,112,53
2026-02-05,P004,Sneakers,Shoes,München,3,1,61.96,185.89,111,28
2026-02-05,P004,Sneakers,Shoes,Berlin,16,10,65.28,1044.4,71,30
2026-02-05,P005,Leather Boots,Shoes,Düsseldorf,0,1,128.77,0.0,100,33
2026-02-05,P005,Leather Boots,Shoes,Essen,12,5,66.09,793.11,89,54
2026-02-05,P005,Leather Boots,Shoes,Köln,0,1,140.38,0.0,138,41
2026-02-05,P005,Leather Boots,Shoes,München,12,6,66.91,802.89,137,58
2026-02-05,P005,Leather Boots,Shoes,Berlin,9,5,142.7,1284.26,94,48
2026-02-05,P006,Handbag,Accessories,Düsseldorf,19,9,92.7,1761.28,80,55
2026-02-05,P006,Handbag,Accessories,Essen,10,4,32.87,328.73,92,31
2026-02-05,P006,Handbag,Accessories,Köln,24,10,97.08,2329.85,130,37
2026-02-05,P006,Handbag,Accessories,München,9,6,91.15,820.38,110,54
2026-02-05,P006,Handbag,Accessories,Berlin,29,18,56.37,1634.64,48,35
2026-02-05,P007,Belt,Accessories,Düsseldorf,14,7,40.19,562.72,128,56
2026-02-05,P007,Belt,Accessories,Essen,21,13,85.68,1799.22,113,48
2026-02-05,P007,Belt,Accessories,Köln,9,6,55.22,496.94,118,47
2026-02-05,P007,Belt,Accessories,München,13,11,85.79,1115.3,141,37
2026-02-05,P007,Belt,Accessories,Berlin,15,7,52.71,790.72,89,47
2026-02-05,P008,Winter Jacket,Outerwear,Düsseldorf,12,8,161.73,1940.8,115,28
2026-02-05,P008,Winter Jacket,Outerwear,Essen,17,8,182.37,3100.22,131,28
2026-02-05,P008,Winter Jacket,Outerwear,Köln,17,7,168.15,2858.51,135,40
2026-02-05,P008,Winter Jacket,Outerwear,München,31,14,113.79,3527.35,61,59
2026-02-05,P008,Winter Jacket,Outerwear,Berlin,6,2,150.0,900.02,45,48
2026-02-05,P009,Blazer,Outerwear,Düsseldorf,15,9,113.89,1708.34,96,50
2026-02-05,P009,Blazer,Outerwear,Essen,14,7,171.14,2395.89,102,30
2026-02-05,P009,Blazer,Outerwear,Köln,10,4,141.41,1414.06,49,41
2026-02-05,P009,Blazer,Outerwear,München,16,9,183.17,2930.66,87,45
2026-02-05,P009,Blazer,Outerwear,Berlin,7,5,125.04,875.31,134,48
2026-02-05,P010,Sports Hoodie,Sportswear,Düsseldorf,9,3,46.69,420.2,102,41
2026-02-05,P010,Sports Hoodie,Sportswear,Essen,19,11,60.85,1156.07,80,52
2026-02-05,P010,Sports Hoodie,Sportswear,Köln,17,7,35.95,611.14,86,48
2026-02-05,P010,Sports Hoodie,Sportswear,München,17,7,67.69,1150.81,56,27
2026-02-05,P010,Sports Hoodie,Sportswear,Berlin,18,8,107.17,1929.03,56,55
2026-02-06,P001,Basic T-Shirt,Clothing,Düsseldorf,10,7,22.24,222.42,85,50
2026-02-06,P001,Basic T-Shirt,Clothing,Essen,15,10,33.0,494.95,120,53
2026-02-06,P001,Basic T-Shirt,Clothing,Köln,15,13,31.44,471.59,126,44
2026-02-06,P001,Basic T-Shirt,Clothing,München,15,7,21.34,320.03,90,44
2026-02-06,P001,Basic T-Shirt,Clothing,Berlin,36,23,24.15,869.26,71,56
2026-02-06,P002,Slim Jeans,Clothing,Düsseldorf,22,18,21.98,483.61,36,40
2026-02-06,P002,Slim Jeans,Clothing,Essen,20,14,69.22,1384.35,96,31
2026-02-06,P002,Slim Jeans,Clothing,Köln,21,14,72.12,1514.48,96,58
2026-02-06,P002,Slim Jeans,Clothing,München,17,13,37.52,637.87,87,46
2026-02-06,P002,Slim Jeans,Clothing,Berlin,14,9,48.87,684.21,90,26
2026-02-06,P003,Summer Dress,Clothing,Düsseldorf,24,11,70.19,1684.54,83,40
2026-02-06,P003,Summer Dress,Clothing,Essen,23,17,33.46,769.56,87,58
2026-02-06,P003,Summer Dress,Clothing,Köln,4,1,55.09,220.35,111,51
2026-02-06,P003,Summer Dress,Clothing,München,18,10,46.16,830.89,95,47
2026-02-06,P003,Summer Dress,Clothing,Berlin,30,27,46.7,1400.91,71,49
2026-02-06,P004,Sneakers,Shoes,Düsseldorf,20,9,110.02,2200.42,111,48
2026-02-06,P004,Sneakers,Shoes,Essen,15,6,126.89,1903.3,80,53
2026-02-06,P004,Sneakers,Shoes,Köln,12,8,63.2,758.45,132,53
2026-02-06,P004,Sneakers,Shoes,München,6,2,106.78,640.65,73,29
2026-02-06,P004,Sneakers,Shoes,Berlin,19,13,122.96,2336.28,119,52
2026-02-06,P005,Leather Boots,Shoes,Düsseldorf,22,14,114.31,2514.81,62,54
2026-02-06,P005,Leather Boots,Shoes,Essen,2,1,141.29,282.57,128,28
2026-02-06,P005,Leather Boots,Shoes,Köln,29,12,142.52,4132.97,102,43
2026-02-06,P005,Leather Boots,Shoes,München,0,1,116.72,0.0,101,33
2026-02-06,P005,Leather Boots,Shoes,Berlin,9,3,139.21,1252.9,70,26
2026-02-06,P006,Handbag,Accessories,Düsseldorf,0,1,58.21,0.0,107,45
2026-02-06,P006,Handbag,Accessories,Essen,8,6,22.71,181.66,134,54
2026-02-06,P006,Handbag,Accessories,Köln,17,10,99.63,1693.69,109,47
2026-02-06,P006,Handbag,Accessories,München,2,1,34.41,68.83,117,26
2026-02-06,P006,Handbag,Accessories,Berlin,19,11,19.93,378.61,105,51
2026-02-06,P007,Belt,Accessories,Düsseldorf,26,16,50.76,1319.83,79,47
2026-02-06,P007,Belt,Accessories,Essen,8,5,84.01,672.08,93,28
2026-02-06,P007,Belt,Accessories,Köln,14,8,43.46,608.45,90,57
2026-02-06,P007,Belt,Accessories,München,14,6,27.4,383.53,98,33
2026-02-06,P007,Belt,Accessories,Berlin,7,4,15.28,106.95,105,30
2026-02-06,P008,Winter Jacket,Outerwear,Düsseldorf,23,11,175.54,4037.42,109,28
2026-02-06,P008,Winter Jacket,Outerwear,Essen,25,10,98.41,2460.27,75,55
2026-02-06,P008,Winter Jacket,Outerwear,Köln,15,6,90.5,1357.52,105,51
2026-02-06,P008,Winter Jacket,Outerwear,München,27,15,173.46,4683.34,60,51
2026-02-06,P008,Winter Jacket,Outerwear,Berlin,28,16,207.9,5821.09,92,37
2026-02-06,P009,Blazer,Outerwear,Düsseldorf,8,5,108.52,868.12,130,59
2026-02-06,P009,Blazer,Outerwear,Essen,3,1,105.97,317.9,75,28
2026-02-06,P009,Blazer,Outerwear,Köln,6,2,158.68,952.07,118,58
2026-02-06,P009,Blazer,Outerwear,München,9,4,169.66,1526.97,140,25
2026-02-06,P009,Blazer,Outerwear,Berlin,7,2,130.49,913.41,94,26
2026-02-06,P010,Sports Hoodie,Sportswear,Düsseldorf,5,3,63.35,316.77,146,53
2026-02-06,P010,Sports Hoodie,Sportswear,Essen,11,8,45.15,496.66,130,38
2026-02-06,P010,Sports Hoodie,Sportswear,Köln,31,12,67.98,2107.37,101,58
2026-02-06,P010,Sports Hoodie,Sportswear,München,3,1,30.71,92.12,98,48
2026-02-06,P010,Sports Hoodie,Sportswear,Berlin,17,13,52.15,886.48,157,33
2026-02-07,P001,Basic T-Shirt,Clothing,Düsseldorf,5,2,72.02,360.08,98,37
2026-02-07,P001,Basic T-Shirt,Clothing,Essen,12,8,56.97,683.63,66,35
2026-02-07,P001,Basic T-Shirt,Clothing,Köln,21,8,47.33,993.9,77,38
2026-02-07,P001,Basic T-Shirt,Clothing,München,18,9,72.1,1297.83,84,39
2026-02-07,P001,Basic T-Shirt,Clothing,Berlin,17,7,60.04,1020.72,113,32
2026-02-07,P002,Slim Jeans,Clothing,Düsseldorf,36,24,25.36,913.08,88,48
2026-02-07,P002,Slim Jeans,Clothing,Essen,11,5,66.88,735.71,159,57
2026-02-07,P002,Slim Jeans,Clothing,Köln,13,7,68.52,890.8,88,44
2026-02-07,P002,Slim Jeans,Clothing,München,25,19,32.15,803.87,41,45
2026-02-07,P002,Slim Jeans,Clothing,Berlin,28,20,23.88,668.61,106,44
2026-02-07,P003,Summer Dress,Clothing,Düsseldorf,6,4,48.13,288.8,105,57
2026-02-07,P003,Summer Dress,Clothing,Essen,27,23,20.54,554.48,78,26
2026-02-07,P003,Summer Dress,Clothing,Köln,20,9,37.28,745.6,130,57
2026-02-07,P003,Summer Dress,Clothing,München,26,11,24.91,647.75,121,54
2026-02-07,P003,Summer Dress,Clothing,Berlin,16,12,36.64,586.27,119,59
2026-02-07,P004,Sneakers,Shoes,Düsseldorf,5,2,114.65,573.25,102,55
2026-02-07,P004,Sneakers,Shoes,Essen,15,10,85.5,1282.45,99,40
2026-02-07,P004,Sneakers,Shoes,Köln,18,12,149.71,2694.81,111,50
2026-02-07,P004,Sneakers,Shoes,München,24,10,77.6,1862.48,116,56
2026-02-07,P004,Sneakers,Shoes,Berlin,28,11,133.05,3725.45,78,48
2026-02-07,P005,Leather Boots,Shoes,Düsseldorf,1,1,107.16,107.16,93,28
2026-02-07,P005,Leather Boots,Shoes,Essen,15,7,116.6,1749.02,108,54
2026-02-07,P005,Leather Boots,Shoes,Köln,27,14,139.63,3770.05,45,29
2026-02-07,P005,Leather Boots,Shoes,München,18,10,101.29,1823.28,144,36
2026-02-07,P005,Leather Boots,Shoes,Berlin,22,8,98.91,2176.07,97,58
2026-02-07,P006,Handbag,Accessories,Düsseldorf,24,10,57.29,1375.0,75,49
2026-02-07,P006,Handbag,Accessories,Essen,15,7,40.33,604.97,50,45
2026-02-07,P006,Handbag,Accessories,Köln,26,15,79.35,2063.15,126,28
2026-02-07,P006,Handbag,Accessories,München,24,12,99.21,2381.13,56,47
2026-02-07,P006,Handbag,Accessories,Berlin,27,15,19.07,514.77,90,39
2026-02-07,P007,Belt,Accessories,Düsseldorf,32,20,98.79,3161.25,94,44
2026-02-07,P007,Belt,Accessories,Essen,17,7,49.97,849.49,93,51
2026-02-07,P007,Belt,Accessories,Köln,18,9,57.63,1037.34,74,37
2026-02-07,P007,Belt,Accessories,München,3,2,52.23,156.69,150,44
2026-02-07,P007,Belt,Accessories,Berlin,10,4,80.93,809.32,96,34
2026-02-07,P008,Winter Jacket,Outerwear,Düsseldorf,17,9,101.51,1725.72,129,39
2026-02-07,P008,Winter Jacket,Outerwear,Essen,12,8,136.99,1643.91,115,38
2026-02-07,P008,Winter Jacket,Outerwear,Köln,8,3,110.38,883.0,141,34
2026-02-07,P008,Winter Jacket,Outerwear,München,15,7,96.69,1450.42,100,51
2026-02-07,P008,Winter Jacket,Outerwear,Berlin,13,6,174.9,2273.71,61,47
2026-02-07,P009,Blazer,Outerwear,Düsseldorf,6,2,181.07,1086.42,93,32
2026-02-07,P009,Blazer,Outerwear,Essen,31,15,85.53,2651.58,76,56
2026-02-07,P009,Blazer,Outerwear,Köln,8,6,112.2,897.62,116,57
2026-02-07,P009,Blazer,Outerwear,München,19,9,218.48,4151.09,101,47
2026-02-07,P009,Blazer,Outerwear,Berlin,11,5,156.73,1723.99,112,38
2026-02-07,P010,Sports Hoodie,Sportswear,Düsseldorf,7,4,119.68,837.74,76,33
2026-02-07,P010,Sports Hoodie,Sportswear,Essen,24,15,39.49,947.86,78,54
2026-02-07,P010,Sports Hoodie,Sportswear,Köln,21,12,88.95,1867.97,101,26
2026-02-07,P010,Sports Hoodie,Sportswear,München,34,14,32.87,1117.61,110,38
2026-02-07,P010,Sports Hoodie,Sportswear,Berlin,23,15,99.88,2297.3,85,29
2026-02-08,P001,Basic T-Shirt,Clothing,Düsseldorf,2,1,37.48,74.97,102,44
2026-02-08,P001,Basic T-Shirt,Clothing,Essen,21,8,59.58,1251.11,45,54
2026-02-08,P001,Basic T-Shirt,Clothing,Köln,24,20,30.52,732.43,107,27
2026-02-08,P001,Basic T-Shirt,Clothing,München,38,18,53.28,2024.83,18,33
2026-02-08,P001,Basic T-Shirt,Clothing,Berlin,30,17,27.63,828.77,13,39
2026-02-08,P002,Slim Jeans,Clothing,Düsseldorf,15,9,39.99,599.8,47,38
2026-02-08,P002,Slim Jeans,Clothing,Essen,12,5,69.23,830.76,134,57
2026-02-08,P002,Slim Jeans,Clothing,Köln,38,24,56.51,2147.46,26,28
2026-02-08,P002,Slim Jeans,Clothing,München,22,16,48.97,1077.35,83,55
2026-02-08,P002,Slim Jeans,Clothing,Berlin,1,1,51.32,51.32,118,40
2026-02-08,P003,Summer Dress,Clothing,Düsseldorf,25,16,22.42,560.42,92,47
2026-02-08,P003,Summer Dress,Clothing,Essen,18,10,20.52,369.43,89,56
2026-02-08,P003,Summer Dress,Clothing,Köln,21,11,58.91,1237.01,139,53
2026-02-08,P003,Summer Dress,Clothing,München,33,15,41.59,1372.4,80,53
2026-02-08,P003,Summer Dress,Clothing,Berlin,16,12,27.55,440.75,79,56
2026-02-08,P004,Sneakers,Shoes,Düsseldorf,21,17,76.6,1608.56,47,56
2026-02-08,P004,Sneakers,Shoes,Essen,26,13,130.32,3388.36,40,40
2026-02-08,P004,Sneakers,Shoes,Köln,18,13,121.75,2191.51,149,39
2026-02-08,P004,Sneakers,Shoes,München,5,3,63.14,315.68,82,35
2026-02-08,P004,Sneakers,Shoes,Berlin,8,3,144.54,1156.29,81,40
2026-02-08,P005,Leather Boots,Shoes,Düsseldorf,20,9,64.65,1292.98,116,59
2026-02-08,P005,Leather Boots,Shoes,Essen,26,12,97.22,2527.66,58,54
2026-02-08,P005,Leather Boots,Shoes,Köln,17,13,142.99,2430.89,101,57
2026-02-08,P005,Leather Boots,Shoes,München,6,2,55.42,332.52,103,34
2026-02-08,P005,Leather Boots,Shoes,Berlin,11,9,141.86,1560.49,90,32
2026-02-08,P006,Handbag,Accessories,Düsseldorf,19,9,93.54,1777.31,73,51
2026-02-08,P006,Handbag,Accessories,Essen,23,11,64.24,1477.61,104,55
2026-02-08,P006,Handbag,Accessories,Köln,13,5,66.82,868.6,121,49
2026-02-08,P006,Handbag,Accessories,München,29,18,74.3,2154.56,63,47
2026-02-08,P006,Handbag,Accessories,Berlin,16,9,92.15,1474.37,74,40
2026-02-08,P007,Belt,Accessories,Düsseldorf,11,5,38.62,424.8,91,51
2026-02-08,P007,Belt,Accessories,Essen,24,17,95.77,2298.42,113,38
2026-02-08,P007,Belt,Accessories,Köln,15,6,97.61,1464.19,117,48
2026-02-08,P007,Belt,Accessories,München,10,4,46.95,469.53,122,55
2026-02-08,P007,Belt,Accessories,Berlin,8,3,80.1,640.83,83,59
2026-02-08,P008,Winter Jacket,Outerwear,Düsseldorf,14,9,108.7,1521.86,83,56
2026-02-08,P008,Winter Jacket,Outerwear,Essen,16,12,187.01,2992.21,121,32
2026-02-08,P008,Winter Jacket,Outerwear,Köln,1,1,88.09,88.09,94,53
2026-02-08,P008,Winter Jacket,Outerwear,München,8,4,88.98,711.86,125,37
2026-02-08,P008,Winter Jacket,Outerwear,Berlin,15,8,206.69,3100.41,89,45
2026-02-08,P009,Blazer,Outerwear,Düsseldorf,14,9,103.6,1450.37,111,31
2026-02-08,P009,Blazer,Outerwear,Essen,9,3,102.81,925.29,115,43
2026-02-08,P009,Blazer,Outerwear,Köln,17,10,209.41,3560.0,91,34
2026-02-08,P009,Blazer,Outerwear,München,9,6,170.6,1535.39,108,34
2026-02-08,P009,Blazer,Outerwear,Berlin,10,5,112.97,1129.67,120,47
2026-02-08,P010,Sports Hoodie,Sportswear,Düsseldorf,9,4,46.58,419.26,115,55
2026-02-08,P010,Sports Hoodie,Sportswear,Essen,6,3,69.16,414.97,132,45
2026-02-08,P010,Sports Hoodie,Sportswear,Köln,13,6,84.62,1100.0,96,25
2026-02-08,P010,Sports Hoodie,Sportswear,München,26,19,65.36,1699.43,85,57
2026-02-08,P010,Sports Hoodie,Sportswear,Berlin,24,11,106.33,2551.99,48,53
2026-02-09,P001,Basic T-Shirt,Clothing,Düsseldorf,8,6,43.91,351.29,98,35
2026-02-09,P001,Basic T-Shirt,Clothing,Essen,5,2,66.45,332.24,102,54
2026-02-09,P001,Basic T-Shirt,Clothing,Köln,7,5,64.6,452.22,101,56
2026-02-09,P001,Basic T-Shirt,Clothing,München,16,6,40.24,643.86,87,31
2026-02-09,P001,Basic T-Shirt,Clothing,Berlin,9,5,59.16,532.4,126,56
2026-02-09,P002,Slim Jeans,Clothing,Düsseldorf,12,6,51.05,612.56,106,33
2026-02-09,P002,Slim Jeans,Clothing,Essen,32,14,21.01,672.45,50,45
2026-02-09,P002,Slim Jeans,Clothing,Köln,21,17,52.67,1106.08,82,27
2026-02-09,P002,Slim Jeans,Clothing,München,9,3,41.24,371.12,86,25
2026-02-09,P002,Slim Jeans,Clothing,Berlin,0,1,42.91,0.0,99,33
2026-02-09,P003,Summer Dress,Clothing,Düsseldorf,19,8,78.44,1490.36,123,43
2026-02-09,P003,Summer Dress,Clothing,Essen,27,10,50.97,1376.21,89,40
2026-02-09,P003,Summer Dress,Clothing,Köln,22,9,38.34,843.48,152,53
2026-02-09,P003,Summer Dress,Clothing,München,3,1,35.51,106.53,98,39
2026-02-09,P003,Summer Dress,Clothing,Berlin,16,14,50.19,803.0,113,49
2026-02-09,P004,Sneakers,Shoes,Düsseldorf,18,8,50.39,907.02,79,26
2026-02-09,P004,Sneakers,Shoes,Essen,10,8,128.43,1284.25,109,27
2026-02-09,P004,Sneakers,Shoes,Köln,25,14,103.37,2584.31,39,39
2026-02-09,P004,Sneakers,Shoes,München,19,16,94.74,1800.1,106,36
2026-02-09,P004,Sneakers,Shoes,Berlin,13,5,144.63,1880.19,128,47
2026-02-09,P005,Leather Boots,Shoes,Düsseldorf,5,3,74.52,372.62,112,45
2026-02-09,P005,Leather Boots,Shoes,Essen,27,21,97.43,2630.73,120,28
2026-02-09,P005,Leather Boots,Shoes,Köln,31,20,113.82,3528.27,79,39
2026-02-09,P005,Leather Boots,Shoes,München,23,14,110.69,2545.87,71,56
2026-02-09,P005,Leather Boots,Shoes,Berlin,14,10,121.68,1703.53,105,28
2026-02-09,P006,Handbag,Accessories,Düsseldorf,7,2,16.2,113.43,73,44
2026-02-09,P006,Handbag,Accessories,Essen,22,10,47.59,1047.01,87,42
2026-02-09,P006,Handbag,Accessories,Köln,15,6,39.04,585.55,80,35
2026-02-09,P006,Handbag,Accessories,München,5,3,16.97,84.86,141,42
2026-02-09,P006,Handbag,Accessories,Berlin,5,2,83.98,419.92,139,48
2026-02-09,P007,Belt,Accessories,Düsseldorf,10,5,81.38,813.82,109,55
2026-02-09,P007,Belt,Accessories,Essen,28,19,31.16,872.43,83,54
2026-02-09,P007,Belt,Accessories,Köln,5,3,37.54,187.72,127,36
2026-02-09,P007,Belt,Accessories,München,24,11,46.06,1105.55,49,58
2026-02-09,P007,Belt,Accessories,Berlin,12,6,45.28,543.31,81,40
2026-02-09,P008,Winter Jacket,Outerwear,Düsseldorf,31,26,90.02,2790.63,55,30
2026-02-09,P008,Winter Jacket,Outerwear,Essen,18,7,208.37,3750.75,98,41
2026-02-09,P008,Winter Jacket,Outerwear,Köln,31,17,101.92,3159.37,62,41
2026-02-09,P008,Winter Jacket,Outerwear,München,18,10,204.26,3676.6,91,39
2026-02-09,P008,Winter Jacket,Outerwear,Berlin,8,5,182.03,1456.27,99,25
2026-02-09,P009,Blazer,Outerwear,Düsseldorf,20,8,208.05,4160.93,80,58
2026-02-09,P009,Blazer,Outerwear,Essen,13,5,133.81,1739.47,76,28
2026-02-09,P009,Blazer,Outerwear,Köln,5,3,117.31,586.55,78,44
2026-02-09,P009,Blazer,Outerwear,München,25,11,201.4,5035.01,89,57
2026-02-09,P009,Blazer,Outerwear,Berlin,31,14,139.32,4318.89,131,45
2026-02-09,P010,Sports Hoodie,Sportswear,Düsseldorf,13,6,89.1,1158.25,127,46
2026-02-09,P010,Sports Hoodie,Sportswear,Essen,11,4,88.3,971.32,136,42
2026-02-09,P010,Sports Hoodie,Sportswear,Köln,8,3,110.36,882.89,47,42
2026-02-09,P010,Sports Hoodie,Sportswear,München,10,6,72.82,728.2,82,56
2026-02-09,P010,Sports Hoodie,Sportswear,Berlin,10,7,31.0,310.04,143,46
2026-02-10,P001,Basic T-Shirt,Clothing,Düsseldorf,22,13,21.02,462.41,79,44
2026-02-10,P001,Basic T-Shirt,Clothing,Essen,34,19,42.92,1459.18,47,33
2026-02-10,P001,Basic T-Shirt,Clothing,Köln,1,1,25.46,25.46,132,31
2026-02-10,P001,Basic T-Shirt,Clothing,München,9,7,59.79,538.09,132,46
2026-02-10,P001,Basic T-Shirt,Clothing,Berlin,27,18,56.01,1512.14,103,38
2026-02-10,P002,Slim Jeans,Clothing,Düsseldorf,20,11,71.4,1427.93,132,31
2026-02-10,P002,Slim Jeans,Clothing,Essen,9,5,41.24,371.12,137,30
2026-02-10,P002,Slim Jeans,Clothing,Köln,6,5,28.16,168.96,98,25
2026-02-10,P002,Slim Jeans,Clothing,München,6,5,41.16,246.94,119,26
2026-02-10,P002,Slim Jeans,Clothing,Berlin,18,7,54.07,973.32,111,46
2026-02-10,P003,Summer Dress,Clothing,Düsseldorf,9,7,49.79,448.13,72,49
2026-02-10,P003,Summer Dress,Clothing,Essen,16,9,26.84,429.41,67,26
2026-02-10,P003,Summer Dress,Clothing,Köln,24,16,49.22,1181.34,121,41
2026-02-10,P003,Summer Dress,Clothing,München,20,9,77.5,1550.04,80,47
2026-02-10,P003,Summer Dress,Clothing,Berlin,20,9,72.21,1444.19,113,57
2026-02-10,P004,Sneakers,Shoes,Düsseldorf,33,14,72.43,2390.06,85,38
2026-02-10,P004,Sneakers,Shoes,Essen,30,20,101.29,3038.68,70,36
2026-02-10,P004,Sneakers,Shoes,Köln,33,17,78.81,2600.59,77,33
2026-02-10,P004,Sneakers,Shoes,München,29,12,66.14,1918.07,75,44
2026-02-10,P004,Sneakers,Shoes,Berlin,7,5,98.74,691.2,131,30
2026-02-10,P005,Leather Boots,Shoes,Düsseldorf,13,10,142.24,1849.1,124,28
2026-02-10,P005,Leather Boots,Shoes,Essen,9,4,50.89,458.02,59,42
2026-02-10,P005,Leather Boots,Shoes,Köln,22,9,75.23,1655.11,56,27
2026-02-10,P005,Leather Boots,Shoes,München,25,13,132.98,3324.44,128,54
2026-02-10,P005,Leather Boots,Shoes,Berlin,3,1,144.93,434.78,132,51
2026-02-10,P006,Handbag,Accessories,Düsseldorf,10,6,25.3,252.96,88,39
2026-02-10,P006,Handbag,Accessories,Essen,2,1,45.1,90.2,163,44
2026-02-10,P006,Handbag,Accessories,Köln,17,9,22.82,387.96,110,57
2026-02-10,P006,Handbag,Accessories,München,13,9,48.01,624.15,92,38
2026-02-10,P006,Handbag,Accessories,Berlin,5,2,56.46,282.28,149,45
2026-02-10,P007,Belt,Accessories,Düsseldorf,7,2,17.33,121.29,115,26
2026-02-10,P007,Belt,Accessories,Essen,21,17,15.79,331.65,73,52
2026-02-10,P007,Belt,Accessories,Köln,15,10,55.15,827.24,98,42
2026-02-10,P007,Belt,Accessories,München,17,7,33.28,565.81,105,31
2026-02-10,P007,Belt,Accessories,Berlin,11,9,96.97,1066.69,72,26
2026-02-10,P008,Winter Jacket,Outerwear,Düsseldorf,5,2,151.24,756.19,125,52
2026-02-10,P008,Winter Jacket,Outerwear,Essen,18,10,208.1,3745.76,111,47
2026-02-10,P008,Winter Jacket,Outerwear,Köln,14,8,162.2,2270.75,67,46
2026-02-10,P008,Winter Jacket,Outerwear,München,7,3,138.07,966.49,120,31
2026-02-10,P008,Winter Jacket,Outerwear,Berlin,5,2,153.74,768.69,90,31
2026-02-10,P009,Blazer,Outerwear,Düsseldorf,27,14,156.28,4219.48,70,59
2026-02-10,P009,Blazer,Outerwear,Essen,10,6,197.3,1972.98,96,42
2026-02-10,P009,Blazer,Outerwear,Köln,18,15,108.85,1959.27,86,32
2026-02-10,P009,Blazer,Outerwear,München,16,8,208.9,3342.47,101,38
2026-02-10,P009,Blazer,Outerwear,Berlin,11,7,134.92,1484.13,100,29
2026-02-10,P010,Sports Hoodie,Sportswear,Düsseldorf,11,5,55.21,607.3,142,39
2026-02-10,P010,Sports Hoodie,Sportswear,Essen,8,3,111.99,895.94,132,51
2026-02-10,P010,Sports Hoodie,Sportswear,Köln,12,6,78.91,946.92,97,51
2026-02-10,P010,Sports Hoodie,Sportswear,München,33,29,79.95,2638.39,39,31
2026-02-10,P010,Sports Hoodie,Sportswear,Berlin,27,12,37.69,1017.65,115,30
2026-02-11,P001,Basic T-Shirt,Clothing,Düsseldorf,12,7,25.39,304.68,108,55
2026-02-11,P001,Basic T-Shirt,Clothing,Essen,14,7,54.59,764.21,121,43
2026-02-11,P001,Basic T-Shirt,Clothing,Köln,16,6,26.48,423.74,108,48
2026-02-11,P001,Basic T-Shirt,Clothing,München,32,19,52.7,1686.4,74,26
2026-02-11,P001,Basic T-Shirt,Clothing,Berlin,9,7,46.2,415.83,85,27
2026-02-11,P002,Slim Jeans,Clothing,Düsseldorf,20,10,64.47,1289.34,42,56
2026-02-11,P002,Slim Jeans,Clothing,Essen,10,6,36.43,364.29,88,33
2026-02-11,P002,Slim Jeans,Clothing,Köln,25,10,65.3,1632.55,115,39
2026-02-11,P002,Slim Jeans,Clothing,München,9,7,36.21,325.88,109,42
2026-02-11,P002,Slim Jeans,Clothing,Berlin,12,8,69.05,828.6,122,43
2026-02-11,P003,Summer Dress,Clothing,Düsseldorf,12,5,37.81,453.77,113,51
2026-02-11,P003,Summer Dress,Clothing,Essen,9,6,68.41,615.7,147,34
2026-02-11,P003,Summer Dress,Clothing,Köln,12,4,28.83,345.91,143,34
2026-02-11,P003,Summer Dress,Clothing,München,34,15,23.58,801.75,97,33
2026-02-11,P003,Summer Dress,Clothing,Berlin,9,6,65.87,592.82,145,30
2026-02-11,P004,Sneakers,Shoes,Düsseldorf,6,2,118.97,713.81,152,28
2026-02-11,P004,Sneakers,Shoes,Essen,31,25,91.16,2826.02,88,50
2026-02-11,P004,Sneakers,Shoes,Köln,21,8,90.2,1894.26,88,45
2026-02-11,P004,Sneakers,Shoes,München,26,10,92.66,2409.25,120,25
2026-02-11,P004,Sneakers,Shoes,Berlin,30,17,128.39,3851.61,72,56
2026-02-11,P005,Leather Boots,Shoes,Düsseldorf,23,15,110.53,2542.22,66,25
2026-02-11,P005,Leather Boots,Shoes,Essen,1,1,70.95,70.95,147,31
2026-02-11,P005,Leather Boots,Shoes,Köln,0,1,112.72,0.0,111,47
2026-02-11,P005,Leather Boots,Shoes,München,15,6,65.68,985.22,44,30
2026-02-11,P005,Leather Boots,Shoes,Berlin,31,18,108.33,3358.27,62,51
2026-02-11,P006,Handbag,Accessories,Düsseldorf,24,17,18.22,437.37,84,26
2026-02-11,P006,Handbag,Accessories,Essen,35,15,22.57,789.91,45,39
2026-02-11,P006,Handbag,Accessories,Köln,18,7,19.75,355.57,76,47
2026-02-11,P006,Handbag,Accessories,München,34,14,21.66,736.61,50,40
2026-02-11,P006,Handbag,Accessories,Berlin,18,9,93.04,1674.73,91,58
2026-02-11,P007,Belt,Accessories,Düsseldorf,6,2,26.42,158.53,115,51
2026-02-11,P007,Belt,Accessories,Essen,9,4,40.11,361.0,78,59
2026-02-11,P007,Belt,Accessories,Köln,9,5,58.24,524.12,119,37
2026-02-11,P007,Belt,Accessories,München,27,16,27.79,750.39,94,38
2026-02-11,P007,Belt,Accessories,Berlin,25,10,62.62,1565.6,26,26
2026-02-11,P008,Winter Jacket,Outerwear,Düsseldorf,7,4,219.18,1534.27,129,34
2026-02-11,P008,Winter Jacket,Outerwear,Essen,20,17,188.98,3779.64,65,27
2026-02-11,P008,Winter Jacket,Outerwear,Köln,20,10,209.7,4194.06,47,42
2026-02-11,P008,Winter Jacket,Outerwear,München,4,2,114.28,457.11,139,25
2026-02-11,P008,Winter Jacket,Outerwear,Berlin,3,1,216.44,649.31,110,33
2026-02-11,P009,Blazer,Outerwear,Düsseldorf,22,11,155.17,3413.75,94,28
2026-02-11,P009,Blazer,Outerwear,Essen,0,1,109.82,0.0,92,44
2026-02-11,P009,Blazer,Outerwear,Köln,6,3,111.23,667.39,87,33
2026-02-11,P009,Blazer,Outerwear,München,8,6,112.33,898.68,114,39
2026-02-11,P009,Blazer,Outerwear,Berlin,8,4,192.53,1540.27,87,29
2026-02-11,P010,Sports Hoodie,Sportswear,Düsseldorf,22,11,114.24,2513.32,38,30
2026-02-11,P010,Sports Hoodie,Sportswear,Essen,21,12,106.97,2246.42,113,37
2026-02-11,P010,Sports Hoodie,Sportswear,Köln,4,2,72.88,291.52,118,48
2026-02-11,P010,Sports Hoodie,Sportswear,München,14,9,68.55,959.73,109,59
2026-02-11,P010,Sports Hoodie,Sportswear,Berlin,8,5,71.45,571.62,99,39
2026-02-12,P001,Basic T-Shirt,Clothing,Düsseldorf,16,14,29.98,479.72,128,40
2026-02-12,P001,Basic T-Shirt,Clothing,Essen,10,4,76.01,760.13,117,28
2026-02-12,P001,Basic T-Shirt,Clothing,Köln,0,1,32.44,0.0,121,46
2026-02-12,P001,Basic T-Shirt,Clothing,München,7,5,33.07,231.52,88,53
2026-02-12,P001,Basic T-Shirt,Clothing,Berlin,14,5,48.43,677.99,72,30
2026-02-12,P002,Slim Jeans,Clothing,Düsseldorf,6,3,43.55,261.31,99,39
2026-02-12,P002,Slim Jeans,Clothing,Essen,22,8,58.05,1277.04,142,48
2026-02-12,P002,Slim Jeans,Clothing,Köln,13,8,42.16,548.05,86,53
2026-02-12,P002,Slim Jeans,Clothing,München,16,14,72.73,1163.6,105,57
2026-02-12,P002,Slim Jeans,Clothing,Berlin,10,4,36.92,369.22,141,51
2026-02-12,P003,Summer Dress,Clothing,Düsseldorf,7,5,39.18,274.28,102,29
2026-02-12,P003,Summer Dress,Clothing,Essen,13,6,24.5,318.51,109,26
2026-02-12,P003,Summer Dress,Clothing,Köln,29,18,54.9,1592.13,118,57
2026-02-12,P003,Summer Dress,Clothing,München,26,22,27.07,703.73,108,33
2026-02-12,P003,Summer Dress,Clothing,Berlin,7,3,24.63,172.43,71,58
2026-02-12,P004,Sneakers,Shoes,Düsseldorf,12,5,50.7,608.37,101,26
2026-02-12,P004,Sneakers,Shoes,Essen,26,12,140.53,3653.78,73,25
2026-02-12,P004,Sneakers,Shoes,Köln,3,1,83.76,251.27,184,27
2026-02-12,P004,Sneakers,Shoes,München,16,6,147.11,2353.82,99,30
2026-02-12,P004,Sneakers,Shoes,Berlin,14,8,119.56,1673.78,112,32
2026-02-12,P005,Leather Boots,Shoes,Düsseldorf,27,11,99.72,2692.52,34,37
2026-02-12,P005,Leather Boots,Shoes,Essen,31,13,61.23,1898.22,45,46
2026-02-12,P005,Leather Boots,Shoes,Köln,11,5,98.16,1079.76,60,41
2026-02-12,P005,Leather Boots,Shoes,München,21,15,149.81,3145.92,81,34
2026-02-12,P005,Leather Boots,Shoes,Berlin,24,14,112.16,2691.77,88,28
2026-02-12,P006,Handbag,Accessories,Düsseldorf,2,1,93.42,186.83,141,52
2026-02-12,P006,Handbag,Accessories,Essen,7,2,95.82,670.71,97,40
2026-02-12,P006,Handbag,Accessories,Köln,36,15,31.9,1148.42,33,29
2026-02-12,P006,Handbag,Accessories,München,33,26,82.17,2711.62,38,59
2026-02-12,P006,Handbag,Accessories,Berlin,9,6,70.54,634.9,113,27
2026-02-12,P007,Belt,Accessories,Düsseldorf,24,20,78.45,1882.79,125,45
2026-02-12,P007,Belt,Accessories,Essen,8,3,93.02,744.17,99,41
2026-02-12,P007,Belt,Accessories,Köln,12,8,93.57,1122.81,77,52
2026-02-12,P007,Belt,Accessories,München,17,10,23.27,395.65,96,37
2026-02-12,P007,Belt,Accessories,Berlin,23,15,58.48,1344.95,62,56
2026-02-12,P008,Winter Jacket,Outerwear,Düsseldorf,17,10,192.28,3268.69,136,52
2026-02-12,P008,Winter Jacket,Outerwear,Essen,25,18,85.2,2129.89,105,42
2026-02-12,P008,Winter Jacket,Outerwear,Köln,25,15,212.81,5320.32,117,41
2026-02-12,P008,Winter Jacket,Outerwear,München,11,6,111.31,1224.42,98,33
2026-02-12,P008,Winter Jacket,Outerwear,Berlin,25,13,132.26,3306.51,84,52
2026-02-12,P009,Blazer,Outerwear,Düsseldorf,17,8,122.59,2084.05,61,29
2026-02-12,P009,Blazer,Outerwear,Essen,9,4,104.13,937.14,117,41
2026-02-12,P009,Blazer,Outerwear,Köln,25,11,136.54,3413.41,93,46
2026-02-12,P009,Blazer,Outerwear,München,4,2,99.44,397.76,81,36
2026-02-12,P009,Blazer,Outerwear,Berlin,11,4,201.31,2214.36,98,54
2026-02-12,P010,Sports Hoodie,Sportswear,Düsseldorf,7,3,117.33,821.28,111,37
2026-02-12,P010,Sports Hoodie,Sportswear,Essen,4,2,36.49,145.95,128,26
2026-02-12,P010,Sports Hoodie,Sportswear,Köln,13,5,51.88,674.47,99,47
2026-02-12,P010,Sports Hoodie,Sportswear,München,15,6,79.52,1192.81,120,31
2026-02-12,P010,Sports Hoodie,Sportswear,Berlin,24,12,117.06,2809.49,84,31
2026-02-13,P001,Basic T-Shirt,Clothing,Düsseldorf,28,20,67.35,1885.84,113,54
2026-02-13,P001,Basic T-Shirt,Clothing,Essen,18,12,36.64,659.46,88,57
2026-02-13,P001,Basic T-Shirt,Clothing,Köln,31,12,78.75,2441.21,87,55
2026-02-13,P001,Basic T-Shirt,Clothing,München,23,15,39.98,919.63,65,42
2026-02-13,P001,Basic T-Shirt,Clothing,Berlin,9,4,65.46,589.11,169,26
2026-02-13,P002,Slim Jeans,Clothing,Düsseldorf,20,16,75.74,1514.71,75,42
2026-02-13,P002,Slim Jeans,Clothing,Essen,29,13,64.41,1867.82,57,50
2026-02-13,P002,Slim Jeans,Clothing,Köln,11,8,79.86,878.5,129,39
2026-02-13,P002,Slim Jeans,Clothing,München,10,8,38.33,383.26,113,35
2026-02-13,P002,Slim Jeans,Clothing,Berlin,3,2,76.47,229.4,104,51
2026-02-13,P003,Summer Dress,Clothing,Düsseldorf,35,21,53.28,1864.82,100,55
2026-02-13,P003,Summer Dress,Clothing,Essen,21,11,26.23,550.91,53,33
2026-02-13,P003,Summer Dress,Clothing,Köln,4,1,78.25,312.99,163,52
2026-02-13,P003,Summer Dress,Clothing,München,18,8,36.49,656.78,78,51
2026-02-13,P003,Summer Dress,Clothing,Berlin,0,1,52.87,0.0,145,50
2026-02-13,P004,Sneakers,Shoes,Düsseldorf,19,12,114.62,2177.79,77,39
2026-02-13,P004,Sneakers,Shoes,Essen,18,7,106.47,1916.47,81,33
2026-02-13,P004,Sneakers,Shoes,Köln,27,15,112.73,3043.59,68,34
2026-02-13,P004,Sneakers,Shoes,München,12,5,101.19,1214.3,115,45
2026-02-13,P004,Sneakers,Shoes,Berlin,28,11,137.09,3838.57,43,41
2026-02-13,P005,Leather Boots,Shoes,Düsseldorf,10,6,144.18,1441.82,111,56
2026-02-13,P005,Leather Boots,Shoes,Essen,11,4,142.35,1565.88,54,48
2026-02-13,P005,Leather Boots,Shoes,Köln,9,8,77.86,700.76,97,42
2026-02-13,P005,Leather Boots,Shoes,München,15,7,114.57,1718.54,106,37
2026-02-13,P005,Leather Boots,Shoes,Berlin,7,5,142.09,994.63,137,37
2026-02-13,P006,Handbag,Accessories,Düsseldorf,33,13,48.74,1608.37,50,42
2026-02-13,P006,Handbag,Accessories,Essen,13,9,86.34,1122.48,116,43
2026-02-13,P006,Handbag,Accessories,Köln,10,4,46.78,467.81,74,26
2026-02-13,P006,Handbag,Accessories,München,44,20,33.7,1483.01,9,29
2026-02-13,P006,Handbag,Accessories,Berlin,28,18,49.86,1396.17,55,59
2026-02-13,P007,Belt,Accessories,Düsseldorf,14,7,57.99,811.84,82,39
2026-02-13,P007,Belt,Accessories,Essen,26,17,82.74,2151.3,115,33
2026-02-13,P007,Belt,Accessories,Köln,1,1,70.27,70.27,129,30
2026-02-13,P007,Belt,Accessories,München,22,15,92.81,2041.75,80,43
2026-02-13,P007,Belt,Accessories,Berlin,11,6,46.48,511.26,71,48
2026-02-13,P008,Winter Jacket,Outerwear,Düsseldorf,8,7,207.69,1661.48,129,33
2026-02-13,P008,Winter Jacket,Outerwear,Essen,27,19,99.05,2674.38,69,33
2026-02-13,P008,Winter Jacket,Outerwear,Köln,15,6,133.45,2001.76,76,47
2026-02-13,P008,Winter Jacket,Outerwear,München,30,27,83.36,2500.76,60,39
2026-02-13,P008,Winter Jacket,Outerwear,Berlin,18,11,129.33,2327.94,95,48
2026-02-13,P009,Blazer,Outerwear,Düsseldorf,20,9,148.8,2975.99,84,26
2026-02-13,P009,Blazer,Outerwear,Essen,15,6,212.14,3182.12,76,37
2026-02-13,P009,Blazer,Outerwear,Köln,21,13,113.29,2379.15,102,53
2026-02-13,P009,Blazer,Outerwear,München,18,7,141.47,2546.51,102,47
2026-02-13,P009,Blazer,Outerwear,Berlin,22,11,120.28,2646.1,88,27
2026-02-13,P010,Sports Hoodie,Sportswear,Düsseldorf,26,11,86.22,2241.7,96,33
2026-02-13,P010,Sports Hoodie,Sportswear,Essen,6,2,87.88,527.25,108,28
2026-02-13,P010,Sports Hoodie,Sportswear,Köln,5,2,88.35,441.77,93,27
2026-02-13,P010,Sports Hoodie,Sportswear,München,8,4,108.71,869.7,97,55
2026-02-13,P010,Sports Hoodie,Sportswear,Berlin,3,1,69.59,208.76,107,52
2026-02-14,P001,Basic T-Shirt,Clothing,Düsseldorf,11,4,79.93,879.18,93,33
2026-02-14,P001,Basic T-Shirt,Clothing,Essen,8,3,75.17,601.36,91,35
2026-02-14,P001,Basic T-Shirt,Clothing,Köln,8,3,76.76,614.1,105,57
2026-02-14,P001,Basic T-Shirt,Clothing,München,35,20,70.19,2456.7,90,28
2026-02-14,P001,Basic T-Shirt,Clothing,Berlin,10,4,53.7,537.03,104,34
2026-02-14,P002,Slim Jeans,Clothing,Düsseldorf,19,8,44.48,845.16,108,50
2026-02-14,P002,Slim Jeans,Clothing,Essen,14,10,38.92,544.89,91,46
2026-02-14,P002,Slim Jeans,Clothing,Köln,22,10,47.49,1044.88,79,54
2026-02-14,P002,Slim Jeans,Clothing,München,16,13,36.03,576.5,85,25
2026-02-14,P002,Slim Jeans,Clothing,Berlin,39,23,45.52,1775.33,41,35
2026-02-14,P003,Summer Dress,Clothing,Düsseldorf,30,14,40.4,1212.02,0,49
2026-02-14,P003,Summer Dress,Clothing,Essen,29,13,29.2,846.71,102,39
2026-02-14,P003,Summer Dress,Clothing,Köln,25,18,53.88,1347.09,93,50
2026-02-14,P003,Summer Dress,Clothing,München,24,10,31.08,745.87,64,46
2026-02-14,P003,Summer Dress,Clothing,Berlin,26,20,33.22,863.64,106,43
2026-02-14,P004,Sneakers,Shoes,Düsseldorf,28,18,59.72,1672.18,62,58
2026-02-14,P004,Sneakers,Shoes,Essen,4,2,73.66,294.62,92,34
2026-02-14,P004,Sneakers,Shoes,Köln,12,8,128.87,1546.44,81,56
2026-02-14,P004,Sneakers,Shoes,München,12,8,119.14,1429.68,74,28
2026-02-14,P004,Sneakers,Shoes,Berlin,31,23,146.56,4543.34,58,35
2026-02-14,P005,Leather Boots,Shoes,Düsseldorf,9,4,61.61,554.48,122,51
2026-02-14,P005,Leather Boots,Shoes,Essen,20,10,148.73,2974.57,62,28
2026-02-14,P005,Leather Boots,Shoes,Köln,7,3,107.14,749.98,82,51
2026-02-14,P005,Leather Boots,Shoes,München,28,15,96.88,2712.62,71,44
2026-02-14,P005,Leather Boots,Shoes,Berlin,6,2,130.33,781.99,122,32
2026-02-14,P006,Handbag,Accessories,Düsseldorf,17,10,81.76,1389.84,84,54
2026-02-14,P006,Handbag,Accessories,Essen,16,13,44.25,707.95,145,38
2026-02-14,P006,Handbag,Accessories,Köln,27,24,22.5,607.41,94,58
2026-02-14,P006,Handbag,Accessories,München,8,3,81.75,653.99,166,57
2026-02-14,P006,Handbag,Accessories,Berlin,20,12,99.4,1988.07,106,43
2026-02-14,P007,Belt,Accessories,Düsseldorf,16,6,69.99,1119.84,86,33
2026-02-14,P007,Belt,Accessories,Essen,8,3,78.96,631.7,88,39
2026-02-14,P007,Belt,Accessories,Köln,5,3,93.55,467.74,108,30
2026-02-14,P007,Belt,Accessories,München,14,6,67.18,940.57,111,32
2026-02-14,P007,Belt,Accessories,Berlin,1,1,32.65,32.65,95,57
2026-02-14,P008,Winter Jacket,Outerwear,Düsseldorf,25,15,90.27,2256.72,62,28
2026-02-14,P008,Winter Jacket,Outerwear,Essen,28,23,107.42,3007.79,83,39
2026-02-14,P008,Winter Jacket,Outerwear,Köln,14,6,203.63,2850.81,96,27
2026-02-14,P008,Winter Jacket,Outerwear,München,12,5,110.47,1325.64,153,30
2026-02-14,P008,Winter Jacket,Outerwear,Berlin,19,14,171.44,3257.3,51,57
2026-02-14,P009,Blazer,Outerwear,Düsseldorf,27,12,166.71,4501.28,107,25
2026-02-14,P009,Blazer,Outerwear,Essen,15,12,217.2,3257.94,93,26
2026-02-14,P009,Blazer,Outerwear,Köln,3,2,118.41,355.22,130,55
2026-02-14,P009,Blazer,Outerwear,München,27,12,82.41,2225.14,92,39
2026-02-14,P009,Blazer,Outerwear,Berlin,32,16,186.8,5977.54,102,28
2026-02-14,P010,Sports Hoodie,Sportswear,Düsseldorf,4,1,81.2,324.79,78,33
2026-02-14,P010,Sports Hoodie,Sportswear,Essen,28,19,95.58,2676.17,38,32
2026-02-14,P010,Sports Hoodie,Sportswear,Köln,16,12,52.74,843.87,151,50
2026-02-14,P010,Sports Hoodie,Sportswear,München,14,8,54.35,760.97,69,38
2026-02-14,P010,Sports Hoodie,Sportswear,Berlin,25,11,75.05,1876.22,55,37
2026-02-15,P001,Basic T-Shirt,Clothing,Düsseldorf,17,10,47.34,804.81,93,52
2026-02-15,P001,Basic T-Shirt,Clothing,Essen,15,6,72.96,1094.44,90,32
2026-02-15,P001,Basic T-Shirt,Clothing,Köln,19,9,69.1,1312.86,57,52
2026-02-15,P001,Basic T-Shirt,Clothing,München,4,2,51.32,205.28,170,55
2026-02-15,P001,Basic T-Shirt,Clothing,Berlin,25,10,50.27,1256.86,34,35
2026-02-15,P002,Slim Jeans,Clothing,Düsseldorf,5,2,30.21,151.03,133,52
2026-02-15,P002,Slim Jeans,Clothing,Essen,9,3,48.35,435.12,141,49
2026-02-15,P002,Slim Jeans,Clothing,Köln,8,3,21.28,170.24,119,40
2026-02-15,P002,Slim Jeans,Clothing,München,11,4,68.21,750.29,95,26
2026-02-15,P002,Slim Jeans,Clothing,Berlin,20,8,48.05,961.07,71,55
2026-02-15,P003,Summer Dress,Clothing,Düsseldorf,22,15,34.86,767.0,68,57
2026-02-15,P003,Summer Dress,Clothing,Essen,28,16,65.44,1832.28,92,37
2026-02-15,P003,Summer Dress,Clothing,Köln,31,12,70.02,2170.57,71,54
2026-02-15,P003,Summer Dress,Clothing,München,16,12,58.83,941.31,87,44
2026-02-15,P003,Summer Dress,Clothing,Berlin,11,9,67.47,742.22,89,41
2026-02-15,P004,Sneakers,Shoes,Düsseldorf,24,15,126.54,3036.87,106,27
2026-02-15,P004,Sneakers,Shoes,Essen,23,10,82.26,1891.96,109,53
2026-02-15,P004,Sneakers,Shoes,Köln,10,5,66.22,662.2,112,57
2026-02-15,P004,Sneakers,Shoes,München,13,6,148.89,1935.53,79,47
2026-02-15,P004,Sneakers,Shoes,Berlin,4,1,110.16,440.66,115,46
2026-02-15,P005,Leather Boots,Shoes,Düsseldorf,3,1,143.4,430.21,74,55
2026-02-15,P005,Leather Boots,Shoes,Essen,0,1,85.71,0.0,88,50
2026-02-15,P005,Leather Boots,Shoes,Köln,38,15,67.19,2553.33,61,28
2026-02-15,P005,Leather Boots,Shoes,München,26,17,132.7,3450.11,83,57
2026-02-15,P005,Leather Boots,Shoes,Berlin,4,1,135.54,542.17,87,44
2026-02-15,P006,Handbag,Accessories,Düsseldorf,32,23,98.83,3162.61,132,52
2026-02-15,P006,Handbag,Accessories,Essen,29,11,86.3,2502.66,130,59
2026-02-15,P006,Handbag,Accessories,Köln,17,8,86.24,1466.08,64,36
2026-02-15,P006,Handbag,Accessories,München,26,11,81.41,2116.69,34,36
2026-02-15,P006,Handbag,Accessories,Berlin,18,10,33.01,594.21,129,31
2026-02-15,P007,Belt,Accessories,Düsseldorf,15,12,76.37,1145.57,113,34
2026-02-15,P007,Belt,Accessories,Essen,19,13,20.43,388.13,74,43
2026-02-15,P007,Belt,Accessories,Köln,25,12,36.69,917.2,60,29
2026-02-15,P007,Belt,Accessories,München,5,3,73.9,369.48,121,33
2026-02-15,P007,Belt,Accessories,Berlin,4,2,39.4,157.58,102,37
2026-02-15,P008,Winter Jacket,Outerwear,Düsseldorf,19,10,125.48,2384.06,93,59
2026-02-15,P008,Winter Jacket,Outerwear,Essen,7,4,196.31,1374.2,140,34
2026-02-15,P008,Winter Jacket,Outerwear,Köln,17,7,92.5,1572.52,85,35
2026-02-15,P008,Winter Jacket,Outerwear,München,12,5,81.37,976.43,92,30
2026-02-15,P008,Winter Jacket,Outerwear,Berlin,17,7,216.62,3682.51,92,57
2026-02-15,P009,Blazer,Outerwear,Düsseldorf,6,3,89.68,538.06,136,31
2026-02-15,P009,Blazer,Outerwear,Essen,12,5,186.48,2237.7,141,59
2026-02-15,P009,Blazer,Outerwear,Köln,29,20,101.62,2946.88,57,42
2026-02-15,P009,Blazer,Outerwear,München,3,2,205.85,617.56,96,54
2026-02-15,P009,Blazer,Outerwear,Berlin,11,6,85.05,935.58,17,49
2026-02-15,P010,Sports Hoodie,Sportswear,Düsseldorf,33,16,65.41,2158.69,71,33
2026-02-15,P010,Sports Hoodie,Sportswear,Essen,17,14,97.5,1657.47,103,54
2026-02-15,P010,Sports Hoodie,Sportswear,Köln,20,15,88.16,1763.29,107,34
2026-02-15,P010,Sports Hoodie,Sportswear,München,19,8,112.68,2140.83,139,46
2026-02-15,P010,Sports Hoodie,Sportswear,Berlin,27,18,47.61,1285.59,77,54
2026-02-16,P001,Basic T-Shirt,Clothing,Düsseldorf,28,13,68.31,1912.72,128,32
2026-02-16,P001,Basic T-Shirt,Clothing,Essen,10,8,32.55,325.46,88,28
2026-02-16,P001,Basic T-Shirt,Clothing,Köln,11,5,47.32,520.57,142,32
2026-02-16,P001,Basic T-Shirt,Clothing,München,16,8,21.86,349.72,98,33
2026-02-16,P001,Basic T-Shirt,Clothing,Berlin,17,8,20.66,351.3,56,58
2026-02-16,P002,Slim Jeans,Clothing,Düsseldorf,3,1,28.37,85.1,108,34
2026-02-16,P002,Slim Jeans,Clothing,Essen,0,1,56.85,0.0,122,27
2026-02-16,P002,Slim Jeans,Clothing,Köln,2,1,21.81,43.61,129,34
2026-02-16,P002,Slim Jeans,Clothing,München,28,16,29.72,832.03,58,59
2026-02-16,P002,Slim Jeans,Clothing,Berlin,19,9,47.44,901.36,142,36
2026-02-16,P003,Summer Dress,Clothing,Düsseldorf,14,7,27.96,391.51,77,33
2026-02-16,P003,Summer Dress,Clothing,Essen,15,7,51.52,772.87,107,55
2026-02-16,P003,Summer Dress,Clothing,Köln,23,20,70.45,1620.45,78,33
2026-02-16,P003,Summer Dress,Clothing,München,14,8,30.86,431.98,103,44
2026-02-16,P003,Summer Dress,Clothing,Berlin,36,31,78.33,2819.73,70,58
2026-02-16,P004,Sneakers,Shoes,Düsseldorf,17,8,145.83,2479.11,87,40
2026-02-16,P004,Sneakers,Shoes,Essen,9,7,94.01,846.12,105,46
2026-02-16,P004,Sneakers,Shoes,Köln,19,9,62.56,1188.7,107,43
2026-02-16,P004,Sneakers,Shoes,München,17,9,71.85,1221.43,81,57
2026-02-16,P004,Sneakers,Shoes,Berlin,11,6,140.78,1548.54,103,49
2026-02-16,P005,Leather Boots,Shoes,Düsseldorf,16,10,83.45,1335.16,104,56
2026-02-16,P005,Leather Boots,Shoes,Essen,28,13,137.07,3838.07,72,45
2026-02-16,P005,Leather Boots,Shoes,Köln,30,20,77.58,2327.55,95,47
2026-02-16,P005,Leather Boots,Shoes,München,5,4,149.58,747.89,121,25
2026-02-16,P005,Leather Boots,Shoes,Berlin,18,7,56.89,1023.95,48,56
2026-02-16,P006,Handbag,Accessories,Düsseldorf,28,12,37.88,1060.68,72,53
2026-02-16,P006,Handbag,Accessories,Essen,21,8,16.68,350.36,117,57
2026-02-16,P006,Handbag,Accessories,Köln,16,7,47.82,765.14,107,31
2026-02-16,P006,Handbag,Accessories,München,25,12,57.35,1433.83,92,57
2026-02-16,P006,Handbag,Accessories,Berlin,4,2,27.42,109.69,135,57
2026-02-16,P007,Belt,Accessories,Düsseldorf,10,4,85.58,855.76,116,56
2026-02-16,P007,Belt,Accessories,Essen,14,6,57.62,806.68,78,43
2026-02-16,P007,Belt,Accessories,Köln,27,14,80.99,2186.8,52,33
2026-02-16,P007,Belt,Accessories,München,6,2,73.51,441.07,91,25
2026-02-16,P007,Belt,Accessories,Berlin,18,10,95.34,1716.17,141,52
2026-02-16,P008,Winter Jacket,Outerwear,Düsseldorf,1,1,215.57,215.57,121,44
2026-02-16,P008,Winter Jacket,Outerwear,Essen,34,14,127.32,4328.75,88,33
2026-02-16,P008,Winter Jacket,Outerwear,Köln,30,12,171.31,5139.41,91,42
2026-02-16,P008,Winter Jacket,Outerwear,München,28,23,188.82,5286.91,90,50
2026-02-16,P008,Winter Jacket,Outerwear,Berlin,27,18,210.8,5691.63,60,53
2026-02-16,P009,Blazer,Outerwear,Düsseldorf,19,9,135.12,2567.31,116,53
2026-02-16,P009,Blazer,Outerwear,Essen,15,6,116.31,1744.59,105,49
2026-02-16,P009,Blazer,Outerwear,Köln,5,2,84.96,424.82,158,54
2026-02-16,P009,Blazer,Outerwear,München,18,9,102.67,1848.09,128,45
2026-02-16,P009,Blazer,Outerwear,Berlin,24,14,94.45,2266.72,62,54
2026-02-16,P010,Sports Hoodie,Sportswear,Düsseldorf,10,5,92.0,919.96,102,26
2026-02-16,P010,Sports Hoodie,Sportswear,Essen,22,13,48.51,1067.22,95,55
2026-02-16,P010,Sports Hoodie,Sportswear,Köln,16,8,76.38,1222.13,106,55
2026-02-16,P010,Sports Hoodie,Sportswear,München,17,7,102.56,1743.45,111,38
2026-02-16,P010,Sports Hoodie,Sportswear,Berlin,19,7,103.33,1963.29,92,46
2026-02-17,P001,Basic T-Shirt,Clothing,Düsseldorf,21,12,51.54,1082.28,92,25
2026-02-17,P001,Basic T-Shirt,Clothing,Essen,29,14,28.86,837.02,72,52
2026-02-17,P001,Basic T-Shirt,Clothing,Köln,6,5,41.29,247.73,129,45
2026-02-17,P001,Basic T-Shirt,Clothing,München,32,15,48.8,1561.49,56,54
2026-02-17,P001,Basic T-Shirt,Clothing,Berlin,0,1,55.66,0.0,127,38
2026-02-17,P002,Slim Jeans,Clothing,Düsseldorf,15,12,71.84,1077.62,112,27
2026-02-17,P002,Slim Jeans,Clothing,Essen,15,8,23.15,347.2,77,37
2026-02-17,P002,Slim Jeans,Clothing,Köln,22,12,63.99,1407.87,86,58
2026-02-17,P002,Slim Jeans,Clothing,München,15,12,63.86,957.92,51,26
2026-02-17,P002,Slim Jeans,Clothing,Berlin,25,11,54.4,1360.01,85,59
2026-02-17,P003,Summer Dress,Clothing,Düsseldorf,3,1,27.44,82.33,153,51
2026-02-17,P003,Summer Dress,Clothing,Essen,21,10,50.92,1069.27,102,32
2026-02-17,P003,Summer Dress,Clothing,Köln,4,2,72.15,288.59,98,44
2026-02-17,P003,Summer Dress,Clothing,München,12,10,27.72,332.69,88,51
2026-02-17,P003,Summer Dress,Clothing,Berlin,14,6,30.08,421.14,35,29
2026-02-17,P004,Sneakers,Shoes,Düsseldorf,10,4,129.03,1290.28,78,51
2026-02-17,P004,Sneakers,Shoes,Essen,21,17,121.27,2546.63,92,47
2026-02-17,P004,Sneakers,Shoes,Köln,12,7,116.06,1392.73,106,45
2026-02-17,P004,Sneakers,Shoes,München,15,10,125.38,1880.67,145,25
2026-02-17,P004,Sneakers,Shoes,Berlin,12,9,76.46,917.48,96,25
2026-02-17,P005,Leather Boots,Shoes,Düsseldorf,24,10,132.95,3190.71,91,41
2026-02-17,P005,Leather Boots,Shoes,Essen,12,7,145.77,1749.29,117,47
2026-02-17,P005,Leather Boots,Shoes,Köln,28,22,86.19,2413.33,86,28
2026-02-17,P005,Leather Boots,Shoes,München,24,19,137.9,3309.57,78,39
2026-02-17,P005,Leather Boots,Shoes,Berlin,10,4,87.04,870.39,86,26
2026-02-17,P006,Handbag,Accessories,Düsseldorf,38,16,46.54,1768.49,30,36
2026-02-17,P006,Handbag,Accessories,Essen,20,15,62.98,1259.64,84,29
2026-02-17,P006,Handbag,Accessories,Köln,6,3,18.28,109.69,144,46
2026-02-17,P006,Handbag,Accessories,München,25,14,87.46,2186.52,122,29
2026-02-17,P006,Handbag,Accessories,Berlin,13,8,72.46,941.94,76,42
2026-02-17,P007,Belt,Accessories,Düsseldorf,18,8,39.23,706.19,121,26
2026-02-17,P007,Belt,Accessories,Essen,27,21,40.76,1100.52,33,47
2026-02-17,P007,Belt,Accessories,Köln,16,9,50.56,808.95,96,52
2026-02-17,P007,Belt,Accessories,München,28,19,77.54,2171.17,58,28
2026-02-17,P007,Belt,Accessories,Berlin,12,9,30.37,364.44,125,42
2026-02-17,P008,Winter Jacket,Outerwear,Düsseldorf,18,9,207.46,3734.31,103,28
2026-02-17,P008,Winter Jacket,Outerwear,Essen,4,2,172.66,690.63,145,32
2026-02-17,P008,Winter Jacket,Outerwear,Köln,11,4,115.4,1269.39,95,42
2026-02-17,P008,Winter Jacket,Outerwear,München,25,15,87.67,2191.77,90,35
2026-02-17,P008,Winter Jacket,Outerwear,Berlin,10,7,196.19,1961.91,140,46
2026-02-17,P009,Blazer,Outerwear,Düsseldorf,21,11,182.31,3828.57,85,36
2026-02-17,P009,Blazer,Outerwear,Essen,30,12,87.49,2624.74,108,37
2026-02-17,P009,Blazer,Outerwear,Köln,11,4,202.5,2227.47,123,50
2026-02-17,P009,Blazer,Outerwear,München,15,7,91.84,1377.55,125,31
2026-02-17,P009,Blazer,Outerwear,Berlin,32,18,201.77,6456.53,76,28
2026-02-17,P010,Sports Hoodie,Sportswear,Düsseldorf,10,5,36.41,364.05,107,29
2026-02-17,P010,Sports Hoodie,Sportswear,Essen,12,6,114.75,1377.03,133,29
2026-02-17,P010,Sports Hoodie,Sportswear,Köln,10,4,93.43,934.29,97,55
2026-02-17,P010,Sports Hoodie,Sportswear,München,11,6,118.7,1305.67,64,40
2026-02-17,P010,Sports Hoodie,Sportswear,Berlin,23,11,47.35,1089.07,83,29
2026-02-18,P001,Basic T-Shirt,Clothing,Düsseldorf,8,5,24.46,195.65,58,39
2026-02-18,P001,Basic T-Shirt,Clothing,Essen,7,3,57.35,401.48,82,32
2026-02-18,P001,Basic T-Shirt,Clothing,Köln,8,3,59.64,477.08,121,44
2026-02-18,P001,Basic T-Shirt,Clothing,München,10,6,38.87,388.73,79,44
2026-02-18,P001,Basic T-Shirt,Clothing,Berlin,6,2,64.71,388.23,86,37
2026-02-18,P002,Slim Jeans,Clothing,Düsseldorf,22,18,55.69,1225.17,73,29
2026-02-18,P002,Slim Jeans,Clothing,Essen,17,8,64.25,1092.29,92,27
2026-02-18,P002,Slim Jeans,Clothing,Köln,16,8,28.52,456.35,99,33
2026-02-18,P002,Slim Jeans,Clothing,München,23,13,38.49,885.24,19,33
2026-02-18,P002,Slim Jeans,Clothing,Berlin,5,2,48.15,240.75,164,35
2026-02-18,P003,Summer Dress,Clothing,Düsseldorf,8,4,59.86,478.91,124,45
2026-02-18,P003,Summer Dress,Clothing,Essen,6,4,35.31,211.83,156,45
2026-02-18,P003,Summer Dress,Clothing,Köln,23,11,22.18,510.04,97,28
2026-02-18,P003,Summer Dress,Clothing,München,22,13,27.19,598.08,68,39
2026-02-18,P003,Summer Dress,Clothing,Berlin,3,1,22.89,68.67,111,47
2026-02-18,P004,Sneakers,Shoes,Düsseldorf,26,14,134.73,3503.07,83,57
2026-02-18,P004,Sneakers,Shoes,Essen,2,1,121.61,243.22,101,51
2026-02-18,P004,Sneakers,Shoes,Köln,15,6,70.18,1052.7,105,25
2026-02-18,P004,Sneakers,Shoes,München,24,18,81.13,1947.08,66,27
2026-02-18,P004,Sneakers,Shoes,Berlin,21,9,131.31,2757.59,73,47
2026-02-18,P005,Leather Boots,Shoes,Düsseldorf,29,17,89.43,2593.43,60,56
2026-02-18,P005,Leather Boots,Shoes,Essen,20,8,136.0,2719.94,81,39
2026-02-18,P005,Leather Boots,Shoes,Köln,36,16,134.28,4833.91,110,30
2026-02-18,P005,Leather Boots,Shoes,München,27,10,116.91,3156.51,107,45
2026-02-18,P005,Leather Boots,Shoes,Berlin,31,22,144.52,4480.08,123,55
2026-02-18,P006,Handbag,Accessories,Düsseldorf,15,6,93.02,1395.29,41,32
2026-02-18,P006,Handbag,Accessories,Essen,5,3,58.81,294.05,113,37
2026-02-18,P006,Handbag,Accessories,Köln,17,7,92.02,1564.31,90,35
2026-02-18,P006,Handbag,Accessories,München,0,1,38.93,0.0,140,58
2026-02-18,P006,Handbag,Accessories,Berlin,17,7,47.03,799.59,89,37
2026-02-18,P007,Belt,Accessories,Düsseldorf,29,15,94.31,2734.89,78,27
2026-02-18,P007,Belt,Accessories,Essen,11,8,27.74,305.14,122,26
2026-02-18,P007,Belt,Accessories,Köln,9,3,57.65,518.87,68,56
2026-02-18,P007,Belt,Accessories,München,4,1,42.74,170.95,111,50
2026-02-18,P007,Belt,Accessories,Berlin,19,11,87.42,1660.89,111,41
2026-02-18,P008,Winter Jacket,Outerwear,Düsseldorf,1,1,214.72,214.72,86,35
2026-02-18,P008,Winter Jacket,Outerwear,Essen,25,16,168.92,4222.88,77,31
2026-02-18,P008,Winter Jacket,Outerwear,Köln,25,17,203.88,5097.08,112,45
2026-02-18,P008,Winter Jacket,Outerwear,München,8,6,86.28,690.23,80,37
2026-02-18,P008,Winter Jacket,Outerwear,Berlin,23,10,84.02,1932.47,38,46
2026-02-18,P009,Blazer,Outerwear,Düsseldorf,14,6,120.52,1687.33,136,30
2026-02-18,P009,Blazer,Outerwear,Essen,18,13,82.15,1478.7,60,33
2026-02-18,P009,Blazer,Outerwear,Köln,16,6,168.03,2688.48,71,46
2026-02-18,P009,Blazer,Outerwear,München,13,8,153.5,1995.55,106,57
2026-02-18,P009,Blazer,Outerwear,Berlin,19,16,88.27,1677.04,82,50
2026-02-18,P010,Sports Hoodie,Sportswear,Düsseldorf,6,4,34.13,204.8,96,39
2026-02-18,P010,Sports Hoodie,Sportswear,Essen,9,6,41.55,373.95,138,47
2026-02-18,P010,Sports Hoodie,Sportswear,Köln,13,6,38.19,496.43,147,39
2026-02-18,P010,Sports Hoodie,Sportswear,München,9,4,82.58,743.23,102,51
2026-02-18,P010,Sports Hoodie,Sportswear,Berlin,19,10,74.1,1407.96,80,28
2026-02-19,P001,Basic T-Shirt,Clothing,Düsseldorf,20,14,75.59,1511.81,85,35
2026-02-19,P001,Basic T-Shirt,Clothing,Essen,23,11,29.23,672.26,68,45
2026-02-19,P001,Basic T-Shirt,Clothing,Köln,20,10,61.56,1231.26,135,59
2026-02-19,P001,Basic T-Shirt,Clothing,München,9,3,30.76,276.81,82,34
2026-02-19,P001,Basic T-Shirt,Clothing,Berlin,8,3,30.59,244.73,111,43
2026-02-19,P002,Slim Jeans,Clothing,Düsseldorf,16,11,26.28,420.56,111,49
2026-02-19,P002,Slim Jeans,Clothing,Essen,10,4,57.05,570.49,113,31
2026-02-19,P002,Slim Jeans,Clothing,Köln,22,16,32.51,715.15,126,32
2026-02-19,P002,Slim Jeans,Clothing,München,13,7,59.42,772.49,99,59
2026-02-19,P002,Slim Jeans,Clothing,Berlin,5,2,47.98,239.89,121,43
2026-02-19,P003,Summer Dress,Clothing,Düsseldorf,21,10,42.22,886.63,124,53
2026-02-19,P003,Summer Dress,Clothing,Essen,17,7,50.54,859.19,78,25
2026-02-19,P003,Summer Dress,Clothing,Köln,17,12,48.07,817.25,83,29
2026-02-19,P003,Summer Dress,Clothing,München,25,10,57.54,1438.62,59,51
2026-02-19,P003,Summer Dress,Clothing,Berlin,1,1,27.24,27.24,139,36
2026-02-19,P004,Sneakers,Shoes,Düsseldorf,13,6,115.83,1505.75,62,25
2026-02-19,P004,Sneakers,Shoes,Essen,10,5,92.46,924.64,99,25
2026-02-19,P004,Sneakers,Shoes,Köln,19,13,115.38,2192.16,143,41
2026-02-19,P004,Sneakers,Shoes,München,0,1,96.07,0.0,132,51
2026-02-19,P004,Sneakers,Shoes,Berlin,11,6,116.86,1285.45,103,33
2026-02-19,P005,Leather Boots,Shoes,Düsseldorf,16,9,99.44,1590.97,92,59
2026-02-19,P005,Leather Boots,Shoes,Essen,4,1,71.57,286.28,84,51
2026-02-19,P005,Leather Boots,Shoes,Köln,7,5,137.47,962.29,133,44
2026-02-19,P005,Leather Boots,Shoes,München,6,3,83.98,503.85,73,52
2026-02-19,P005,Leather Boots,Shoes,Berlin,9,4,116.53,1048.74,101,49
2026-02-19,P006,Handbag,Accessories,Düsseldorf,22,17,52.85,1162.69,108,38
2026-02-19,P006,Handbag,Accessories,Essen,16,10,15.81,252.94,167,39
2026-02-19,P006,Handbag,Accessories,Köln,11,9,97.99,1077.85,88,45
2026-02-19,P006,Handbag,Accessories,München,0,1,39.9,0.0,116,30
2026-02-19,P006,Handbag,Accessories,Berlin,19,11,31.97,607.49,80,35
2026-02-19,P007,Belt,Accessories,Düsseldorf,10,5,60.48,604.8,106,40
2026-02-19,P007,Belt,Accessories,Essen,3,1,73.01,219.02,94,59
2026-02-19,P007,Belt,Accessories,Köln,0,1,55.77,0.0,95,39
2026-02-19,P007,Belt,Accessories,München,16,6,86.94,1391.03,78,25
2026-02-19,P007,Belt,Accessories,Berlin,28,16,79.7,2231.67,104,40
2026-02-19,P008,Winter Jacket,Outerwear,Düsseldorf,13,7,162.97,2118.58,87,46
2026-02-19,P008,Winter Jacket,Outerwear,Essen,26,14,216.9,5639.34,49,48
2026-02-19,P008,Winter Jacket,Outerwear,Köln,24,12,96.39,2313.29,73,43
2026-02-19,P008,Winter Jacket,Outerwear,München,16,13,157.92,2526.77,105,51
2026-02-19,P008,Winter Jacket,Outerwear,Berlin,17,14,124.55,2117.38,135,25
2026-02-19,P009,Blazer,Outerwear,Düsseldorf,12,8,108.59,1303.06,74,26
2026-02-19,P009,Blazer,Outerwear,Essen,10,6,155.86,1558.59,96,34
2026-02-19,P009,Blazer,Outerwear,Köln,8,3,218.71,1749.68,129,51
2026-02-19,P009,Blazer,Outerwear,München,38,28,213.94,8129.81,34,37
2026-02-19,P009,Blazer,Outerwear,Berlin,14,7,201.23,2817.29,147,38
2026-02-19,P010,Sports Hoodie,Sportswear,Düsseldorf,25,13,63.81,1595.18,94,33
2026-02-19,P010,Sports Hoodie,Sportswear,Essen,19,9,84.12,1598.31,61,42
2026-02-19,P010,Sports Hoodie,Sportswear,Köln,0,1,46.42,0.0,111,40
2026-02-19,P010,Sports Hoodie,Sportswear,München,23,12,116.78,2685.98,70,51
2026-02-19,P010,Sports Hoodie,Sportswear,Berlin,15,6,99.76,1496.38,114,41
2026-02-20,P001,Basic T-Shirt,Clothing,Düsseldorf,26,19,66.11,1718.94,85,58
2026-02-20,P001,Basic T-Shirt,Clothing,Essen,10,8,50.6,505.98,52,29
2026-02-20,P001,Basic T-Shirt,Clothing,Köln,31,15,47.43,1470.27,27,26
2026-02-20,P001,Basic T-Shirt,Clothing,München,5,2,62.11,310.56,130,31
2026-02-20,P001,Basic T-Shirt,Clothing,Berlin,0,1,36.73,0.0,88,39
2026-02-20,P002,Slim Jeans,Clothing,Düsseldorf,27,18,74.89,2022.16,57,46
2026-02-20,P002,Slim Jeans,Clothing,Essen,17,9,73.94,1256.92,118,49
2026-02-20,P002,Slim Jeans,Clothing,Köln,1,1,68.58,68.58,116,40
2026-02-20,P002,Slim Jeans,Clothing,München,26,11,21.78,566.37,79,36
2026-02-20,P002,Slim Jeans,Clothing,Berlin,10,7,70.39,703.95,84,38
2026-02-20,P003,Summer Dress,Clothing,Düsseldorf,11,6,39.18,430.96,63,34
2026-02-20,P003,Summer Dress,Clothing,Essen,21,16,40.69,854.4,82,26
2026-02-20,P003,Summer Dress,Clothing,Köln,30,15,45.56,1366.8,35,43
2026-02-20,P003,Summer Dress,Clothing,München,12,9,25.79,309.52,112,48
2026-02-20,P003,Summer Dress,Clothing,Berlin,16,13,29.19,466.97,100,38
2026-02-20,P004,Sneakers,Shoes,Düsseldorf,11,7,131.3,1444.25,75,30
2026-02-20,P004,Sneakers,Shoes,Essen,5,2,115.05,575.23,126,59
2026-02-20,P004,Sneakers,Shoes,Köln,16,10,114.4,1830.4,109,27
2026-02-20,P004,Sneakers,Shoes,München,21,15,128.72,2703.13,94,39
2026-02-20,P004,Sneakers,Shoes,Berlin,22,17,130.93,2880.55,60,41
2026-02-20,P005,Leather Boots,Shoes,Düsseldorf,26,11,64.15,1667.98,88,53
2026-02-20,P005,Leather Boots,Shoes,Essen,17,14,77.57,1318.67,87,53
2026-02-20,P005,Leather Boots,Shoes,Köln,30,20,137.2,4116.14,85,48
2026-02-20,P005,Leather Boots,Shoes,München,19,8,94.53,1796.1,87,42
2026-02-20,P005,Leather Boots,Shoes,Berlin,27,11,110.53,2984.23,67,53
2026-02-20,P006,Handbag,Accessories,Düsseldorf,3,1,84.48,253.45,92,27
2026-02-20,P006,Handbag,Accessories,Essen,8,3,82.14,657.16,77,52
2026-02-20,P006,Handbag,Accessories,Köln,15,9,91.6,1373.93,81,37
2026-02-20,P006,Handbag,Accessories,München,14,5,87.31,1222.32,92,25
2026-02-20,P006,Handbag,Accessories,Berlin,17,8,60.77,1033.05,104,55
2026-02-20,P007,Belt,Accessories,Düsseldorf,16,7,30.56,488.91,56,49
2026-02-20,P007,Belt,Accessories,Essen,8,3,35.7,285.62,134,40
2026-02-20,P007,Belt,Accessories,Köln,23,12,61.56,1415.79,36,45
2026-02-20,P007,Belt,Accessories,München,22,9,60.82,1338.09,95,30
2026-02-20,P007,Belt,Accessories,Berlin,1,1,32.56,32.56,103,50
2026-02-20,P008,Winter Jacket,Outerwear,Düsseldorf,20,14,157.99,3159.81,107,27
2026-02-20,P008,Winter Jacket,Outerwear,Essen,10,8,207.37,2073.71,92,59
2026-02-20,P008,Winter Jacket,Outerwear,Köln,13,5,201.23,2616.0,102,27
2026-02-20,P008,Winter Jacket,Outerwear,München,15,10,145.83,2187.45,75,40
2026-02-20,P008,Winter Jacket,Outerwear,Berlin,12,5,174.48,2093.72,48,30
2026-02-20,P009,Blazer,Outerwear,Düsseldorf,24,15,172.57,4141.78,90,40
2026-02-20,P009,Blazer,Outerwear,Essen,7,3,158.56,1109.91,153,36
2026-02-20,P009,Blazer,Outerwear,Köln,29,11,129.07,3742.93,64,55
2026-02-20,P009,Blazer,Outerwear,München,25,11,155.13,3878.16,30,47
2026-02-20,P009,Blazer,Outerwear,Berlin,10,7,151.62,1516.21,93,27
2026-02-20,P010,Sports Hoodie,Sportswear,Düsseldorf,22,17,41.49,912.83,55,49
2026-02-20,P010,Sports Hoodie,Sportswear,Essen,13,5,31.88,414.5,89,44
2026-02-20,P010,Sports Hoodie,Sportswear,Köln,22,10,44.48,978.66,105,34
2026-02-20,P010,Sports Hoodie,Sportswear,München,13,7,85.74,1114.61,108,54
2026-02-20,P010,Sports Hoodie,Sportswear,Berlin,13,6,76.78,998.11,84,43
2026-02-21,P001,Basic T-Shirt,Clothing,Düsseldorf,17,12,79.64,1353.86,86,54
2026-02-21,P001,Basic T-Shirt,Clothing,Essen,16,7,52.33,837.33,65,55
2026-02-21,P001,Basic T-Shirt,Clothing,Köln,18,15,23.88,429.83,116,40
2026-02-21,P001,Basic T-Shirt,Clothing,München,5,2,34.8,174.0,103,35
2026-02-21,P001,Basic T-Shirt,Clothing,Berlin,19,8,20.29,385.48,127,41
2026-02-21,P002,Slim Jeans,Clothing,Düsseldorf,4,2,42.88,171.53,101,54
2026-02-21,P002,Slim Jeans,Clothing,Essen,2,1,51.25,102.49,120,51
2026-02-21,P002,Slim Jeans,Clothing,Köln,15,9,54.31,814.62,58,41
2026-02-21,P002,Slim Jeans,Clothing,München,7,4,38.26,267.85,154,43
2026-02-21,P002,Slim Jeans,Clothing,Berlin,4,1,78.15,312.59,125,59
2026-02-21,P003,Summer Dress,Clothing,Düsseldorf,30,21,45.07,1351.97,69,28
2026-02-21,P003,Summer Dress,Clothing,Essen,26,10,64.19,1668.9,72,32
2026-02-21,P003,Summer Dress,Clothing,Köln,6,3,28.04,168.25,141,54
2026-02-21,P003,Summer Dress,Clothing,München,7,5,24.6,172.18,106,43
2026-02-21,P003,Summer Dress,Clothing,Berlin,20,9,22.35,446.92,107,35
2026-02-21,P004,Sneakers,Shoes,Düsseldorf,10,5,73.38,733.77,92,56
2026-02-21,P004,Sneakers,Shoes,Essen,4,1,132.94,531.75,94,54
2026-02-21,P004,Sneakers,Shoes,Köln,25,11,67.83,1695.65,64,37
2026-02-21,P004,Sneakers,Shoes,München,13,10,114.15,1483.94,106,43
2026-02-21,P004,Sneakers,Shoes,Berlin,20,17,137.81,2756.14,59,47
2026-02-21,P005,Leather Boots,Shoes,Düsseldorf,13,6,131.84,1713.9,47,38
2026-02-21,P005,Leather Boots,Shoes,Essen,2,1,65.04,130.07,118,38
2026-02-21,P005,Leather Boots,Shoes,Köln,28,11,62.66,1754.53,65,57
2026-02-21,P005,Leather Boots,Shoes,München,29,14,96.05,2785.52,97,36
2026-02-21,P005,Leather Boots,Shoes,Berlin,32,26,60.54,1937.27,88,44
2026-02-21,P006,Handbag,Accessories,Düsseldorf,21,10,71.12,1493.46,75,30
2026-02-21,P006,Handbag,Accessories,Essen,15,8,64.76,971.42,115,51
2026-02-21,P006,Handbag,Accessories,Köln,25,13,60.34,1508.46,99,40
2026-02-21,P006,Handbag,Accessories,München,17,8,97.41,1656.04,122,29
2026-02-21,P006,Handbag,Accessories,Berlin,31,15,69.81,2164.05,62,57
2026-02-21,P007,Belt,Accessories,Düsseldorf,31,21,85.33,2645.3,119,39
2026-02-21,P007,Belt,Accessories,Essen,30,17,44.58,1337.43,124,43
2026-02-21,P007,Belt,Accessories,Köln,29,14,37.08,1075.18,55,54
2026-02-21,P007,Belt,Accessories,München,24,10,62.59,1502.17,67,53
2026-02-21,P007,Belt,Accessories,Berlin,11,5,20.5,225.51,118,38
2026-02-21,P008,Winter Jacket,Outerwear,Düsseldorf,6,3,201.3,1207.77,51,49
2026-02-21,P008,Winter Jacket,Outerwear,Essen,5,3,160.89,804.45,103,48
2026-02-21,P008,Winter Jacket,Outerwear,Köln,28,25,214.17,5996.8,49,29
2026-02-21,P008,Winter Jacket,Outerwear,München,21,11,207.29,4353.13,52,56
2026-02-21,P008,Winter Jacket,Outerwear,Berlin,29,23,81.62,2366.97,55,45
2026-02-21,P009,Blazer,Outerwear,Düsseldorf,11,7,146.2,1608.25,107,56
2026-02-21,P009,Blazer,Outerwear,Essen,3,1,160.29,480.87,113,32
2026-02-21,P009,Blazer,Outerwear,Köln,0,1,148.87,0.0,131,44
2026-02-21,P009,Blazer,Outerwear,München,14,7,199.02,2786.22,67,45
2026-02-21,P009,Blazer,Outerwear,Berlin,13,6,211.3,2746.92,117,52
2026-02-21,P010,Sports Hoodie,Sportswear,Düsseldorf,2,1,99.71,199.42,139,29
2026-02-21,P010,Sports Hoodie,Sportswear,Essen,8,6,51.61,412.85,103,29
2026-02-21,P010,Sports Hoodie,Sportswear,Köln,35,18,63.98,2239.24,95,29
2026-02-21,P010,Sports Hoodie,Sportswear,München,12,8,55.11,661.31,103,56
2026-02-21,P010,Sports Hoodie,Sportswear,Berlin,23,10,105.27,2421.18,101,34
2026-02-22,P001,Basic T-Shirt,Clothing,Düsseldorf,28,17,36.28,1015.73,31,31
2026-02-22,P001,Basic T-Shirt,Clothing,Essen,26,12,25.9,673.5,56,36
2026-02-22,P001,Basic T-Shirt,Clothing,Köln,16,8,56.8,908.75,98,34
2026-02-22,P001,Basic T-Shirt,Clothing,München,20,9,32.51,650.29,110,28
2026-02-22,P001,Basic T-Shirt,Clothing,Berlin,30,16,71.29,2138.78,82,59
2026-02-22,P002,Slim Jeans,Clothing,Düsseldorf,15,12,25.05,375.74,117,33
2026-02-22,P002,Slim Jeans,Clothing,Essen,17,7,20.13,342.25,61,37
2026-02-22,P002,Slim Jeans,Clothing,Köln,16,7,26.13,418.14,82,48
2026-02-22,P002,Slim Jeans,Clothing,München,14,5,29.96,419.41,126,36
2026-02-22,P002,Slim Jeans,Clothing,Berlin,32,27,35.51,1136.26,103,32
2026-02-22,P003,Summer Dress,Clothing,Düsseldorf,13,7,60.51,786.67,63,51
2026-02-22,P003,Summer Dress,Clothing,Essen,22,12,27.12,596.75,106,35
2026-02-22,P003,Summer Dress,Clothing,Köln,7,4,26.13,182.93,145,52
2026-02-22,P003,Summer Dress,Clothing,München,12,5,76.04,912.48,91,58
2026-02-22,P003,Summer Dress,Clothing,Berlin,30,27,61.66,1849.95,72,53
2026-02-22,P004,Sneakers,Shoes,Düsseldorf,7,2,111.71,781.99,115,55
2026-02-22,P004,Sneakers,Shoes,Essen,16,11,65.07,1041.14,93,38
2026-02-22,P004,Sneakers,Shoes,Köln,9,7,144.9,1304.1,119,47
2026-02-22,P004,Sneakers,Shoes,München,10,7,66.7,667.03,119,50
2026-02-22,P004,Sneakers,Shoes,Berlin,10,4,127.39,1273.93,101,38
2026-02-22,P005,Leather Boots,Shoes,Düsseldorf,28,16,54.9,1537.28,56,28
2026-02-22,P005,Leather Boots,Shoes,Essen,0,1,106.79,0.0,111,37
2026-02-22,P005,Leather Boots,Shoes,Köln,9,7,82.14,739.22,103,27
2026-02-22,P005,Leather Boots,Shoes,München,31,20,53.15,1647.63,62,32
2026-02-22,P005,Leather Boots,Shoes,Berlin,11,9,53.28,586.13,130,44
2026-02-22,P006,Handbag,Accessories,Düsseldorf,12,9,43.09,517.02,82,47
2026-02-22,P006,Handbag,Accessories,Essen,16,8,82.68,1322.94,107,28
2026-02-22,P006,Handbag,Accessories,Köln,12,4,55.68,668.17,127,55
2026-02-22,P006,Handbag,Accessories,München,21,17,51.5,1081.4,73,43
2026-02-22,P006,Handbag,Accessories,Berlin,24,9,41.02,984.36,35,34
2026-02-22,P007,Belt,Accessories,Düsseldorf,20,8,16.41,328.23,68,28
2026-02-22,P007,Belt,Accessories,Essen,29,12,45.74,1326.53,91,38
2026-02-22,P007,Belt,Accessories,Köln,17,6,60.25,1024.33,137,33
2026-02-22,P007,Belt,Accessories,München,38,21,37.22,1414.55,54,37
2026-02-22,P007,Belt,Accessories,Berlin,28,17,15.89,444.86,67,28
2026-02-22,P008,Winter Jacket,Outerwear,Düsseldorf,10,5,97.6,976.01,112,45
2026-02-22,P008,Winter Jacket,Outerwear,Essen,18,11,200.73,3613.12,101,33
2026-02-22,P008,Winter Jacket,Outerwear,Köln,1,1,94.88,94.88,128,48
2026-02-22,P008,Winter Jacket,Outerwear,München,23,14,170.23,3915.3,57,36
2026-02-22,P008,Winter Jacket,Outerwear,Berlin,26,14,184.95,4808.8,81,37
2026-02-22,P009,Blazer,Outerwear,Düsseldorf,25,15,117.14,2928.48,64,55
2026-02-22,P009,Blazer,Outerwear,Essen,23,17,113.48,2609.98,94,49
2026-02-22,P009,Blazer,Outerwear,Köln,18,7,213.44,3841.94,126,53
2026-02-22,P009,Blazer,Outerwear,München,18,11,112.41,2023.46,76,33
2026-02-22,P009,Blazer,Outerwear,Berlin,24,9,158.38,3801.13,90,43
2026-02-22,P010,Sports Hoodie,Sportswear,Düsseldorf,27,11,100.16,2704.21,106,50
2026-02-22,P010,Sports Hoodie,Sportswear,Essen,27,15,36.22,977.95,97,46
2026-02-22,P010,Sports Hoodie,Sportswear,Köln,14,6,94.25,1319.43,77,33
2026-02-22,P010,Sports Hoodie,Sportswear,München,27,14,109.18,2947.78,86,38
2026-02-22,P010,Sports Hoodie,Sportswear,Berlin,31,17,117.37,3638.54,104,57
2026-02-23,P001,Basic T-Shirt,Clothing,Düsseldorf,21,12,28.7,602.69,94,50
2026-02-23,P001,Basic T-Shirt,Clothing,Essen,25,11,33.85,846.16,110,30
2026-02-23,P001,Basic T-Shirt,Clothing,Köln,26,12,33.08,859.99,63,32
2026-02-23,P001,Basic T-Shirt,Clothing,München,18,11,37.53,675.58,65,33
2026-02-23,P001,Basic T-Shirt,Clothing,Berlin,12,5,55.25,663.01,126,58
2026-02-23,P002,Slim Jeans,Clothing,Düsseldorf,14,10,71.83,1005.68,87,39
2026-02-23,P002,Slim Jeans,Clothing,Essen,12,10,34.79,417.46,136,30
2026-02-23,P002,Slim Jeans,Clothing,Köln,21,13,35.39,743.09,54,43
2026-02-23,P002,Slim Jeans,Clothing,München,8,3,61.22,489.72,120,25
2026-02-23,P002,Slim Jeans,Clothing,Berlin,6,3,54.85,329.1,104,49
2026-02-23,P003,Summer Dress,Clothing,Düsseldorf,28,19,27.69,775.2,37,41
2026-02-23,P003,Summer Dress,Clothing,Essen,20,9,39.83,796.6,109,27
2026-02-23,P003,Summer Dress,Clothing,Köln,19,7,27.28,518.38,73,42
2026-02-23,P003,Summer Dress,Clothing,München,15,7,46.81,702.15,83,41
2026-02-23,P003,Summer Dress,Clothing,Berlin,29,24,20.71,600.46,105,34
2026-02-23,P004,Sneakers,Shoes,Düsseldorf,12,7,88.66,1063.98,111,37
2026-02-23,P004,Sneakers,Shoes,Essen,29,14,149.37,4331.8,82,31
2026-02-23,P004,Sneakers,Shoes,Köln,11,8,57.32,630.57,100,54
2026-02-23,P004,Sneakers,Shoes,München,18,12,52.06,937.14,63,56
2026-02-23,P004,Sneakers,Shoes,Berlin,11,4,91.99,1011.85,119,58
2026-02-23,P005,Leather Boots,Shoes,Düsseldorf,35,17,81.82,2863.74,72,45
2026-02-23,P005,Leather Boots,Shoes,Essen,19,8,64.95,1234.02,115,35
2026-02-23,P005,Leather Boots,Shoes,Köln,7,4,91.14,637.98,103,55
2026-02-23,P005,Leather Boots,Shoes,München,23,20,72.13,1659.06,86,34
2026-02-23,P005,Leather Boots,Shoes,Berlin,19,13,131.51,2498.73,122,39
2026-02-23,P006,Handbag,Accessories,Düsseldorf,13,5,18.69,243.03,63,47
2026-02-23,P006,Handbag,Accessories,Essen,5,2,29.63,148.15,146,52
2026-02-23,P006,Handbag,Accessories,Köln,18,9,78.7,1416.63,64,45
2026-02-23,P006,Handbag,Accessories,München,14,11,16.98,237.76,76,37
2026-02-23,P006,Handbag,Accessories,Berlin,15,10,90.4,1356.06,142,44
2026-02-23,P007,Belt,Accessories,Düsseldorf,4,3,80.58,322.33,84,57
2026-02-23,P007,Belt,Accessories,Essen,9,3,90.66,815.95,133,51
2026-02-23,P007,Belt,Accessories,Köln,8,3,66.29,530.35,98,54
2026-02-23,P007,Belt,Accessories,München,18,10,94.72,1705.04,118,27
2026-02-23,P007,Belt,Accessories,Berlin,5,2,62.8,314.02,120,49
2026-02-23,P008,Winter Jacket,Outerwear,Düsseldorf,21,9,107.2,2251.11,95,41
2026-02-23,P008,Winter Jacket,Outerwear,Essen,18,11,115.08,2071.48,73,41
2026-02-23,P008,Winter Jacket,Outerwear,Köln,20,8,122.72,2454.42,130,36
2026-02-23,P008,Winter Jacket,Outerwear,München,3,2,174.09,522.28,109,58
2026-02-23,P008,Winter Jacket,Outerwear,Berlin,8,5,130.04,1040.3,113,52
2026-02-23,P009,Blazer,Outerwear,Düsseldorf,30,13,99.44,2983.35,56,33
2026-02-23,P009,Blazer,Outerwear,Essen,4,1,190.05,760.19,119,39
2026-02-23,P009,Blazer,Outerwear,Köln,30,17,181.66,5449.7,82,52
2026-02-23,P009,Blazer,Outerwear,München,21,11,146.72,3081.11,93,49
2026-02-23,P009,Blazer,Outerwear,Berlin,24,13,117.49,2819.83,88,29
2026-02-23,P010,Sports Hoodie,Sportswear,Düsseldorf,25,13,77.92,1947.91,75,32
2026-02-23,P010,Sports Hoodie,Sportswear,Essen,3,1,95.52,286.57,95,25
2026-02-23,P010,Sports Hoodie,Sportswear,Köln,25,12,110.37,2759.37,87,40
2026-02-23,P010,Sports Hoodie,Sportswear,München,28,14,58.04,1625.26,99,59
2026-02-23,P010,Sports Hoodie,Sportswear,Berlin,24,13,62.64,1503.29,75,43
2026-02-24,P001,Basic T-Shirt,Clothing,Düsseldorf,32,20,46.58,1490.68,83,41
2026-02-24,P001,Basic T-Shirt,Clothing,Essen,28,12,49.04,1373.06,76,40
2026-02-24,P001,Basic T-Shirt,Clothing,Köln,6,3,38.99,233.94,65,57
2026-02-24,P001,Basic T-Shirt,Clothing,München,11,5,42.55,468.08,79,39
2026-02-24,P001,Basic T-Shirt,Clothing,Berlin,13,10,69.41,902.37,120,29
2026-02-24,P002,Slim Jeans,Clothing,Düsseldorf,25,14,71.04,1775.95,76,48
2026-02-24,P002,Slim Jeans,Clothing,Essen,18,11,64.58,1162.41,43,29
2026-02-24,P002,Slim Jeans,Clothing,Köln,27,11,29.12,786.15,135,39
2026-02-24,P002,Slim Jeans,Clothing,München,11,6,79.52,874.72,107,40
2026-02-24,P002,Slim Jeans,Clothing,Berlin,21,8,75.96,1595.1,53,40
2026-02-24,P003,Summer Dress,Clothing,Düsseldorf,15,12,27.53,412.95,88,52
2026-02-24,P003,Summer Dress,Clothing,Essen,23,14,66.44,1528.2,64,25
2026-02-24,P003,Summer Dress,Clothing,Köln,16,7,40.3,644.74,61,49
2026-02-24,P003,Summer Dress,Clothing,München,13,8,34.14,443.81,119,40
2026-02-24,P003,Summer Dress,Clothing,Berlin,16,9,40.79,652.62,72,51
2026-02-24,P004,Sneakers,Shoes,Düsseldorf,11,8,119.5,1314.52,114,34
2026-02-24,P004,Sneakers,Shoes,Essen,18,10,136.2,2451.51,97,55
2026-02-24,P004,Sneakers,Shoes,Köln,21,15,131.38,2758.95,125,53
2026-02-24,P004,Sneakers,Shoes,München,28,20,71.41,1999.39,75,37
2026-02-24,P004,Sneakers,Shoes,Berlin,4,2,68.08,272.3,126,26
2026-02-24,P005,Leather Boots,Shoes,Düsseldorf,21,9,81.67,1715.06,117,45
2026-02-24,P005,Leather Boots,Shoes,Essen,17,14,130.18,2213.03,83,59
2026-02-24,P005,Leather Boots,Shoes,Köln,18,9,141.57,2548.23,51,54
2026-02-24,P005,Leather Boots,Shoes,München,0,1,83.76,0.0,116,44
2026-02-24,P005,Leather Boots,Shoes,Berlin,21,10,110.01,2310.17,70,51
2026-02-24,P006,Handbag,Accessories,Düsseldorf,25,17,66.31,1657.84,96,46
2026-02-24,P006,Handbag,Accessories,Essen,15,6,43.15,647.27,74,56
2026-02-24,P006,Handbag,Accessories,Köln,18,11,98.48,1772.63,86,56
2026-02-24,P006,Handbag,Accessories,München,23,9,25.37,583.57,116,50
2026-02-24,P006,Handbag,Accessories,Berlin,18,12,48.68,876.21,65,28
2026-02-24,P007,Belt,Accessories,Düsseldorf,3,1,60.08,180.24,123,34
2026-02-24,P007,Belt,Accessories,Essen,35,19,35.38,1238.43,63,39
2026-02-24,P007,Belt,Accessories,Köln,24,13,57.98,1391.41,88,54
2026-02-24,P007,Belt,Accessories,München,7,3,45.23,316.59,136,38
2026-02-24,P007,Belt,Accessories,Berlin,16,7,91.78,1468.49,96,58
2026-02-24,P008,Winter Jacket,Outerwear,Düsseldorf,17,6,173.88,2955.96,90,33
2026-02-24,P008,Winter Jacket,Outerwear,Essen,31,22,133.88,4150.2,113,27
2026-02-24,P008,Winter Jacket,Outerwear,Köln,4,2,214.74,858.95,115,31
2026-02-24,P008,Winter Jacket,Outerwear,München,27,16,175.43,4736.59,88,27
2026-02-24,P008,Winter Jacket,Outerwear,Berlin,12,8,199.18,2390.22,101,58
2026-02-24,P009,Blazer,Outerwear,Düsseldorf,3,2,150.59,451.77,130,43
2026-02-24,P009,Blazer,Outerwear,Essen,16,9,218.22,3491.52,61,46
2026-02-24,P009,Blazer,Outerwear,Köln,30,16,178.22,5346.49,76,33
2026-02-24,P009,Blazer,Outerwear,München,9,4,191.78,1725.98,99,55
2026-02-24,P009,Blazer,Outerwear,Berlin,7,3,180.89,1266.26,105,52
2026-02-24,P010,Sports Hoodie,Sportswear,Düsseldorf,0,1,55.46,0.0,118,36
2026-02-24,P010,Sports Hoodie,Sportswear,Essen,21,10,103.16,2166.29,117,45
2026-02-24,P010,Sports Hoodie,Sportswear,Köln,0,1,64.19,0.0,165,28
2026-02-24,P010,Sports Hoodie,Sportswear,München,22,12,80.02,1760.34,47,48
2026-02-24,P010,Sports Hoodie,Sportswear,Berlin,9,5,62.3,560.74,125,56
2026-02-25,P001,Basic T-Shirt,Clothing,Düsseldorf,13,5,59.87,778.3,134,35
2026-02-25,P001,Basic T-Shirt,Clothing,Essen,35,15,41.43,1449.91,71,54
2026-02-25,P001,Basic T-Shirt,Clothing,Köln,20,9,30.23,604.51,52,52
2026-02-25,P001,Basic T-Shirt,Clothing,München,17,7,35.16,597.66,48,29
2026-02-25,P001,Basic T-Shirt,Clothing,Berlin,4,3,23.32,93.26,79,47
2026-02-25,P002,Slim Jeans,Clothing,Düsseldorf,9,4,43.97,395.71,102,52
2026-02-25,P002,Slim Jeans,Clothing,Essen,2,1,23.24,46.48,103,51
2026-02-25,P002,Slim Jeans,Clothing,Köln,9,7,21.21,190.9,98,39
2026-02-25,P002,Slim Jeans,Clothing,München,6,2,78.01,468.09,87,27
2026-02-25,P002,Slim Jeans,Clothing,Berlin,12,10,73.12,877.5,84,54
2026-02-25,P003,Summer Dress,Clothing,Düsseldorf,6,2,35.52,213.11,105,33
2026-02-25,P003,Summer Dress,Clothing,Essen,9,7,59.19,532.68,50,49
2026-02-25,P003,Summer Dress,Clothing,Köln,2,1,38.38,76.76,177,37
2026-02-25,P003,Summer Dress,Clothing,München,11,8,35.19,387.06,97,49
2026-02-25,P003,Summer Dress,Clothing,Berlin,31,12,23.8,737.72,83,55
2026-02-25,P004,Sneakers,Shoes,Düsseldorf,12,7,65.84,790.03,73,45
2026-02-25,P004,Sneakers,Shoes,Essen,17,14,109.96,1869.28,100,51
2026-02-25,P004,Sneakers,Shoes,Köln,13,6,50.8,660.42,97,52
2026-02-25,P004,Sneakers,Shoes,München,30,14,131.13,3934.01,84,51
2026-02-25,P004,Sneakers,Shoes,Berlin,15,6,112.33,1684.97,119,38
2026-02-25,P005,Leather Boots,Shoes,Düsseldorf,8,4,127.47,1019.79,119,58
2026-02-25,P005,Leather Boots,Shoes,Essen,24,13,120.19,2884.51,72,26
2026-02-25,P005,Leather Boots,Shoes,Köln,14,9,97.11,1359.55,140,50
2026-02-25,P005,Leather Boots,Shoes,München,11,5,113.35,1246.85,103,51
2026-02-25,P005,Leather Boots,Shoes,Berlin,22,12,119.37,2626.21,95,54
2026-02-25,P006,Handbag,Accessories,Düsseldorf,28,11,75.79,2122.1,72,30
2026-02-25,P006,Handbag,Accessories,Essen,13,7,68.46,890.02,127,40
2026-02-25,P006,Handbag,Accessories,Köln,25,12,60.64,1515.96,73,52
2026-02-25,P006,Handbag,Accessories,München,21,8,61.64,1294.37,113,31
2026-02-25,P006,Handbag,Accessories,Berlin,25,13,48.78,1219.52,88,41
2026-02-25,P007,Belt,Accessories,Düsseldorf,7,3,35.67,249.66,115,30
2026-02-25,P007,Belt,Accessories,Essen,13,5,16.0,208.01,71,39
2026-02-25,P007,Belt,Accessories,Köln,17,8,63.49,1079.25,126,29
2026-02-25,P007,Belt,Accessories,München,15,6,62.43,936.49,116,33
2026-02-25,P007,Belt,Accessories,Berlin,13,5,28.09,365.15,84,38
2026-02-25,P008,Winter Jacket,Outerwear,Düsseldorf,17,7,120.9,2055.35,120,47
2026-02-25,P008,Winter Jacket,Outerwear,Essen,28,11,192.88,5400.54,105,55
2026-02-25,P008,Winter Jacket,Outerwear,Köln,17,7,156.11,2653.88,84,46
2026-02-25,P008,Winter Jacket,Outerwear,München,1,1,161.1,161.1,150,40
2026-02-25,P008,Winter Jacket,Outerwear,Berlin,21,10,109.36,2296.62,44,27
2026-02-25,P009,Blazer,Outerwear,Düsseldorf,7,4,96.35,674.43,52,56
2026-02-25,P009,Blazer,Outerwear,Essen,25,10,91.96,2299.1,113,31
2026-02-25,P009,Blazer,Outerwear,Köln,26,11,182.36,4741.28,67,59
2026-02-25,P009,Blazer,Outerwear,München,10,7,141.49,1414.9,82,26
2026-02-25,P009,Blazer,Outerwear,Berlin,22,8,120.12,2642.6,62,25
2026-02-25,P010,Sports Hoodie,Sportswear,Düsseldorf,22,9,42.65,938.38,109,28
2026-02-25,P010,Sports Hoodie,Sportswear,Essen,17,11,63.54,1080.19,138,34
2026-02-25,P010,Sports Hoodie,Sportswear,Köln,4,1,97.68,390.72,137,34
2026-02-25,P010,Sports Hoodie,Sportswear,München,17,7,61.76,1050.0,123,26
2026-02-25,P010,Sports Hoodie,Sportswear,Berlin,2,1,59.07,118.14,113,48
2026-02-26,P001,Basic T-Shirt,Clothing,Düsseldorf,2,1,24.86,49.71,140,35
2026-02-26,P001,Basic T-Shirt,Clothing,Essen,18,9,33.3,599.34,76,42
2026-02-26,P001,Basic T-Shirt,Clothing,Köln,13,8,45.89,596.55,82,59
2026-02-26,P001,Basic T-Shirt,Clothing,München,9,5,34.91,314.18,95,47
2026-02-26,P001,Basic T-Shirt,Clothing,Berlin,9,4,65.42,588.74,123,50
2026-02-26,P002,Slim Jeans,Clothing,Düsseldorf,19,12,21.69,412.07,107,54
2026-02-26,P002,Slim Jeans,Clothing,Essen,17,9,75.9,1290.31,94,46
2026-02-26,P002,Slim Jeans,Clothing,Köln,30,19,30.47,913.96,76,34
2026-02-26,P002,Slim Jeans,Clothing,München,23,15,51.1,1175.19,88,56
2026-02-26,P002,Slim Jeans,Clothing,Berlin,14,8,58.42,817.85,72,53
2026-02-26,P003,Summer Dress,Clothing,Düsseldorf,26,10,41.61,1081.85,82,35
2026-02-26,P003,Summer Dress,Clothing,Essen,17,10,63.42,1078.12,138,30
2026-02-26,P003,Summer Dress,Clothing,Köln,30,14,43.01,1290.29,52,35
2026-02-26,P003,Summer Dress,Clothing,München,21,9,62.94,1321.82,113,46
2026-02-26,P003,Summer Dress,Clothing,Berlin,9,5,75.03,675.24,122,58
2026-02-26,P004,Sneakers,Shoes,Düsseldorf,10,5,73.65,736.45,142,51
2026-02-26,P004,Sneakers,Shoes,Essen,16,6,83.12,1329.87,94,55
2026-02-26,P004,Sneakers,Shoes,Köln,19,13,85.81,1630.44,93,50
2026-02-26,P004,Sneakers,Shoes,München,7,5,128.33,898.28,83,37
2026-02-26,P004,Sneakers,Shoes,Berlin,25,12,96.45,2411.31,68,41
2026-02-26,P005,Leather Boots,Shoes,Düsseldorf,10,4,87.25,872.52,115,51
2026-02-26,P005,Leather Boots,Shoes,Essen,21,15,129.92,2728.35,32,32
2026-02-26,P005,Leather Boots,Shoes,Köln,17,9,133.86,2275.66,117,47
2026-02-26,P005,Leather Boots,Shoes,München,5,2,57.08,285.39,121,41
2026-02-26,P005,Leather Boots,Shoes,Berlin,20,18,145.91,2918.21,71,30
2026-02-26,P006,Handbag,Accessories,Düsseldorf,27,18,23.9,645.33,67,49
2026-02-26,P006,Handbag,Accessories,Essen,18,7,90.36,1626.49,68,59
2026-02-26,P006,Handbag,Accessories,Köln,12,6,73.11,877.29,115,48
2026-02-26,P006,Handbag,Accessories,München,28,18,57.46,1609.02,38,29
2026-02-26,P006,Handbag,Accessories,Berlin,30,14,45.88,1376.33,72,36
2026-02-26,P007,Belt,Accessories,Düsseldorf,3,2,84.16,252.49,141,54
2026-02-26,P007,Belt,Accessories,Essen,15,10,85.94,1289.15,137,48
2026-02-26,P007,Belt,Accessories,Köln,17,11,65.97,1121.55,62,29
2026-02-26,P007,Belt,Accessories,München,6,2,42.39,254.31,126,47
2026-02-26,P007,Belt,Accessories,Berlin,18,10,71.84,1293.04,104,58
2026-02-26,P008,Winter Jacket,Outerwear,Düsseldorf,40,18,204.53,8181.36,76,42
2026-02-26,P008,Winter Jacket,Outerwear,Essen,29,13,96.03,2784.74,78,49
2026-02-26,P008,Winter Jacket,Outerwear,Köln,23,9,196.56,4520.8,136,51
2026-02-26,P008,Winter Jacket,Outerwear,München,21,11,154.55,3245.64,54,58
2026-02-26,P008,Winter Jacket,Outerwear,Berlin,30,16,183.04,5491.26,50,49
2026-02-26,P009,Blazer,Outerwear,Düsseldorf,8,6,114.46,915.66,69,25
2026-02-26,P009,Blazer,Outerwear,Essen,4,2,186.78,747.13,111,25
2026-02-26,P009,Blazer,Outerwear,Köln,17,14,112.54,1913.19,142,55
2026-02-26,P009,Blazer,Outerwear,München,25,13,217.32,5433.11,82,30
2026-02-26,P009,Blazer,Outerwear,Berlin,14,10,148.75,2082.51,68,46
2026-02-26,P010,Sports Hoodie,Sportswear,Düsseldorf,0,1,48.95,0.0,111,35
2026-02-26,P010,Sports Hoodie,Sportswear,Essen,1,1,115.53,115.53,131,40
2026-02-26,P010,Sports Hoodie,Sportswear,Köln,27,12,33.08,893.04,96,38
2026-02-26,P010,Sports Hoodie,Sportswear,München,21,9,65.55,1376.54,71,53
2026-02-26,P010,Sports Hoodie,Sportswear,Berlin,14,6,115.53,1617.46,82,51
2026-02-27,P001,Basic T-Shirt,Clothing,Düsseldorf,7,5,43.33,303.31,83,38
2026-02-27,P001,Basic T-Shirt,Clothing,Essen,29,18,51.23,1485.67,45,26
2026-02-27,P001,Basic T-Shirt,Clothing,Köln,3,2,20.04,60.13,118,36
2026-02-27,P001,Basic T-Shirt,Clothing,München,25,10,29.16,729.07,96,59
2026-02-27,P001,Basic T-Shirt,Clothing,Berlin,24,15,69.34,1664.05,86,54
2026-02-27,P002,Slim Jeans,Clothing,Düsseldorf,25,15,30.19,754.65,84,32
2026-02-27,P002,Slim Jeans,Clothing,Essen,5,2,63.17,315.84,146,26
2026-02-27,P002,Slim Jeans,Clothing,Köln,24,11,20.73,497.6,63,41
2026-02-27,P002,Slim Jeans,Clothing,München,9,4,69.75,627.75,111,58
2026-02-27,P002,Slim Jeans,Clothing,Berlin,0,1,47.07,0.0,119,49
2026-02-27,P003,Summer Dress,Clothing,Düsseldorf,29,14,55.07,1596.95,66,53
2026-02-27,P003,Summer Dress,Clothing,Essen,27,16,30.83,832.36,75,30
2026-02-27,P003,Summer Dress,Clothing,Köln,35,15,25.68,898.66,45,27
2026-02-27,P003,Summer Dress,Clothing,München,18,15,38.3,689.33,95,54
2026-02-27,P003,Summer Dress,Clothing,Berlin,10,8,77.88,778.82,72,51
2026-02-27,P004,Sneakers,Shoes,Düsseldorf,28,14,86.65,2426.23,49,27
2026-02-27,P004,Sneakers,Shoes,Essen,24,12,133.76,3210.24,79,59
2026-02-27,P004,Sneakers,Shoes,Köln,17,6,74.11,1259.83,79,57
2026-02-27,P004,Sneakers,Shoes,München,19,15,118.88,2258.72,87,50
2026-02-27,P004,Sneakers,Shoes,Berlin,27,11,141.18,3811.85,97,34
2026-02-27,P005,Leather Boots,Shoes,Düsseldorf,28,11,146.81,4110.71,67,56
2026-02-27,P005,Leather Boots,Shoes,Essen,21,9,111.77,2347.15,68,52
2026-02-27,P005,Leather Boots,Shoes,Köln,9,5,53.44,480.94,98,55
2026-02-27,P005,Leather Boots,Shoes,München,14,6,92.16,1290.29,144,52
2026-02-27,P005,Leather Boots,Shoes,Berlin,23,18,96.84,2227.43,86,53
2026-02-27,P006,Handbag,Accessories,Düsseldorf,8,5,51.53,412.2,99,39
2026-02-27,P006,Handbag,Accessories,Essen,25,15,19.79,494.74,100,36
2026-02-27,P006,Handbag,Accessories,Köln,11,4,66.05,726.6,87,27
2026-02-27,P006,Handbag,Accessories,München,14,7,88.15,1234.15,113,28
2026-02-27,P006,Handbag,Accessories,Berlin,10,5,83.82,838.15,88,46
2026-02-27,P007,Belt,Accessories,Düsseldorf,12,5,17.22,206.69,119,36
2026-02-27,P007,Belt,Accessories,Essen,14,6,89.03,1246.38,128,49
2026-02-27,P007,Belt,Accessories,Köln,1,1,46.67,46.67,185,45
2026-02-27,P007,Belt,Accessories,München,23,10,52.47,1206.9,98,58
2026-02-27,P007,Belt,Accessories,Berlin,12,7,52.04,624.53,68,59
2026-02-27,P008,Winter Jacket,Outerwear,Düsseldorf,9,3,172.24,1550.14,107,44
2026-02-27,P008,Winter Jacket,Outerwear,Essen,11,4,130.58,1436.35,107,42
2026-02-27,P008,Winter Jacket,Outerwear,Köln,0,1,90.51,0.0,125,27
2026-02-27,P008,Winter Jacket,Outerwear,München,10,8,138.62,1386.17,108,56
2026-02-27,P008,Winter Jacket,Outerwear,Berlin,29,11,138.5,4016.46,69,45
2026-02-27,P009,Blazer,Outerwear,Düsseldorf,10,8,96.02,960.23,74,35
2026-02-27,P009,Blazer,Outerwear,Essen,20,8,154.66,3093.23,90,36
2026-02-27,P009,Blazer,Outerwear,Köln,36,19,133.48,4805.32,46,59
2026-02-27,P009,Blazer,Outerwear,München,25,12,213.88,5346.97,110,52
2026-02-27,P009,Blazer,Outerwear,Berlin,4,2,194.95,779.78,132,48
2026-02-27,P010,Sports Hoodie,Sportswear,Düsseldorf,26,21,97.62,2538.0,76,54
2026-02-27,P010,Sports Hoodie,Sportswear,Essen,4,3,107.13,428.53,76,38
2026-02-27,P010,Sports Hoodie,Sportswear,Köln,20,13,54.12,1082.34,60,46
2026-02-27,P010,Sports Hoodie,Sportswear,München,22,9,93.72,2061.74,84,25
2026-02-27,P010,Sports Hoodie,Sportswear,Berlin,37,16,63.22,2339.09,96,58
2026-02-28,P001,Basic T-Shirt,Clothing,Düsseldorf,12,10,79.68,956.2,85,45
2026-02-28,P001,Basic T-Shirt,Clothing,Essen,23,17,32.98,758.58,47,51
2026-02-28,P001,Basic T-Shirt,Clothing,Köln,18,8,66.42,1195.59,52,25
2026-02-28,P001,Basic T-Shirt,Clothing,München,16,8,59.79,956.64,167,28
2026-02-28,P001,Basic T-Shirt,Clothing,Berlin,20,9,45.92,918.36,58,42
2026-02-28,P002,Slim Jeans,Clothing,Düsseldorf,23,17,59.95,1378.93,58,59
2026-02-28,P002,Slim Jeans,Clothing,Essen,8,5,76.71,613.68,138,58
2026-02-28,P002,Slim Jeans,Clothing,Köln,28,12,54.6,1528.88,64,52
2026-02-28,P002,Slim Jeans,Clothing,München,23,9,70.22,1615.1,32,26
2026-02-28,P002,Slim Jeans,Clothing,Berlin,7,3,68.18,477.29,51,49
2026-02-28,P003,Summer Dress,Clothing,Düsseldorf,34,18,29.17,991.77,76,28
2026-02-28,P003,Summer Dress,Clothing,Essen,21,8,56.7,1190.6,130,47
2026-02-28,P003,Summer Dress,Clothing,Köln,10,8,48.4,483.96,124,39
2026-02-28,P003,Summer Dress,Clothing,München,22,19,62.59,1376.94,141,35
2026-02-28,P003,Summer Dress,Clothing,Berlin,11,5,53.12,584.27,85,50
2026-02-28,P004,Sneakers,Shoes,Düsseldorf,0,1,138.61,0.0,136,59
2026-02-28,P004,Sneakers,Shoes,Essen,0,1,82.13,0.0,112,59
2026-02-28,P004,Sneakers,Shoes,Köln,0,1,68.6,0.0,106,56
2026-02-28,P004,Sneakers,Shoes,München,22,9,97.12,2136.65,133,35
2026-02-28,P004,Sneakers,Shoes,Berlin,18,9,74.37,1338.59,39,55
2026-02-28,P005,Leather Boots,Shoes,Düsseldorf,10,8,115.57,1155.73,122,32
2026-02-28,P005,Leather Boots,Shoes,Essen,23,15,65.05,1496.06,92,44
2026-02-28,P005,Leather Boots,Shoes,Köln,19,11,146.95,2792.11,55,42
2026-02-28,P005,Leather Boots,Shoes,München,22,12,137.54,3025.95,60,31
2026-02-28,P005,Leather Boots,Shoes,Berlin,16,13,135.18,2162.83,75,41
2026-02-28,P006,Handbag,Accessories,Düsseldorf,24,12,77.63,1863.14,60,30
2026-02-28,P006,Handbag,Accessories,Essen,25,13,19.38,484.39,85,30
2026-02-28,P006,Handbag,Accessories,Köln,21,9,47.74,1002.6,83,26
2026-02-28,P006,Handbag,Accessories,München,11,6,83.46,918.07,101,29
2026-02-28,P006,Handbag,Accessories,Berlin,13,5,27.53,357.86,132,46
2026-02-28,P007,Belt,Accessories,Düsseldorf,16,7,50.19,802.98,97,29
2026-02-28,P007,Belt,Accessories,Essen,26,13,92.01,2392.17,82,42
2026-02-28,P007,Belt,Accessories,Köln,15,6,39.34,590.04,123,56
2026-02-28,P007,Belt,Accessories,München,23,12,22.42,515.61,108,30
2026-02-28,P007,Belt,Accessories,Berlin,16,12,66.01,1056.1,99,57
2026-02-28,P008,Winter Jacket,Outerwear,Düsseldorf,16,11,168.76,2700.09,95,34
2026-02-28,P008,Winter Jacket,Outerwear,Essen,27,19,187.49,5062.22,65,26
2026-02-28,P008,Winter Jacket,Outerwear,Köln,12,7,108.95,1307.39,95,43
2026-02-28,P008,Winter Jacket,Outerwear,München,8,4,114.67,917.37,141,55
2026-02-28,P008,Winter Jacket,Outerwear,Berlin,17,8,110.76,1882.95,79,51
2026-02-28,P009,Blazer,Outerwear,Düsseldorf,5,3,137.34,686.7,122,54
2026-02-28,P009,Blazer,Outerwear,Essen,6,5,211.28,1267.66,150,49
2026-02-28,P009,Blazer,Outerwear,Köln,22,8,141.72,3117.81,130,56
2026-02-28,P009,Blazer,Outerwear,München,14,12,116.56,1631.85,50,49
2026-02-28,P009,Blazer,Outerwear,Berlin,15,7,94.25,1413.75,99,32
2026-02-28,P010,Sports Hoodie,Sportswear,Düsseldorf,24,11,75.54,1813.05,75,29
2026-02-28,P010,Sports Hoodie,Sportswear,Essen,21,8,117.39,2465.28,100,35
2026-02-28,P010,Sports Hoodie,Sportswear,Köln,25,10,93.7,2342.44,61,30
2026-02-28,P010,Sports Hoodie,Sportswear,München,9,4,93.03,837.26,120,26
2026-02-28,P010,Sports Hoodie,Sportswear,Berlin,23,9,33.01,759.17,102,39
2026-03-01,P001,Basic T-Shirt,Clothing,Düsseldorf,25,14,59.17,1479.19,86,49
2026-03-01,P001,Basic T-Shirt,Clothing,Essen,34,15,31.45,1069.45,66,52
2026-03-01,P001,Basic T-Shirt,Clothing,Köln,12,7,48.34,580.13,115,28
2026-03-01,P001,Basic T-Shirt,Clothing,München,16,13,23.37,373.9,142,34
2026-03-01,P001,Basic T-Shirt,Clothing,Berlin,17,6,58.79,999.36,102,38
2026-03-01,P002,Slim Jeans,Clothing,Düsseldorf,21,13,76.97,1616.36,81,43
2026-03-01,P002,Slim Jeans,Clothing,Essen,16,7,57.0,912.01,95,54
2026-03-01,P002,Slim Jeans,Clothing,Köln,16,7,52.99,847.84,104,38
2026-03-01,P002,Slim Jeans,Clothing,München,26,12,65.16,1694.19,108,59
2026-03-01,P002,Slim Jeans,Clothing,Berlin,8,5,32.9,263.23,137,54
2026-03-01,P003,Summer Dress,Clothing,Düsseldorf,15,9,72.73,1090.94,125,38
2026-03-01,P003,Summer Dress,Clothing,Essen,22,10,45.6,1003.22,45,45
2026-03-01,P003,Summer Dress,Clothing,Köln,21,13,29.28,614.82,40,27
2026-03-01,P003,Summer Dress,Clothing,München,16,8,48.77,780.39,128,54
2026-03-01,P003,Summer Dress,Clothing,Berlin,25,18,67.61,1690.34,85,30
2026-03-01,P004,Sneakers,Shoes,Düsseldorf,22,13,121.63,2675.81,84,49
2026-03-01,P004,Sneakers,Shoes,Essen,22,17,130.63,2873.86,71,35
2026-03-01,P004,Sneakers,Shoes,Köln,15,6,58.27,874.0,37,42
2026-03-01,P004,Sneakers,Shoes,München,21,15,142.81,2998.91,45,31
2026-03-01,P004,Sneakers,Shoes,Berlin,20,9,116.52,2330.49,63,56
2026-03-01,P005,Leather Boots,Shoes,Düsseldorf,14,10,91.75,1284.53,115,34
2026-03-01,P005,Leather Boots,Shoes,Essen,8,3,105.79,846.29,141,53
2026-03-01,P005,Leather Boots,Shoes,Köln,16,9,62.07,993.17,59,58
2026-03-01,P005,Leather Boots,Shoes,München,28,13,53.52,1498.64,108,25
2026-03-01,P005,Leather Boots,Shoes,Berlin,9,6,111.17,1000.49,105,34
2026-03-01,P006,Handbag,Accessories,Düsseldorf,24,19,88.59,2126.09,70,57
2026-03-01,P006,Handbag,Accessories,Essen,6,4,55.05,330.3,91,45
2026-03-01,P006,Handbag,Accessories,Köln,16,11,45.16,722.51,58,37
2026-03-01,P006,Handbag,Accessories,München,23,12,34.28,788.33,116,27
2026-03-01,P006,Handbag,Accessories,Berlin,13,6,42.32,550.2,116,58
2026-03-01,P007,Belt,Accessories,Düsseldorf,3,1,76.64,229.92,92,38
2026-03-01,P007,Belt,Accessories,Essen,17,8,87.04,1479.75,88,47
2026-03-01,P007,Belt,Accessories,Köln,23,10,46.86,1077.7,108,47
2026-03-01,P007,Belt,Accessories,München,11,5,32.36,356.01,99,35
2026-03-01,P007,Belt,Accessories,Berlin,7,4,47.18,330.28,118,31
2026-03-01,P008,Winter Jacket,Outerwear,Düsseldorf,24,12,215.92,5181.99,95,37
2026-03-01,P008,Winter Jacket,Outerwear,Essen,30,13,211.66,6349.87,46,30
2026-03-01,P008,Winter Jacket,Outerwear,Köln,30,12,137.77,4133.08,74,27
2026-03-01,P008,Winter Jacket,Outerwear,München,32,14,200.79,6425.23,64,56
2026-03-01,P008,Winter Jacket,Outerwear,Berlin,28,14,163.43,4576.17,61,25
2026-03-01,P009,Blazer,Outerwear,Düsseldorf,6,3,102.99,617.93,81,55
2026-03-01,P009,Blazer,Outerwear,Essen,22,9,196.26,4317.65,82,49
2026-03-01,P009,Blazer,Outerwear,Köln,11,5,120.93,1330.21,117,43
2026-03-01,P009,Blazer,Outerwear,München,25,14,187.02,4675.47,98,35
2026-03-01,P009,Blazer,Outerwear,Berlin,18,10,104.46,1880.28,85,49
2026-03-01,P010,Sports Hoodie,Sportswear,Düsseldorf,6,3,57.19,343.14,112,31
2026-03-01,P010,Sports Hoodie,Sportswear,Essen,19,13,58.05,1102.95,104,51
2026-03-01,P010,Sports Hoodie,Sportswear,Köln,19,9,79.19,1504.61,60,35
2026-03-01,P010,Sports Hoodie,Sportswear,München,15,8,105.43,1581.42,39,55
2026-03-01,P010,Sports Hoodie,Sportswear,Berlin,35,17,109.71,3839.78,75,52
2026-03-02,P001,Basic T-Shirt,Clothing,Düsseldorf,13,5,39.35,511.57,90,27
2026-03-02,P001,Basic T-Shirt,Clothing,Essen,20,12,41.47,829.37,90,43
2026-03-02,P001,Basic T-Shirt,Clothing,Köln,22,17,23.07,507.58,101,56
2026-03-02,P001,Basic T-Shirt,Clothing,München,23,10,55.14,1268.16,87,25
2026-03-02,P001,Basic T-Shirt,Clothing,Berlin,2,1,71.13,142.26,103,43
2026-03-02,P002,Slim Jeans,Clothing,Düsseldorf,20,9,38.21,764.11,111,41
2026-03-02,P002,Slim Jeans,Clothing,Essen,20,10,55.93,1118.65,92,55
2026-03-02,P002,Slim Jeans,Clothing,Köln,13,6,30.57,397.35,98,52
2026-03-02,P002,Slim Jeans,Clothing,München,13,10,71.89,934.61,78,31
2026-03-02,P002,Slim Jeans,Clothing,Berlin,20,10,34.72,694.48,77,28
2026-03-02,P003,Summer Dress,Clothing,Düsseldorf,17,8,31.73,539.37,124,50
2026-03-02,P003,Summer Dress,Clothing,Essen,15,12,43.33,649.97,114,58
2026-03-02,P003,Summer Dress,Clothing,Köln,20,8,52.46,1049.24,101,40
2026-03-02,P003,Summer Dress,Clothing,München,23,11,24.78,569.94,85,58
2026-03-02,P003,Summer Dress,Clothing,Berlin,17,10,53.4,907.83,133,26
2026-03-02,P004,Sneakers,Shoes,Düsseldorf,34,14,146.27,4973.3,72,38
2026-03-02,P004,Sneakers,Shoes,Essen,8,3,67.5,540.02,112,31
2026-03-02,P004,Sneakers,Shoes,Köln,30,16,66.17,1985.18,43,55
2026-03-02,P004,Sneakers,Shoes,München,16,7,146.03,2336.44,86,54
2026-03-02,P004,Sneakers,Shoes,Berlin,27,20,136.95,3697.53,54,27
2026-03-02,P005,Leather Boots,Shoes,Düsseldorf,28,22,81.68,2286.9,62,53
2026-03-02,P005,Leather Boots,Shoes,Essen,12,8,79.7,956.35,109,55
2026-03-02,P005,Leather Boots,Shoes,Köln,12,6,90.55,1086.66,130,54
2026-03-02,P005,Leather Boots,Shoes,München,6,3,98.91,593.46,127,51
2026-03-02,P005,Leather Boots,Shoes,Berlin,7,4,110.12,770.87,94,54
2026-03-02,P006,Handbag,Accessories,Düsseldorf,0,1,23.2,0.0,124,56
2026-03-02,P006,Handbag,Accessories,Essen,20,11,97.47,1949.44,52,48
2026-03-02,P006,Handbag,Accessories,Köln,13,5,51.4,668.2,76,36
2026-03-02,P006,Handbag,Accessories,München,16,8,53.2,851.26,87,57
2026-03-02,P006,Handbag,Accessories,Berlin,12,7,81.9,982.84,98,57
2026-03-02,P007,Belt,Accessories,Düsseldorf,16,6,48.7,779.12,86,38
2026-03-02,P007,Belt,Accessories,Essen,23,10,20.18,464.04,85,47
2026-03-02,P007,Belt,Accessories,Köln,10,7,49.63,496.29,93,43
2026-03-02,P007,Belt,Accessories,München,14,6,87.79,1229.03,96,39
2026-03-02,P007,Belt,Accessories,Berlin,9,4,86.58,779.23,99,42
2026-03-02,P008,Winter Jacket,Outerwear,Düsseldorf,19,10,157.53,2993.03,45,51
2026-03-02,P008,Winter Jacket,Outerwear,Essen,17,8,185.21,3148.58,127,34
2026-03-02,P008,Winter Jacket,Outerwear,Köln,24,17,98.85,2372.4,87,59
2026-03-02,P008,Winter Jacket,Outerwear,München,27,12,106.01,2862.21,79,41
2026-03-02,P008,Winter Jacket,Outerwear,Berlin,13,8,125.91,1636.79,157,34
2026-03-02,P009,Blazer,Outerwear,Düsseldorf,23,9,197.17,4534.81,108,51
2026-03-02,P009,Blazer,Outerwear,Essen,20,11,121.86,2437.22,87,37
2026-03-02,P009,Blazer,Outerwear,Köln,33,18,124.06,4093.98,71,46
2026-03-02,P009,Blazer,Outerwear,München,13,6,100.47,1306.07,110,39
2026-03-02,P009,Blazer,Outerwear,Berlin,20,8,114.15,2283.08,96,44
2026-03-02,P010,Sports Hoodie,Sportswear,Düsseldorf,13,7,79.96,1039.46,103,54
2026-03-02,P010,Sports Hoodie,Sportswear,Essen,8,5,73.39,587.11,145,25
2026-03-02,P010,Sports Hoodie,Sportswear,Köln,14,7,119.45,1672.33,100,36
2026-03-02,P010,Sports Hoodie,Sportswear,München,15,9,111.28,1669.14,76,43
2026-03-02,P010,Sports Hoodie,Sportswear,Berlin,13,7,49.09,638.11,97,41
2026-03-03,P001,Basic T-Shirt,Clothing,Düsseldorf,9,5,49.65,446.83,91,33
2026-03-03,P001,Basic T-Shirt,Clothing,Essen,9,8,51.02,459.19,89,36
2026-03-03,P001,Basic T-Shirt,Clothing,Köln,15,7,30.83,462.47,108,42
2026-03-03,P001,Basic T-Shirt,Clothing,München,15,9,65.18,977.69,100,49
2026-03-03,P001,Basic T-Shirt,Clothing,Berlin,29,22,40.39,1171.4,108,25
2026-03-03,P002,Slim Jeans,Clothing,Düsseldorf,34,30,58.31,1982.43,65,53
2026-03-03,P002,Slim Jeans,Clothing,Essen,20,15,67.92,1358.33,103,34
2026-03-03,P002,Slim Jeans,Clothing,Köln,22,9,78.36,1723.86,109,34
2026-03-03,P002,Slim Jeans,Clothing,München,34,14,57.48,1954.16,53,56
2026-03-03,P002,Slim Jeans,Clothing,Berlin,11,5,77.48,852.32,103,53
2026-03-03,P003,Summer Dress,Clothing,Düsseldorf,19,9,60.98,1158.6,83,48
2026-03-03,P003,Summer Dress,Clothing,Essen,27,11,63.7,1719.83,69,29
2026-03-03,P003,Summer Dress,Clothing,Köln,15,10,36.41,546.12,144,45
2026-03-03,P003,Summer Dress,Clothing,München,18,9,78.69,1416.43,80,42
2026-03-03,P003,Summer Dress,Clothing,Berlin,20,8,23.19,463.76,141,40
2026-03-03,P004,Sneakers,Shoes,Düsseldorf,12,5,116.89,1402.68,116,59
2026-03-03,P004,Sneakers,Shoes,Essen,3,1,76.42,229.25,120,55
2026-03-03,P004,Sneakers,Shoes,Köln,12,7,132.75,1592.99,75,59
2026-03-03,P004,Sneakers,Shoes,München,2,1,117.93,235.86,139,59
2026-03-03,P004,Sneakers,Shoes,Berlin,18,7,107.18,1929.32,79,53
2026-03-03,P005,Leather Boots,Shoes,Düsseldorf,15,6,108.64,1629.6,121,37
2026-03-03,P005,Leather Boots,Shoes,Essen,20,14,135.23,2704.52,76,59
2026-03-03,P005,Leather Boots,Shoes,Köln,14,9,147.65,2067.11,120,39
2026-03-03,P005,Leather Boots,Shoes,München,20,9,99.08,1981.64,71,28
2026-03-03,P005,Leather Boots,Shoes,Berlin,29,14,55.92,1621.68,75,49
2026-03-03,P006,Handbag,Accessories,Düsseldorf,19,8,35.99,683.88,56,49
2026-03-03,P006,Handbag,Accessories,Essen,4,2,37.12,148.48,138,49
2026-03-03,P006,Handbag,Accessories,Köln,4,1,69.54,278.14,116,39
2026-03-03,P006,Handbag,Accessories,München,25,16,25.74,643.54,84,52
2026-03-03,P006,Handbag,Accessories,Berlin,17,7,75.27,1279.57,96,55
2026-03-03,P007,Belt,Accessories,Düsseldorf,18,10,35.51,639.2,112,50
2026-03-03,P007,Belt,Accessories,Essen,21,12,73.85,1550.8,53,28
2026-03-03,P007,Belt,Accessories,Köln,32,18,85.5,2735.91,63,27
2026-03-03,P007,Belt,Accessories,München,27,11,87.15,2353.14,87,38
2026-03-03,P007,Belt,Accessories,Berlin,30,19,97.45,2923.47,76,50
2026-03-03,P008,Winter Jacket,Outerwear,Düsseldorf,17,7,113.95,1937.2,72,49
2026-03-03,P008,Winter Jacket,Outerwear,Essen,23,17,179.39,4125.92,133,52
2026-03-03,P008,Winter Jacket,Outerwear,Köln,3,2,100.24,300.73,86,46
2026-03-03,P008,Winter Jacket,Outerwear,München,25,13,215.21,5380.14,93,53
2026-03-03,P008,Winter Jacket,Outerwear,Berlin,18,9,168.22,3028.02,42,59
2026-03-03,P009,Blazer,Outerwear,Düsseldorf,31,18,131.18,4066.54,88,48
2026-03-03,P009,Blazer,Outerwear,Essen,23,13,116.42,2677.7,102,45
2026-03-03,P009,Blazer,Outerwear,Köln,16,8,165.38,2646.15,102,43
2026-03-03,P009,Blazer,Outerwear,München,20,10,96.32,1926.35,67,57
2026-03-03,P009,Blazer,Outerwear,Berlin,8,3,89.78,718.22,99,57
2026-03-03,P010,Sports Hoodie,Sportswear,Düsseldorf,23,12,97.31,2238.07,77,55
2026-03-03,P010,Sports Hoodie,Sportswear,Essen,11,7,56.55,622.08,135,29
2026-03-03,P010,Sports Hoodie,Sportswear,Köln,17,8,91.13,1549.13,98,41
2026-03-03,P010,Sports Hoodie,Sportswear,München,10,5,69.36,693.59,90,49
2026-03-03,P010,Sports Hoodie,Sportswear,Berlin,24,20,107.56,2581.42,58,26
2026-03-04,P001,Basic T-Shirt,Clothing,Düsseldorf,22,12,56.58,1244.72,97,33
2026-03-04,P001,Basic T-Shirt,Clothing,Essen,31,21,45.42,1408.07,69,30
2026-03-04,P001,Basic T-Shirt,Clothing,Köln,3,1,79.09,237.28,111,42
2026-03-04,P001,Basic T-Shirt,Clothing,München,18,8,40.74,733.3,118,47
2026-03-04,P001,Basic T-Shirt,Clothing,Berlin,25,16,63.77,1594.19,96,31
2026-03-04,P002,Slim Jeans,Clothing,Düsseldorf,25,14,50.14,1253.47,80,43
2026-03-04,P002,Slim Jeans,Clothing,Essen,13,9,70.81,920.58,88,46
2026-03-04,P002,Slim Jeans,Clothing,Köln,21,15,51.16,1074.44,105,55
2026-03-04,P002,Slim Jeans,Clothing,München,28,19,59.82,1675.1,43,38
2026-03-04,P002,Slim Jeans,Clothing,Berlin,0,1,46.36,0.0,123,40
2026-03-04,P003,Summer Dress,Clothing,Düsseldorf,1,1,76.08,76.08,108,26
2026-03-04,P003,Summer Dress,Clothing,Essen,24,11,72.43,1738.39,98,45
2026-03-04,P003,Summer Dress,Clothing,Köln,29,21,67.22,1949.41,63,58
2026-03-04,P003,Summer Dress,Clothing,München,14,7,57.46,804.46,95,34
2026-03-04,P003,Summer Dress,Clothing,Berlin,1,1,76.6,76.6,140,25
2026-03-04,P004,Sneakers,Shoes,Düsseldorf,20,9,52.22,1044.41,92,54
2026-03-04,P004,Sneakers,Shoes,Essen,5,4,122.46,612.32,55,59
2026-03-04,P004,Sneakers,Shoes,Köln,34,30,99.84,3394.68,50,33
2026-03-04,P004,Sneakers,Shoes,München,25,10,75.55,1888.69,34,46
2026-03-04,P004,Sneakers,Shoes,Berlin,1,1,118.67,118.67,140,26
2026-03-04,P005,Leather Boots,Shoes,Düsseldorf,31,12,140.12,4343.72,104,40
2026-03-04,P005,Leather Boots,Shoes,Essen,24,12,137.71,3304.93,85,59
2026-03-04,P005,Leather Boots,Shoes,Köln,23,9,106.31,2445.07,109,25
2026-03-04,P005,Leather Boots,Shoes,München,23,18,131.58,3026.36,72,49
2026-03-04,P005,Leather Boots,Shoes,Berlin,14,8,136.36,1909.08,106,27
2026-03-04,P006,Handbag,Accessories,Düsseldorf,28,12,30.59,856.6,70,44
2026-03-04,P006,Handbag,Accessories,Essen,27,18,49.66,1340.89,79,58
2026-03-04,P006,Handbag,Accessories,Köln,19,11,45.34,861.47,68,51
2026-03-04,P006,Handbag,Accessories,München,23,11,39.42,906.57,48,30
2026-03-04,P006,Handbag,Accessories,Berlin,19,9,34.77,660.6,84,37
2026-03-04,P007,Belt,Accessories,Düsseldorf,15,12,30.41,456.12,110,54
2026-03-04,P007,Belt,Accessories,Essen,26,13,37.04,963.06,93,44
2026-03-04,P007,Belt,Accessories,Köln,18,14,37.91,682.34,70,57
2026-03-04,P007,Belt,Accessories,München,18,12,71.39,1285.02,109,55
2026-03-04,P007,Belt,Accessories,Berlin,14,7,84.99,1189.82,109,40
2026-03-04,P008,Winter Jacket,Outerwear,Düsseldorf,22,9,116.36,2559.86,78,37
2026-03-04,P008,Winter Jacket,Outerwear,Essen,24,14,142.8,3427.23,73,56
2026-03-04,P008,Winter Jacket,Outerwear,Köln,6,3,174.8,1048.78,99,46
2026-03-04,P008,Winter Jacket,Outerwear,München,29,11,187.43,5435.43,101,50
2026-03-04,P008,Winter Jacket,Outerwear,Berlin,30,18,129.72,3891.47,76,34
2026-03-04,P009,Blazer,Outerwear,Düsseldorf,19,10,91.23,1733.31,36,41
2026-03-04,P009,Blazer,Outerwear,Essen,25,17,171.24,4281.01,72,25
2026-03-04,P009,Blazer,Outerwear,Köln,7,3,111.09,777.61,148,45
2026-03-04,P009,Blazer,Outerwear,München,15,7,162.85,2442.68,87,46
2026-03-04,P009,Blazer,Outerwear,Berlin,14,5,106.28,1487.86,100,46
2026-03-04,P010,Sports Hoodie,Sportswear,Düsseldorf,16,10,54.91,878.61,113,41
2026-03-04,P010,Sports Hoodie,Sportswear,Essen,21,18,66.21,1390.4,45,42
2026-03-04,P010,Sports Hoodie,Sportswear,Köln,17,6,30.66,521.16,102,25
2026-03-04,P010,Sports Hoodie,Sportswear,München,33,19,113.07,3731.17,100,47
2026-03-04,P010,Sports Hoodie,Sportswear,Berlin,17,6,30.87,524.86,107,58
2026-03-05,P001,Basic T-Shirt,Clothing,Düsseldorf,11,4,59.27,651.96,77,48
2026-03-05,P001,Basic T-Shirt,Clothing,Essen,0,1,71.67,0.0,101,59
2026-03-05,P001,Basic T-Shirt,Clothing,Köln,0,1,37.05,0.0,113,42
2026-03-05,P001,Basic T-Shirt,Clothing,München,26,12,62.49,1624.72,61,45
2026-03-05,P001,Basic T-Shirt,Clothing,Berlin,31,23,59.1,1832.18,76,43
2026-03-05,P002,Slim Jeans,Clothing,Düsseldorf,7,4,25.34,177.4,172,37
2026-03-05,P002,Slim Jeans,Clothing,Essen,22,15,22.03,484.76,91,56
2026-03-05,P002,Slim Jeans,Clothing,Köln,32,20,62.51,2000.21,72,54
2026-03-05,P002,Slim Jeans,Clothing,München,20,12,45.99,919.74,91,36
2026-03-05,P002,Slim Jeans,Clothing,Berlin,26,22,39.96,1038.98,78,46
2026-03-05,P003,Summer Dress,Clothing,Düsseldorf,20,10,24.99,499.71,72,43
2026-03-05,P003,Summer Dress,Clothing,Essen,27,13,22.45,606.2,93,59
2026-03-05,P003,Summer Dress,Clothing,Köln,16,7,62.27,996.39,107,29
2026-03-05,P003,Summer Dress,Clothing,München,1,1,61.72,61.72,120,34
2026-03-05,P003,Summer Dress,Clothing,Berlin,4,2,57.85,231.39,109,58
2026-03-05,P004,Sneakers,Shoes,Düsseldorf,23,12,145.98,3357.61,106,25
2026-03-05,P004,Sneakers,Shoes,Essen,12,6,130.65,1567.78,75,34
2026-03-05,P004,Sneakers,Shoes,Köln,3,2,71.7,215.11,148,50
2026-03-05,P004,Sneakers,Shoes,München,16,6,62.58,1001.25,146,25
2026-03-05,P004,Sneakers,Shoes,Berlin,10,4,135.27,1352.68,125,47
2026-03-05,P005,Leather Boots,Shoes,Düsseldorf,3,2,72.34,217.03,104,57
2026-03-05,P005,Leather Boots,Shoes,Essen,23,18,115.19,2649.38,82,59
2026-03-05,P005,Leather Boots,Shoes,Köln,12,9,147.72,1772.61,108,34
2026-03-05,P005,Leather Boots,Shoes,München,6,3,149.4,896.39,129,43
2026-03-05,P005,Leather Boots,Shoes,Berlin,6,3,131.43,788.58,129,57
2026-03-05,P006,Handbag,Accessories,Düsseldorf,17,14,21.39,363.63,115,51
2026-03-05,P006,Handbag,Accessories,Essen,19,16,40.75,774.32,102,56
2026-03-05,P006,Handbag,Accessories,Köln,30,22,35.18,1055.27,90,43
2026-03-05,P006,Handbag,Accessories,München,27,12,24.43,659.63,54,28
2026-03-05,P006,Handbag,Accessories,Berlin,12,9,89.59,1075.08,94,33
2026-03-05,P007,Belt,Accessories,Düsseldorf,17,7,77.18,1312.03,122,46
2026-03-05,P007,Belt,Accessories,Essen,29,13,56.4,1635.64,84,52
2026-03-05,P007,Belt,Accessories,Köln,12,7,76.37,916.44,122,37
2026-03-05,P007,Belt,Accessories,München,15,12,43.14,647.03,122,54
2026-03-05,P007,Belt,Accessories,Berlin,23,18,44.2,1016.61,84,37
2026-03-05,P008,Winter Jacket,Outerwear,Düsseldorf,15,13,123.47,1852.01,105,55
2026-03-05,P008,Winter Jacket,Outerwear,Essen,19,9,201.55,3829.44,81,58
2026-03-05,P008,Winter Jacket,Outerwear,Köln,15,7,174.47,2617.02,83,44
2026-03-05,P008,Winter Jacket,Outerwear,München,23,15,98.83,2273.17,100,35
2026-03-05,P008,Winter Jacket,Outerwear,Berlin,3,2,121.11,363.33,105,47
2026-03-05,P009,Blazer,Outerwear,Düsseldorf,7,4,122.79,859.55,98,41
2026-03-05,P009,Blazer,Outerwear,Essen,8,4,123.98,991.81,113,52
2026-03-05,P009,Blazer,Outerwear,Köln,22,17,141.13,3104.87,81,29
2026-03-05,P009,Blazer,Outerwear,München,15,8,145.68,2185.19,136,40
2026-03-05,P009,Blazer,Outerwear,Berlin,15,9,133.34,2000.03,132,28
2026-03-05,P010,Sports Hoodie,Sportswear,Düsseldorf,28,22,86.31,2416.57,59,42
2026-03-05,P010,Sports Hoodie,Sportswear,Essen,16,6,102.31,1637.0,69,27
2026-03-05,P010,Sports Hoodie,Sportswear,Köln,12,5,74.38,892.61,105,39
2026-03-05,P010,Sports Hoodie,Sportswear,München,10,4,105.32,1053.24,100,50
2026-03-05,P010,Sports Hoodie,Sportswear,Berlin,17,7,107.6,1829.21,75,53
2026-03-06,P001,Basic T-Shirt,Clothing,Düsseldorf,14,12,52.75,738.47,90,25
2026-03-06,P001,Basic T-Shirt,Clothing,Essen,20,15,39.48,789.67,54,39
2026-03-06,P001,Basic T-Shirt,Clothing,Köln,25,10,28.75,718.79,83,54
2026-03-06,P001,Basic T-Shirt,Clothing,München,23,10,49.53,1139.14,61,37
2026-03-06,P001,Basic T-Shirt,Clothing,Berlin,12,5,74.87,898.45,109,36
2026-03-06,P002,Slim Jeans,Clothing,Düsseldorf,22,16,33.6,739.19,100,58
2026-03-06,P002,Slim Jeans,Clothing,Essen,16,6,53.83,861.25,139,29
2026-03-06,P002,Slim Jeans,Clothing,Köln,3,1,49.28,147.85,119,46
2026-03-06,P002,Slim Jeans,Clothing,München,25,11,33.28,832.02,63,51
2026-03-06,P002,Slim Jeans,Clothing,Berlin,23,18,60.86,1399.8,57,48
2026-03-06,P003,Summer Dress,Clothing,Düsseldorf,0,1,45.19,0.0,108,58
2026-03-06,P003,Summer Dress,Clothing,Essen,10,4,64.48,644.83,105,38
2026-03-06,P003,Summer Dress,Clothing,Köln,19,15,73.11,1389.14,132,31
2026-03-06,P003,Summer Dress,Clothing,München,16,9,24.28,388.54,95,26
2026-03-06,P003,Summer Dress,Clothing,Berlin,11,5,71.24,783.64,91,48
2026-03-06,P004,Sneakers,Shoes,Düsseldorf,3,2,54.56,163.68,142,25
2026-03-06,P004,Sneakers,Shoes,Essen,16,6,105.2,1683.19,77,50
2026-03-06,P004,Sneakers,Shoes,Köln,27,15,141.34,3816.17,104,39
2026-03-06,P004,Sneakers,Shoes,München,2,1,111.66,223.31,135,37
2026-03-06,P004,Sneakers,Shoes,Berlin,23,20,74.97,1724.38,96,55
2026-03-06,P005,Leather Boots,Shoes,Düsseldorf,11,8,54.89,603.79,108,58
2026-03-06,P005,Leather Boots,Shoes,Essen,23,11,54.14,1245.12,54,57
2026-03-06,P005,Leather Boots,Shoes,Köln,7,5,106.04,742.3,101,50
2026-03-06,P005,Leather Boots,Shoes,München,25,11,78.63,1965.63,91,30
2026-03-06,P005,Leather Boots,Shoes,Berlin,7,2,103.48,724.33,60,45
2026-03-06,P006,Handbag,Accessories,Düsseldorf,14,8,56.66,793.18,84,39
2026-03-06,P006,Handbag,Accessories,Essen,13,6,90.03,1170.4,84,26
2026-03-06,P006,Handbag,Accessories,Köln,10,6,84.51,845.09,140,26
2026-03-06,P006,Handbag,Accessories,München,20,17,19.12,382.49,63,44
2026-03-06,P006,Handbag,Accessories,Berlin,26,14,78.97,2053.32,30,49
2026-03-06,P007,Belt,Accessories,Düsseldorf,25,10,76.24,1906.02,89,41
2026-03-06,P007,Belt,Accessories,Essen,23,14,90.8,2088.47,69,44
2026-03-06,P007,Belt,Accessories,Köln,26,20,85.54,2223.96,116,50
2026-03-06,P007,Belt,Accessories,München,26,17,54.0,1404.04,58,49
2026-03-06,P007,Belt,Accessories,Berlin,11,5,86.18,948.0,108,37
2026-03-06,P008,Winter Jacket,Outerwear,Düsseldorf,4,1,104.04,416.17,87,27
2026-03-06,P008,Winter Jacket,Outerwear,Essen,21,9,174.77,3670.14,65,37
2026-03-06,P008,Winter Jacket,Outerwear,Köln,18,7,171.66,3089.93,101,27
2026-03-06,P008,Winter Jacket,Outerwear,München,17,6,185.46,3152.89,88,36
2026-03-06,P008,Winter Jacket,Outerwear,Berlin,28,14,163.17,4568.77,93,52
2026-03-06,P009,Blazer,Outerwear,Düsseldorf,14,7,92.92,1300.93,86,59
2026-03-06,P009,Blazer,Outerwear,Essen,14,5,209.84,2937.78,116,41
2026-03-06,P009,Blazer,Outerwear,Köln,2,1,133.44,266.88,121,38
2026-03-06,P009,Blazer,Outerwear,München,7,2,128.41,898.87,160,51
2026-03-06,P009,Blazer,Outerwear,Berlin,4,2,171.06,684.22,100,41
2026-03-06,P010,Sports Hoodie,Sportswear,Düsseldorf,11,7,95.86,1054.46,112,27
2026-03-06,P010,Sports Hoodie,Sportswear,Essen,20,8,60.0,1200.1,112,29
2026-03-06,P010,Sports Hoodie,Sportswear,Köln,22,9,114.75,2524.48,73,42
2026-03-06,P010,Sports Hoodie,Sportswear,München,13,6,90.05,1170.59,95,28
2026-03-06,P010,Sports Hoodie,Sportswear,Berlin,11,4,52.08,572.84,117,40
2026-03-07,P001,Basic T-Shirt,Clothing,Düsseldorf,27,16,57.77,1559.9,107,32
2026-03-07,P001,Basic T-Shirt,Clothing,Essen,3,2,71.67,215.01,103,26
2026-03-07,P001,Basic T-Shirt,Clothing,Köln,38,29,54.61,2075.25,37,40
2026-03-07,P001,Basic T-Shirt,Clothing,München,19,16,53.8,1022.17,102,31
2026-03-07,P001,Basic T-Shirt,Clothing,Berlin,13,11,39.76,516.83,85,45
2026-03-07,P002,Slim Jeans,Clothing,Düsseldorf,5,2,38.73,193.66,82,54
2026-03-07,P002,Slim Jeans,Clothing,Essen,3,1,44.9,134.7,133,47
2026-03-07,P002,Slim Jeans,Clothing,Köln,0,1,32.59,0.0,102,32
2026-03-07,P002,Slim Jeans,Clothing,München,14,9,79.0,1106.0,62,39
2026-03-07,P002,Slim Jeans,Clothing,Berlin,9,6,55.59,500.28,98,42
2026-03-07,P003,Summer Dress,Clothing,Düsseldorf,11,8,29.32,322.47,127,44
2026-03-07,P003,Summer Dress,Clothing,Essen,11,4,73.69,810.61,111,45
2026-03-07,P003,Summer Dress,Clothing,Köln,22,19,29.43,647.46,80,31
2026-03-07,P003,Summer Dress,Clothing,München,3,1,54.05,162.15,108,56
2026-03-07,P003,Summer Dress,Clothing,Berlin,11,7,22.56,248.11,83,31
2026-03-07,P004,Sneakers,Shoes,Düsseldorf,22,13,110.77,2436.95,120,55
2026-03-07,P004,Sneakers,Shoes,Essen,4,1,133.68,534.73,123,43
2026-03-07,P004,Sneakers,Shoes,Köln,26,17,113.94,2962.34,83,49
2026-03-07,P004,Sneakers,Shoes,München,0,1,95.76,0.0,135,57
2026-03-07,P004,Sneakers,Shoes,Berlin,4,1,137.15,548.6,72,33
2026-03-07,P005,Leather Boots,Shoes,Düsseldorf,30,12,127.62,3828.51,101,31
2026-03-07,P005,Leather Boots,Shoes,Essen,31,17,114.81,3559.18,99,34
2026-03-07,P005,Leather Boots,Shoes,Köln,22,13,102.56,2256.28,65,31
2026-03-07,P005,Leather Boots,Shoes,München,22,10,111.07,2443.57,108,33
2026-03-07,P005,Leather Boots,Shoes,Berlin,13,6,113.8,1479.44,94,44
2026-03-07,P006,Handbag,Accessories,Düsseldorf,14,6,44.35,620.87,104,38
2026-03-07,P006,Handbag,Accessories,Essen,24,10,64.26,1542.15,61,27
2026-03-07,P006,Handbag,Accessories,Köln,17,12,41.95,713.23,112,26
2026-03-07,P006,Handbag,Accessories,München,18,8,90.94,1636.99,75,26
2026-03-07,P006,Handbag,Accessories,Berlin,25,14,72.17,1804.13,59,29
2026-03-07,P007,Belt,Accessories,Düsseldorf,26,22,93.26,2424.82,76,28
2026-03-07,P007,Belt,Accessories,Essen,13,8,32.23,418.93,91,38
2026-03-07,P007,Belt,Accessories,Köln,2,1,49.96,99.92,111,25
2026-03-07,P007,Belt,Accessories,München,9,4,92.66,833.98,137,57
2026-03-07,P007,Belt,Accessories,Berlin,33,19,68.7,2267.13,72,25
2026-03-07,P008,Winter Jacket,Outerwear,Düsseldorf,22,17,203.73,4482.0,61,25
2026-03-07,P008,Winter Jacket,Outerwear,Essen,36,24,108.88,3919.59,95,58
2026-03-07,P008,Winter Jacket,Outerwear,Köln,13,6,197.01,2561.09,146,42
2026-03-07,P008,Winter Jacket,Outerwear,München,20,9,83.54,1670.84,80,56
2026-03-07,P008,Winter Jacket,Outerwear,Berlin,32,23,89.16,2853.14,54,40
2026-03-07,P009,Blazer,Outerwear,Düsseldorf,19,15,134.66,2558.63,80,48
2026-03-07,P009,Blazer,Outerwear,Essen,19,9,155.25,2949.72,48,39
2026-03-07,P009,Blazer,Outerwear,Köln,21,15,163.06,3424.27,125,50
2026-03-07,P009,Blazer,Outerwear,München,20,13,85.59,1711.74,90,31
2026-03-07,P009,Blazer,Outerwear,Berlin,12,5,185.3,2223.65,78,46
2026-03-07,P010,Sports Hoodie,Sportswear,Düsseldorf,16,8,82.56,1320.95,69,44
2026-03-07,P010,Sports Hoodie,Sportswear,Essen,28,14,63.72,1784.23,53,30
2026-03-07,P010,Sports Hoodie,Sportswear,Köln,23,15,60.28,1386.41,125,56
2026-03-07,P010,Sports Hoodie,Sportswear,München,16,7,73.1,1169.55,96,55
2026-03-07,P010,Sports Hoodie,Sportswear,Berlin,14,8,100.19,1402.64,112,47
2026-03-08,P001,Basic T-Shirt,Clothing,Düsseldorf,17,9,62.86,1068.7,123,40
2026-03-08,P001,Basic T-Shirt,Clothing,Essen,19,15,49.18,934.5,112,48
2026-03-08,P001,Basic T-Shirt,Clothing,Köln,16,6,67.3,1076.74,121,49
2026-03-08,P001,Basic T-Shirt,Clothing,München,5,2,44.16,220.81,117,53
2026-03-08,P001,Basic T-Shirt,Clothing,Berlin,6,3,44.99,269.96,86,41
2026-03-08,P002,Slim Jeans,Clothing,Düsseldorf,16,7,41.53,664.49,123,29
2026-03-08,P002,Slim Jeans,Clothing,Essen,20,10,75.83,1516.62,75,49
2026-03-08,P002,Slim Jeans,Clothing,Köln,17,9,30.78,523.2,97,26
2026-03-08,P002,Slim Jeans,Clothing,München,18,11,28.12,506.17,90,45
2026-03-08,P002,Slim Jeans,Clothing,Berlin,22,13,24.38,536.46,98,59
2026-03-08,P003,Summer Dress,Clothing,Düsseldorf,25,14,32.5,812.57,75,38
2026-03-08,P003,Summer Dress,Clothing,Essen,15,6,74.4,1115.93,107,44
2026-03-08,P003,Summer Dress,Clothing,Köln,7,4,36.91,258.34,108,44
2026-03-08,P003,Summer Dress,Clothing,München,9,4,57.75,519.79,92,50
2026-03-08,P003,Summer Dress,Clothing,Berlin,12,6,50.37,604.39,103,26
2026-03-08,P004,Sneakers,Shoes,Düsseldorf,14,9,84.69,1185.6,118,47
2026-03-08,P004,Sneakers,Shoes,Essen,9,5,68.46,616.14,127,28
2026-03-08,P004,Sneakers,Shoes,Köln,13,7,125.57,1632.47,146,45
2026-03-08,P004,Sneakers,Shoes,München,25,21,67.14,1678.43,63,42
2026-03-08,P004,Sneakers,Shoes,Berlin,31,24,79.05,2450.55,91,47
2026-03-08,P005,Leather Boots,Shoes,Düsseldorf,18,9,65.06,1171.04,163,35
2026-03-08,P005,Leather Boots,Shoes,Essen,20,16,119.56,2391.27,87,59
2026-03-08,P005,Leather Boots,Shoes,Köln,9,4,78.3,704.71,79,30
2026-03-08,P005,Leather Boots,Shoes,München,29,12,73.62,2135.0,86,25
2026-03-08,P005,Leather Boots,Shoes,Berlin,3,1,119.54,358.63,95,33
2026-03-08,P006,Handbag,Accessories,Düsseldorf,21,11,96.76,2031.98,94,58
2026-03-08,P006,Handbag,Accessories,Essen,9,6,89.72,807.45,52,49
2026-03-08,P006,Handbag,Accessories,Köln,23,10,86.05,1979.16,113,39
2026-03-08,P006,Handbag,Accessories,München,31,13,94.5,2929.49,84,45
2026-03-08,P006,Handbag,Accessories,Berlin,19,16,80.64,1532.23,93,58
2026-03-08,P007,Belt,Accessories,Düsseldorf,23,12,16.84,387.34,79,43
2026-03-08,P007,Belt,Accessories,Essen,16,10,71.03,1136.54,80,51
2026-03-08,P007,Belt,Accessories,Köln,32,22,30.61,979.47,48,55
2026-03-08,P007,Belt,Accessories,München,17,11,70.66,1201.16,76,51
2026-03-08,P007,Belt,Accessories,Berlin,14,6,28.48,398.76,96,32
2026-03-08,P008,Winter Jacket,Outerwear,Düsseldorf,21,12,112.18,2355.68,69,25
2026-03-08,P008,Winter Jacket,Outerwear,Essen,10,5,108.67,1086.74,97,37
2026-03-08,P008,Winter Jacket,Outerwear,Köln,22,14,97.85,2152.61,108,28
2026-03-08,P008,Winter Jacket,Outerwear,München,25,14,118.39,2959.81,100,46
2026-03-08,P008,Winter Jacket,Outerwear,Berlin,19,7,189.98,3609.58,45,52
2026-03-08,P009,Blazer,Outerwear,Düsseldorf,2,1,172.65,345.3,143,27
2026-03-08,P009,Blazer,Outerwear,Essen,5,3,105.38,526.89,166,52
2026-03-08,P009,Blazer,Outerwear,Köln,12,5,85.67,1028.02,110,44
2026-03-08,P009,Blazer,Outerwear,München,21,14,93.46,1962.66,40,30
2026-03-08,P009,Blazer,Outerwear,Berlin,6,2,212.8,1276.77,122,30
2026-03-08,P010,Sports Hoodie,Sportswear,Düsseldorf,29,11,37.42,1085.11,0,32
2026-03-08,P010,Sports Hoodie,Sportswear,Essen,32,20,116.3,3721.45,111,34
2026-03-08,P010,Sports Hoodie,Sportswear,Köln,32,13,88.01,2816.23,119,57
2026-03-08,P010,Sports Hoodie,Sportswear,München,6,2,118.8,712.78,88,42
2026-03-08,P010,Sports Hoodie,Sportswear,Berlin,6,3,68.45,410.68,109,58
2026-03-09,P001,Basic T-Shirt,Clothing,Düsseldorf,36,17,42.93,1545.48,73,43
2026-03-09,P001,Basic T-Shirt,Clothing,Essen,18,13,44.46,800.24,119,56
2026-03-09,P001,Basic T-Shirt,Clothing,Köln,10,6,30.05,300.48,117,36
2026-03-09,P001,Basic T-Shirt,Clothing,München,10,4,33.91,339.14,103,33
2026-03-09,P001,Basic T-Shirt,Clothing,Berlin,13,6,75.88,986.46,101,33
2026-03-09,P002,Slim Jeans,Clothing,Düsseldorf,18,9,75.44,1357.95,86,53
2026-03-09,P002,Slim Jeans,Clothing,Essen,8,5,32.09,256.7,102,53
2026-03-09,P002,Slim Jeans,Clothing,Köln,32,28,71.04,2273.22,89,57
2026-03-09,P002,Slim Jeans,Clothing,München,16,9,24.35,389.55,86,41
2026-03-09,P002,Slim Jeans,Clothing,Berlin,3,1,36.5,109.51,91,42
2026-03-09,P003,Summer Dress,Clothing,Düsseldorf,9,5,44.28,398.54,107,41
2026-03-09,P003,Summer Dress,Clothing,Essen,29,22,53.43,1549.48,70,43
2026-03-09,P003,Summer Dress,Clothing,Köln,34,18,32.61,1108.86,112,54
2026-03-09,P003,Summer Dress,Clothing,München,19,12,50.77,964.58,71,38
2026-03-09,P003,Summer Dress,Clothing,Berlin,5,4,32.46,162.29,86,35
2026-03-09,P004,Sneakers,Shoes,Düsseldorf,16,6,51.55,824.82,57,46
2026-03-09,P004,Sneakers,Shoes,Essen,9,6,114.7,1032.34,124,38
2026-03-09,P004,Sneakers,Shoes,Köln,9,4,136.51,1228.55,119,40
2026-03-09,P004,Sneakers,Shoes,München,29,17,106.13,3077.76,50,36
2026-03-09,P004,Sneakers,Shoes,Berlin,29,17,125.27,3632.9,105,45
2026-03-09,P005,Leather Boots,Shoes,Düsseldorf,14,9,138.14,1934.02,60,38
2026-03-09,P005,Leather Boots,Shoes,Essen,27,17,118.86,3209.25,49,45
2026-03-09,P005,Leather Boots,Shoes,Köln,6,2,94.93,569.57,97,26
2026-03-09,P005,Leather Boots,Shoes,München,8,4,141.31,1130.5,66,30
2026-03-09,P005,Leather Boots,Shoes,Berlin,14,6,91.66,1283.29,134,46
2026-03-09,P006,Handbag,Accessories,Düsseldorf,14,8,52.1,729.38,52,49
2026-03-09,P006,Handbag,Accessories,Essen,9,4,62.61,563.45,90,33
2026-03-09,P006,Handbag,Accessories,Köln,23,9,92.42,2125.61,104,31
2026-03-09,P006,Handbag,Accessories,München,17,10,39.97,679.5,71,35
2026-03-09,P006,Handbag,Accessories,Berlin,25,14,92.65,2316.29,82,32
2026-03-09,P007,Belt,Accessories,Düsseldorf,12,6,76.1,913.15,116,25
2026-03-09,P007,Belt,Accessories,Essen,13,9,80.82,1050.65,45,43
2026-03-09,P007,Belt,Accessories,Köln,22,11,36.25,797.4,46,36
2026-03-09,P007,Belt,Accessories,München,15,11,85.91,1288.66,90,36
2026-03-09,P007,Belt,Accessories,Berlin,25,18,18.04,450.91,94,41
2026-03-09,P008,Winter Jacket,Outerwear,Düsseldorf,14,7,146.74,2054.35,100,54
2026-03-09,P008,Winter Jacket,Outerwear,Essen,11,7,184.42,2028.64,97,59
2026-03-09,P008,Winter Jacket,Outerwear,Köln,1,1,93.08,93.08,92,39
2026-03-09,P008,Winter Jacket,Outerwear,München,28,15,143.91,4029.5,120,44
2026-03-09,P008,Winter Jacket,Outerwear,Berlin,24,16,199.98,4799.61,88,42
2026-03-09,P009,Blazer,Outerwear,Düsseldorf,8,5,111.73,893.81,131,27
2026-03-09,P009,Blazer,Outerwear,Essen,21,9,162.57,3413.95,125,56
2026-03-09,P009,Blazer,Outerwear,Köln,15,6,145.08,2176.2,71,32
2026-03-09,P009,Blazer,Outerwear,München,16,9,198.75,3180.04,66,35
2026-03-09,P009,Blazer,Outerwear,Berlin,1,1,215.61,215.61,189,34
2026-03-09,P010,Sports Hoodie,Sportswear,Düsseldorf,12,6,104.69,1256.23,107,36
2026-03-09,P010,Sports Hoodie,Sportswear,Essen,14,6,48.61,680.52,133,44
2026-03-09,P010,Sports Hoodie,Sportswear,Köln,28,14,95.94,2686.23,70,51
2026-03-09,P010,Sports Hoodie,Sportswear,München,0,1,64.93,0.0,111,46
2026-03-09,P010,Sports Hoodie,Sportswear,Berlin,10,5,55.84,558.35,92,28
2026-03-10,P001,Basic T-Shirt,Clothing,Düsseldorf,11,4,72.93,802.21,69,39
2026-03-10,P001,Basic T-Shirt,Clothing,Essen,19,10,53.61,1018.66,63,54
2026-03-10,P001,Basic T-Shirt,Clothing,Köln,29,18,40.54,1175.61,75,25
2026-03-10,P001,Basic T-Shirt,Clothing,München,7,3,44.15,309.02,136,52
2026-03-10,P001,Basic T-Shirt,Clothing,Berlin,14,6,53.6,750.39,72,52
2026-03-10,P002,Slim Jeans,Clothing,Düsseldorf,19,15,59.91,1138.33,84,46
2026-03-10,P002,Slim Jeans,Clothing,Essen,22,8,78.56,1728.36,38,57
2026-03-10,P002,Slim Jeans,Clothing,Köln,28,18,60.92,1705.88,60,46
2026-03-10,P002,Slim Jeans,Clothing,München,12,8,71.07,852.81,130,39
2026-03-10,P002,Slim Jeans,Clothing,Berlin,29,19,41.38,1200.14,73,42
2026-03-10,P003,Summer Dress,Clothing,Düsseldorf,15,6,32.9,493.46,53,44
2026-03-10,P003,Summer Dress,Clothing,Essen,23,11,43.51,1000.72,112,51
2026-03-10,P003,Summer Dress,Clothing,Köln,8,5,61.23,489.82,132,56
2026-03-10,P003,Summer Dress,Clothing,München,13,7,70.46,916.02,103,25
2026-03-10,P003,Summer Dress,Clothing,Berlin,24,11,26.98,647.43,110,55
2026-03-10,P004,Sneakers,Shoes,Düsseldorf,25,10,76.63,1915.78,68,50
2026-03-10,P004,Sneakers,Shoes,Essen,17,7,101.73,1729.38,136,34
2026-03-10,P004,Sneakers,Shoes,Köln,20,9,125.79,2515.77,111,58
2026-03-10,P004,Sneakers,Shoes,München,8,4,114.27,914.16,83,49
2026-03-10,P004,Sneakers,Shoes,Berlin,15,7,53.18,797.71,122,32
2026-03-10,P005,Leather Boots,Shoes,Düsseldorf,9,5,105.26,947.36,80,46
2026-03-10,P005,Leather Boots,Shoes,Essen,18,7,117.5,2115.08,136,29
2026-03-10,P005,Leather Boots,Shoes,Köln,16,6,76.76,1228.12,106,54
2026-03-10,P005,Leather Boots,Shoes,München,12,5,115.69,1388.22,78,34
2026-03-10,P005,Leather Boots,Shoes,Berlin,9,3,90.28,812.48,108,41
2026-03-10,P006,Handbag,Accessories,Düsseldorf,23,9,94.4,2171.27,99,28
2026-03-10,P006,Handbag,Accessories,Essen,5,2,46.36,231.79,157,48
2026-03-10,P006,Handbag,Accessories,Köln,28,12,50.5,1413.99,101,58
2026-03-10,P006,Handbag,Accessories,München,18,9,29.67,534.01,77,48
2026-03-10,P006,Handbag,Accessories,Berlin,25,18,52.48,1312.01,115,54
2026-03-10,P007,Belt,Accessories,Düsseldorf,19,8,78.39,1489.44,62,36
2026-03-10,P007,Belt,Accessories,Essen,30,15,34.0,1020.1,126,27
2026-03-10,P007,Belt,Accessories,Köln,10,8,43.72,437.21,91,39
2026-03-10,P007,Belt,Accessories,München,13,7,77.2,1003.63,112,51
2026-03-10,P007,Belt,Accessories,Berlin,0,1,51.88,0.0,118,37
2026-03-10,P008,Winter Jacket,Outerwear,Düsseldorf,12,7,204.9,2458.81,89,49
2026-03-10,P008,Winter Jacket,Outerwear,Essen,12,6,86.08,1032.99,104,54
2026-03-10,P008,Winter Jacket,Outerwear,Köln,0,1,179.72,0.0,99,39
2026-03-10,P008,Winter Jacket,Outerwear,München,12,6,197.82,2373.86,110,42
2026-03-10,P008,Winter Jacket,Outerwear,Berlin,14,6,164.74,2306.34,141,41
2026-03-10,P009,Blazer,Outerwear,Düsseldorf,13,6,128.35,1668.52,76,31
2026-03-10,P009,Blazer,Outerwear,Essen,18,7,151.1,2719.82,103,56
2026-03-10,P009,Blazer,Outerwear,Köln,13,5,157.88,2052.45,93,41
2026-03-10,P009,Blazer,Outerwear,München,34,16,127.13,4322.39,58,59
2026-03-10,P009,Blazer,Outerwear,Berlin,19,7,163.59,3108.18,106,42
2026-03-10,P010,Sports Hoodie,Sportswear,Düsseldorf,32,15,70.33,2250.57,71,45
2026-03-10,P010,Sports Hoodie,Sportswear,Essen,18,8,87.29,1571.2,90,28
2026-03-10,P010,Sports Hoodie,Sportswear,Köln,7,3,70.44,493.07,85,45
2026-03-10,P010,Sports Hoodie,Sportswear,München,6,4,37.31,223.88,128,51
2026-03-10,P010,Sports Hoodie,Sportswear,Berlin,6,2,58.36,350.18,111,43
2026-03-11,P001,Basic T-Shirt,Clothing,Düsseldorf,2,1,21.57,43.14,86,44
2026-03-11,P001,Basic T-Shirt,Clothing,Essen,16,11,61.73,987.68,123,48
2026-03-11,P001,Basic T-Shirt,Clothing,Köln,5,2,42.28,211.42,108,52
2026-03-11,P001,Basic T-Shirt,Clothing,München,14,7,56.55,791.71,106,30
2026-03-11,P001,Basic T-Shirt,Clothing,Berlin,25,11,48.85,1221.21,74,41
2026-03-11,P002,Slim Jeans,Clothing,Düsseldorf,19,11,41.33,785.33,79,34
2026-03-11,P002,Slim Jeans,Clothing,Essen,22,8,54.08,1189.8,100,39
2026-03-11,P002,Slim Jeans,Clothing,Köln,20,10,37.26,745.28,111,25
2026-03-11,P002,Slim Jeans,Clothing,München,17,14,57.11,970.86,91,54
2026-03-11,P002,Slim Jeans,Clothing,Berlin,15,6,41.74,626.14,42,28
2026-03-11,P003,Summer Dress,Clothing,Düsseldorf,6,4,30.49,182.93,62,42
2026-03-11,P003,Summer Dress,Clothing,Essen,15,7,73.0,1095.0,61,49
2026-03-11,P003,Summer Dress,Clothing,Köln,13,5,79.09,1028.16,93,50
2026-03-11,P003,Summer Dress,Clothing,München,16,6,66.02,1056.29,130,28
2026-03-11,P003,Summer Dress,Clothing,Berlin,15,8,69.1,1036.56,40,47
2026-03-11,P004,Sneakers,Shoes,Düsseldorf,9,4,52.27,470.42,103,34
2026-03-11,P004,Sneakers,Shoes,Essen,18,9,111.42,2005.55,99,28
2026-03-11,P004,Sneakers,Shoes,Köln,9,5,67.29,605.64,103,35
2026-03-11,P004,Sneakers,Shoes,München,25,16,62.01,1550.36,69,45
2026-03-11,P004,Sneakers,Shoes,Berlin,21,9,135.76,2850.98,91,39
2026-03-11,P005,Leather Boots,Shoes,Düsseldorf,4,3,71.26,285.03,155,40
2026-03-11,P005,Leather Boots,Shoes,Essen,23,15,83.84,1928.26,26,35
2026-03-11,P005,Leather Boots,Shoes,Köln,11,5,73.11,804.19,118,40
2026-03-11,P005,Leather Boots,Shoes,München,8,5,98.32,786.57,148,50
2026-03-11,P005,Leather Boots,Shoes,Berlin,18,13,112.79,2030.16,81,56
2026-03-11,P006,Handbag,Accessories,Düsseldorf,23,16,35.37,813.52,75,43
2026-03-11,P006,Handbag,Accessories,Essen,26,10,70.32,1828.34,95,41
2026-03-11,P006,Handbag,Accessories,Köln,15,8,54.01,810.09,110,41
2026-03-11,P006,Handbag,Accessories,München,8,4,70.36,562.87,147,30
2026-03-11,P006,Handbag,Accessories,Berlin,0,1,79.39,0.0,134,39
2026-03-11,P007,Belt,Accessories,Düsseldorf,19,10,91.9,1746.18,107,54
2026-03-11,P007,Belt,Accessories,Essen,25,13,15.12,378.09,48,55
2026-03-11,P007,Belt,Accessories,Köln,13,5,72.38,940.9,134,58
2026-03-11,P007,Belt,Accessories,München,27,14,80.09,2162.43,48,32
2026-03-11,P007,Belt,Accessories,Berlin,9,4,92.24,830.17,106,36
2026-03-11,P008,Winter Jacket,Outerwear,Düsseldorf,7,3,103.59,725.12,114,44
2026-03-11,P008,Winter Jacket,Outerwear,Essen,7,5,176.27,1233.9,143,53
2026-03-11,P008,Winter Jacket,Outerwear,Köln,5,2,116.51,582.57,94,33
2026-03-11,P008,Winter Jacket,Outerwear,München,20,9,201.45,4029.03,90,27
2026-03-11,P008,Winter Jacket,Outerwear,Berlin,27,18,157.22,4244.92,93,49
2026-03-11,P009,Blazer,Outerwear,Düsseldorf,21,8,197.9,4155.97,98,32
2026-03-11,P009,Blazer,Outerwear,Essen,30,21,181.32,5439.67,69,52
2026-03-11,P009,Blazer,Outerwear,Köln,1,1,131.42,131.42,140,58
2026-03-11,P009,Blazer,Outerwear,München,2,1,212.36,424.72,107,55
2026-03-11,P009,Blazer,Outerwear,Berlin,19,9,122.37,2325.08,66,36
2026-03-11,P010,Sports Hoodie,Sportswear,Düsseldorf,11,4,66.54,731.91,140,26
2026-03-11,P010,Sports Hoodie,Sportswear,Essen,17,7,70.64,1200.84,71,50
2026-03-11,P010,Sports Hoodie,Sportswear,Köln,28,14,60.71,1699.77,67,44
2026-03-11,P010,Sports Hoodie,Sportswear,München,24,16,79.99,1919.86,133,32
2026-03-11,P010,Sports Hoodie,Sportswear,Berlin,9,4,62.42,561.8,119,27
2026-03-12,P001,Basic T-Shirt,Clothing,Düsseldorf,18,8,49.09,883.55,78,53
2026-03-12,P001,Basic T-Shirt,Clothing,Essen,19,10,69.6,1322.33,83,42
2026-03-12,P001,Basic T-Shirt,Clothing,Köln,20,10,53.33,1066.7,111,52
2026-03-12,P001,Basic T-Shirt,Clothing,München,14,6,50.43,706.06,89,41
2026-03-12,P001,Basic T-Shirt,Clothing,Berlin,4,2,26.8,107.22,124,40
2026-03-12,P002,Slim Jeans,Clothing,Düsseldorf,24,19,64.63,1551.07,79,44
2026-03-12,P002,Slim Jeans,Clothing,Essen,11,4,73.15,804.66,99,42
2026-03-12,P002,Slim Jeans,Clothing,Köln,18,7,38.53,693.57,76,31
2026-03-12,P002,Slim Jeans,Clothing,München,13,7,69.35,901.52,75,58
2026-03-12,P002,Slim Jeans,Clothing,Berlin,12,8,52.14,625.67,136,38
2026-03-12,P003,Summer Dress,Clothing,Düsseldorf,29,12,43.66,1266.23,107,44
2026-03-12,P003,Summer Dress,Clothing,Essen,0,1,36.86,0.0,136,55
2026-03-12,P003,Summer Dress,Clothing,Köln,9,6,61.61,554.45,81,59
2026-03-12,P003,Summer Dress,Clothing,München,16,7,32.01,512.12,47,45
2026-03-12,P003,Summer Dress,Clothing,Berlin,7,4,54.25,379.73,147,40
2026-03-12,P004,Sneakers,Shoes,Düsseldorf,17,12,56.49,960.37,117,41
2026-03-12,P004,Sneakers,Shoes,Essen,8,6,106.2,849.59,111,59
2026-03-12,P004,Sneakers,Shoes,Köln,5,2,55.88,279.39,152,53
2026-03-12,P004,Sneakers,Shoes,München,29,12,97.77,2835.46,83,47
2026-03-12,P004,Sneakers,Shoes,Berlin,5,2,98.71,493.54,113,37
2026-03-12,P005,Leather Boots,Shoes,Düsseldorf,8,5,91.79,734.29,95,43
2026-03-12,P005,Leather Boots,Shoes,Essen,10,6,103.93,1039.34,154,55
2026-03-12,P005,Leather Boots,Shoes,Köln,6,3,120.52,723.14,73,26
2026-03-12,P005,Leather Boots,Shoes,München,30,23,123.15,3694.45,83,55
2026-03-12,P005,Leather Boots,Shoes,Berlin,21,14,141.35,2968.36,137,27
2026-03-12,P006,Handbag,Accessories,Düsseldorf,8,5,66.71,533.64,109,55
2026-03-12,P006,Handbag,Accessories,Essen,0,1,73.42,0.0,162,45
2026-03-12,P006,Handbag,Accessories,Köln,18,11,39.03,702.57,124,34
2026-03-12,P006,Handbag,Accessories,München,13,6,48.06,624.82,139,42
2026-03-12,P006,Handbag,Accessories,Berlin,30,12,63.65,1909.46,104,38
2026-03-12,P007,Belt,Accessories,Düsseldorf,21,9,44.33,930.96,88,36
2026-03-12,P007,Belt,Accessories,Essen,13,10,23.84,309.88,122,46
2026-03-12,P007,Belt,Accessories,Köln,3,2,23.46,70.38,132,36
2026-03-12,P007,Belt,Accessories,München,22,16,87.17,1917.77,91,37
2026-03-12,P007,Belt,Accessories,Berlin,0,1,77.25,0.0,126,44
2026-03-12,P008,Winter Jacket,Outerwear,Düsseldorf,21,9,195.94,4114.7,97,27
2026-03-12,P008,Winter Jacket,Outerwear,Essen,22,17,105.98,2331.53,51,51
2026-03-12,P008,Winter Jacket,Outerwear,Köln,26,17,185.7,4828.2,88,50
2026-03-12,P008,Winter Jacket,Outerwear,München,11,7,175.08,1925.84,61,55
2026-03-12,P008,Winter Jacket,Outerwear,Berlin,5,2,202.11,1010.56,134,50
2026-03-12,P009,Blazer,Outerwear,Düsseldorf,9,8,140.83,1267.43,37,33
2026-03-12,P009,Blazer,Outerwear,Essen,10,8,209.37,2093.68,60,31
2026-03-12,P009,Blazer,Outerwear,Köln,31,12,162.64,5041.93,51,31
2026-03-12,P009,Blazer,Outerwear,München,16,7,155.6,2489.61,77,35
2026-03-12,P009,Blazer,Outerwear,Berlin,11,7,146.99,1616.88,123,52
2026-03-12,P010,Sports Hoodie,Sportswear,Düsseldorf,11,4,62.28,685.11,134,58
2026-03-12,P010,Sports Hoodie,Sportswear,Essen,21,9,85.03,1785.56,79,43
2026-03-12,P010,Sports Hoodie,Sportswear,Köln,2,1,34.3,68.6,128,43
2026-03-12,P010,Sports Hoodie,Sportswear,München,20,17,114.07,2281.31,119,49
2026-03-12,P010,Sports Hoodie,Sportswear,Berlin,11,9,66.71,733.79,102,54
2026-03-13,P001,Basic T-Shirt,Clothing,Düsseldorf,20,13,46.42,928.49,52,25
2026-03-13,P001,Basic T-Shirt,Clothing,Essen,14,7,69.55,973.66,92,48
2026-03-13,P001,Basic T-Shirt,Clothing,Köln,20,17,76.02,1520.4,91,33
2026-03-13,P001,Basic T-Shirt,Clothing,München,30,17,44.35,1330.6,60,30
2026-03-13,P001,Basic T-Shirt,Clothing,Berlin,22,13,54.99,1209.67,61,31
2026-03-13,P002,Slim Jeans,Clothing,Düsseldorf,0,1,66.51,0.0,72,31
2026-03-13,P002,Slim Jeans,Clothing,Essen,21,9,79.1,1661.09,45,54
2026-03-13,P002,Slim Jeans,Clothing,Köln,13,5,50.05,650.6,106,46
2026-03-13,P002,Slim Jeans,Clothing,München,16,11,29.47,471.46,132,43
2026-03-13,P002,Slim Jeans,Clothing,Berlin,11,7,65.94,725.36,92,35
2026-03-13,P003,Summer Dress,Clothing,Düsseldorf,0,1,35.48,0.0,102,31
2026-03-13,P003,Summer Dress,Clothing,Essen,12,9,20.84,250.06,112,28
2026-03-13,P003,Summer Dress,Clothing,Köln,16,8,72.36,1157.73,109,47
2026-03-13,P003,Summer Dress,Clothing,München,14,5,47.64,666.92,95,50
2026-03-13,P003,Summer Dress,Clothing,Berlin,9,4,68.07,612.66,163,45
2026-03-13,P004,Sneakers,Shoes,Düsseldorf,4,3,113.03,452.13,108,32
2026-03-13,P004,Sneakers,Shoes,Essen,19,16,91.67,1741.71,94,39
2026-03-13,P004,Sneakers,Shoes,Köln,18,7,75.23,1354.22,65,52
2026-03-13,P004,Sneakers,Shoes,München,8,5,54.35,434.83,88,55
2026-03-13,P004,Sneakers,Shoes,Berlin,0,1,143.95,0.0,151,59
2026-03-13,P005,Leather Boots,Shoes,Düsseldorf,17,7,71.56,1216.5,82,56
2026-03-13,P005,Leather Boots,Shoes,Essen,11,5,129.25,1421.79,114,49
2026-03-13,P005,Leather Boots,Shoes,Köln,17,7,71.22,1210.79,87,48
2026-03-13,P005,Leather Boots,Shoes,München,24,11,121.6,2918.47,91,42
2026-03-13,P005,Leather Boots,Shoes,Berlin,24,12,113.68,2728.36,40,36
2026-03-13,P006,Handbag,Accessories,Düsseldorf,11,7,63.76,701.34,123,36
2026-03-13,P006,Handbag,Accessories,Essen,0,1,55.82,0.0,141,30
2026-03-13,P006,Handbag,Accessories,Köln,16,12,63.58,1017.33,81,53
2026-03-13,P006,Handbag,Accessories,München,12,8,26.29,315.47,84,57
2026-03-13,P006,Handbag,Accessories,Berlin,14,6,54.82,767.46,76,56
2026-03-13,P007,Belt,Accessories,Düsseldorf,16,6,69.06,1104.91,91,48
2026-03-13,P007,Belt,Accessories,Essen,7,4,53.45,374.17,101,46
2026-03-13,P007,Belt,Accessories,Köln,25,10,66.85,1671.37,73,36
2026-03-13,P007,Belt,Accessories,München,25,21,55.2,1380.07,103,28
2026-03-13,P007,Belt,Accessories,Berlin,26,17,93.16,2422.28,58,55
2026-03-13,P008,Winter Jacket,Outerwear,Düsseldorf,13,6,173.57,2256.4,63,49
2026-03-13,P008,Winter Jacket,Outerwear,Essen,17,9,143.62,2441.5,67,36
2026-03-13,P008,Winter Jacket,Outerwear,Köln,13,5,216.03,2808.43,107,52
2026-03-13,P008,Winter Jacket,Outerwear,München,20,13,211.7,4234.09,87,40
2026-03-13,P008,Winter Jacket,Outerwear,Berlin,24,11,182.73,4385.52,115,51
2026-03-13,P009,Blazer,Outerwear,Düsseldorf,10,5,165.47,1654.68,94,52
2026-03-13,P009,Blazer,Outerwear,Essen,18,7,117.63,2117.42,62,38
2026-03-13,P009,Blazer,Outerwear,Köln,5,2,195.64,978.18,116,40
2026-03-13,P009,Blazer,Outerwear,München,24,15,212.89,5109.45,107,41
2026-03-13,P009,Blazer,Outerwear,Berlin,9,4,112.54,1012.85,105,47
2026-03-13,P010,Sports Hoodie,Sportswear,Düsseldorf,16,13,57.54,920.59,110,42
2026-03-13,P010,Sports Hoodie,Sportswear,Essen,9,4,90.29,812.59,106,51
2026-03-13,P010,Sports Hoodie,Sportswear,Köln,22,9,69.57,1530.56,121,46
2026-03-13,P010,Sports Hoodie,Sportswear,München,10,5,40.01,400.07,110,48
2026-03-13,P010,Sports Hoodie,Sportswear,Berlin,15,7,61.68,925.14,135,42
2026-03-14,P001,Basic T-Shirt,Clothing,Düsseldorf,26,11,27.14,705.72,103,53
2026-03-14,P001,Basic T-Shirt,Clothing,Essen,37,16,58.96,2181.35,103,50
2026-03-14,P001,Basic T-Shirt,Clothing,Köln,5,2,62.61,313.05,103,31
2026-03-14,P001,Basic T-Shirt,Clothing,München,4,3,49.34,197.36,76,32
2026-03-14,P001,Basic T-Shirt,Clothing,Berlin,4,3,34.48,137.91,115,30
2026-03-14,P002,Slim Jeans,Clothing,Düsseldorf,8,4,54.97,439.77,97,46
2026-03-14,P002,Slim Jeans,Clothing,Essen,24,18,61.17,1467.98,61,29
2026-03-14,P002,Slim Jeans,Clothing,Köln,21,14,30.5,640.43,133,25
2026-03-14,P002,Slim Jeans,Clothing,München,9,7,79.29,713.65,123,54
2026-03-14,P002,Slim Jeans,Clothing,Berlin,0,1,78.63,0.0,127,54
2026-03-14,P003,Summer Dress,Clothing,Düsseldorf,17,8,53.1,902.78,76,42
2026-03-14,P003,Summer Dress,Clothing,Essen,16,8,34.44,551.01,103,54
2026-03-14,P003,Summer Dress,Clothing,Köln,18,15,41.97,755.39,73,52
2026-03-14,P003,Summer Dress,Clothing,München,14,6,49.83,697.69,51,59
2026-03-14,P003,Summer Dress,Clothing,Berlin,31,13,79.1,2451.96,99,25
2026-03-14,P004,Sneakers,Shoes,Düsseldorf,10,6,79.0,789.96,155,29
2026-03-14,P004,Sneakers,Shoes,Essen,24,10,112.6,2702.3,93,35
2026-03-14,P004,Sneakers,Shoes,Köln,14,6,96.41,1349.69,65,49
2026-03-14,P004,Sneakers,Shoes,München,27,24,149.91,4047.51,85,29
2026-03-14,P004,Sneakers,Shoes,Berlin,12,5,129.11,1549.31,58,41
2026-03-14,P005,Leather Boots,Shoes,Düsseldorf,16,9,68.74,1099.82,71,37
2026-03-14,P005,Leather Boots,Shoes,Essen,0,1,113.47,0.0,121,58
2026-03-14,P005,Leather Boots,Shoes,Köln,31,19,139.36,4320.29,87,57
2026-03-14,P005,Leather Boots,Shoes,München,14,8,57.71,807.88,138,54
2026-03-14,P005,Leather Boots,Shoes,Berlin,19,11,69.3,1316.62,89,35
2026-03-14,P006,Handbag,Accessories,Düsseldorf,13,7,21.62,281.1,46,55
2026-03-14,P006,Handbag,Accessories,Essen,20,10,48.93,978.52,112,28
2026-03-14,P006,Handbag,Accessories,Köln,26,11,71.14,1849.61,106,39
2026-03-14,P006,Handbag,Accessories,München,15,8,20.75,311.19,69,43
2026-03-14,P006,Handbag,Accessories,Berlin,27,21,71.17,1921.59,91,50
2026-03-14,P007,Belt,Accessories,Düsseldorf,18,7,84.4,1519.15,55,43
2026-03-14,P007,Belt,Accessories,Essen,23,12,45.81,1053.64,79,28
2026-03-14,P007,Belt,Accessories,Köln,1,1,36.47,36.47,130,25
2026-03-14,P007,Belt,Accessories,München,33,25,38.51,1270.89,45,47
2026-03-14,P007,Belt,Accessories,Berlin,18,11,65.8,1184.35,93,46
2026-03-14,P008,Winter Jacket,Outerwear,Düsseldorf,16,7,197.82,3165.14,85,41
2026-03-14,P008,Winter Jacket,Outerwear,Essen,30,12,108.97,3268.99,114,33
2026-03-14,P008,Winter Jacket,Outerwear,Köln,5,2,106.68,533.41,109,40
2026-03-14,P008,Winter Jacket,Outerwear,München,0,1,141.29,0.0,162,41
2026-03-14,P008,Winter Jacket,Outerwear,Berlin,10,4,147.46,1474.62,123,44
2026-03-14,P009,Blazer,Outerwear,Düsseldorf,7,3,193.55,1354.83,103,58
2026-03-14,P009,Blazer,Outerwear,Essen,21,16,135.64,2848.49,110,31
2026-03-14,P009,Blazer,Outerwear,Köln,14,10,217.98,3051.73,115,32
2026-03-14,P009,Blazer,Outerwear,München,21,10,202.72,4257.15,55,58
2026-03-14,P009,Blazer,Outerwear,Berlin,9,4,215.21,1936.87,75,58
2026-03-14,P010,Sports Hoodie,Sportswear,Düsseldorf,22,9,74.38,1636.45,111,31
2026-03-14,P010,Sports Hoodie,Sportswear,Essen,21,13,42.91,901.02,76,35
2026-03-14,P010,Sports Hoodie,Sportswear,Köln,35,21,82.2,2877.17,89,56
2026-03-14,P010,Sports Hoodie,Sportswear,München,14,7,74.83,1047.56,57,52
2026-03-14,P010,Sports Hoodie,Sportswear,Berlin,28,14,112.12,3139.39,79,37
2026-03-15,P001,Basic T-Shirt,Clothing,Düsseldorf,4,2,20.5,81.99,94,44
2026-03-15,P001,Basic T-Shirt,Clothing,Essen,18,7,42.47,764.53,60,28
2026-03-15,P001,Basic T-Shirt,Clothing,Köln,1,1,79.36,79.36,132,50
2026-03-15,P001,Basic T-Shirt,Clothing,München,6,4,64.65,387.93,63,32
2026-03-15,P001,Basic T-Shirt,Clothing,Berlin,12,10,51.63,619.54,117,53
2026-03-15,P002,Slim Jeans,Clothing,Düsseldorf,25,14,47.22,1180.46,89,50
2026-03-15,P002,Slim Jeans,Clothing,Essen,21,9,56.14,1178.91,66,55
2026-03-15,P002,Slim Jeans,Clothing,Köln,0,1,35.29,0.0,135,27
2026-03-15,P002,Slim Jeans,Clothing,München,18,8,22.52,405.35,99,27
2026-03-15,P002,Slim Jeans,Clothing,Berlin,12,5,20.6,247.19,110,36
2026-03-15,P003,Summer Dress,Clothing,Düsseldorf,26,13,47.73,1240.91,80,51
2026-03-15,P003,Summer Dress,Clothing,Essen,37,33,64.19,2375.09,67,58
2026-03-15,P003,Summer Dress,Clothing,Köln,11,5,27.64,304.0,92,56
2026-03-15,P003,Summer Dress,Clothing,München,26,10,49.95,1298.82,95,51
2026-03-15,P003,Summer Dress,Clothing,Berlin,19,7,26.87,510.55,78,44
2026-03-15,P004,Sneakers,Shoes,Düsseldorf,23,10,141.44,3253.17,80,29
2026-03-15,P004,Sneakers,Shoes,Essen,26,14,122.13,3175.39,104,55
2026-03-15,P004,Sneakers,Shoes,Köln,23,9,133.82,3077.95,58,46
2026-03-15,P004,Sneakers,Shoes,München,22,9,112.31,2470.77,35,47
2026-03-15,P004,Sneakers,Shoes,Berlin,11,5,108.87,1197.58,90,49
2026-03-15,P005,Leather Boots,Shoes,Düsseldorf,6,2,54.44,326.66,102,46
2026-03-15,P005,Leather Boots,Shoes,Essen,20,8,95.02,1900.37,89,39
2026-03-15,P005,Leather Boots,Shoes,Köln,13,6,60.52,786.82,127,38
2026-03-15,P005,Leather Boots,Shoes,München,19,9,122.19,2321.66,93,54
2026-03-15,P005,Leather Boots,Shoes,Berlin,5,4,97.68,488.39,116,43
2026-03-15,P006,Handbag,Accessories,Düsseldorf,18,9,75.75,1363.45,82,30
2026-03-15,P006,Handbag,Accessories,Essen,5,2,87.46,437.3,96,50
2026-03-15,P006,Handbag,Accessories,Köln,4,1,52.11,208.46,174,37
2026-03-15,P006,Handbag,Accessories,München,13,7,70.91,921.82,88,28
2026-03-15,P006,Handbag,Accessories,Berlin,26,11,49.33,1282.53,50,27
2026-03-15,P007,Belt,Accessories,Düsseldorf,18,15,58.73,1057.19,76,52
2026-03-15,P007,Belt,Accessories,Essen,10,4,31.2,311.95,84,42
2026-03-15,P007,Belt,Accessories,Köln,11,5,96.28,1059.08,142,58
2026-03-15,P007,Belt,Accessories,München,19,12,89.83,1706.78,117,42
2026-03-15,P007,Belt,Accessories,Berlin,26,13,64.22,1669.61,94,31
2026-03-15,P008,Winter Jacket,Outerwear,Düsseldorf,37,16,160.52,5939.28,103,51
2026-03-15,P008,Winter Jacket,Outerwear,Essen,11,5,101.43,1115.74,55,31
2026-03-15,P008,Winter Jacket,Outerwear,Köln,33,22,203.69,6721.74,62,53
2026-03-15,P008,Winter Jacket,Outerwear,München,23,11,101.57,2336.02,88,57
2026-03-15,P008,Winter Jacket,Outerwear,Berlin,9,4,150.33,1352.95,99,31
2026-03-15,P009,Blazer,Outerwear,Düsseldorf,14,6,94.06,1316.85,96,46
2026-03-15,P009,Blazer,Outerwear,Essen,20,17,208.69,4173.89,162,43
2026-03-15,P009,Blazer,Outerwear,Köln,8,5,148.81,1190.46,67,35
2026-03-15,P009,Blazer,Outerwear,München,33,14,205.03,6766.02,89,50
2026-03-15,P009,Blazer,Outerwear,Berlin,12,5,92.15,1105.85,124,35
2026-03-15,P010,Sports Hoodie,Sportswear,Düsseldorf,11,4,89.23,981.56,92,49
2026-03-15,P010,Sports Hoodie,Sportswear,Essen,28,16,43.08,1206.15,96,36
2026-03-15,P010,Sports Hoodie,Sportswear,Köln,18,16,86.53,1557.6,52,29
2026-03-15,P010,Sports Hoodie,Sportswear,München,31,13,84.6,2622.5,139,35
2026-03-15,P010,Sports Hoodie,Sportswear,Berlin,16,12,61.72,987.52,63,38
2026-03-16,P001,Basic T-Shirt,Clothing,Düsseldorf,22,12,25.75,566.6,126,29
2026-03-16,P001,Basic T-Shirt,Clothing,Essen,9,4,59.1,531.9,154,27
2026-03-16,P001,Basic T-Shirt,Clothing,Köln,13,5,76.24,991.08,60,46
2026-03-16,P001,Basic T-Shirt,Clothing,München,6,4,34.54,207.24,153,54
2026-03-16,P001,Basic T-Shirt,Clothing,Berlin,6,3,76.67,460.05,58,56
2026-03-16,P002,Slim Jeans,Clothing,Düsseldorf,22,17,55.9,1229.79,109,59
2026-03-16,P002,Slim Jeans,Clothing,Essen,0,1,40.61,0.0,172,33
2026-03-16,P002,Slim Jeans,Clothing,Köln,15,8,69.97,1049.53,82,43
2026-03-16,P002,Slim Jeans,Clothing,München,12,8,24.39,292.7,121,53
2026-03-16,P002,Slim Jeans,Clothing,Berlin,28,15,47.87,1340.35,73,38
2026-03-16,P003,Summer Dress,Clothing,Düsseldorf,8,3,79.35,634.83,113,36
2026-03-16,P003,Summer Dress,Clothing,Essen,29,14,28.38,823.06,83,44
2026-03-16,P003,Summer Dress,Clothing,Köln,29,11,58.96,1709.76,102,27
2026-03-16,P003,Summer Dress,Clothing,München,18,7,64.44,1159.89,90,32
2026-03-16,P003,Summer Dress,Clothing,Berlin,8,4,30.87,246.92,77,39
2026-03-16,P004,Sneakers,Shoes,Düsseldorf,28,11,62.89,1761.03,73,25
2026-03-16,P004,Sneakers,Shoes,Essen,8,6,59.05,472.41,74,35
2026-03-16,P004,Sneakers,Shoes,Köln,6,2,66.59,399.51,59,45
2026-03-16,P004,Sneakers,Shoes,München,27,11,98.51,2659.81,110,38
2026-03-16,P004,Sneakers,Shoes,Berlin,32,14,73.44,2350.01,96,27
2026-03-16,P005,Leather Boots,Shoes,Düsseldorf,28,12,107.65,3014.29,83,57
2026-03-16,P005,Leather Boots,Shoes,Essen,17,14,148.46,2523.78,113,37
2026-03-16,P005,Leather Boots,Shoes,Köln,14,11,136.82,1915.52,136,26
2026-03-16,P005,Leather Boots,Shoes,München,28,13,138.6,3880.83,83,40
2026-03-16,P005,Leather Boots,Shoes,Berlin,14,7,133.72,1872.06,134,32
2026-03-16,P006,Handbag,Accessories,Düsseldorf,35,24,63.13,2209.44,82,42
2026-03-16,P006,Handbag,Accessories,Essen,32,14,16.25,520.15,54,49
2026-03-16,P006,Handbag,Accessories,Köln,22,8,93.44,2055.65,103,42
2026-03-16,P006,Handbag,Accessories,München,12,5,17.31,207.73,133,27
2026-03-16,P006,Handbag,Accessories,Berlin,25,14,64.32,1607.91,96,47
2026-03-16,P007,Belt,Accessories,Düsseldorf,20,9,83.3,1666.04,134,56
2026-03-16,P007,Belt,Accessories,Essen,10,5,58.49,584.87,128,50
2026-03-16,P007,Belt,Accessories,Köln,21,13,65.21,1369.41,60,32
2026-03-16,P007,Belt,Accessories,München,23,15,19.52,448.94,70,38
2026-03-16,P007,Belt,Accessories,Berlin,5,3,80.43,402.16,112,58
2026-03-16,P008,Winter Jacket,Outerwear,Düsseldorf,33,16,195.75,6459.78,77,31
2026-03-16,P008,Winter Jacket,Outerwear,Essen,6,2,145.18,871.06,106,35
2026-03-16,P008,Winter Jacket,Outerwear,Köln,34,25,162.77,5534.3,45,28
2026-03-16,P008,Winter Jacket,Outerwear,München,8,3,182.53,1460.26,128,54
2026-03-16,P008,Winter Jacket,Outerwear,Berlin,7,2,178.22,1247.57,116,56
2026-03-16,P009,Blazer,Outerwear,Düsseldorf,20,8,199.15,3983.09,75,55
2026-03-16,P009,Blazer,Outerwear,Essen,26,14,149.82,3895.42,23,56
2026-03-16,P009,Blazer,Outerwear,Köln,15,6,215.78,3236.63,94,36
2026-03-16,P009,Blazer,Outerwear,München,22,16,138.67,3050.84,25,37
2026-03-16,P009,Blazer,Outerwear,Berlin,26,21,168.15,4371.9,54,54
2026-03-16,P010,Sports Hoodie,Sportswear,Düsseldorf,25,10,110.75,2768.83,92,29
2026-03-16,P010,Sports Hoodie,Sportswear,Essen,10,4,71.98,719.83,91,28
2026-03-16,P010,Sports Hoodie,Sportswear,Köln,7,6,102.97,720.77,73,49
2026-03-16,P010,Sports Hoodie,Sportswear,München,11,5,41.67,458.36,117,30
2026-03-16,P010,Sports Hoodie,Sportswear,Berlin,17,8,77.8,1322.54,94,26
2026-03-17,P001,Basic T-Shirt,Clothing,Düsseldorf,28,15,76.26,2135.33,76,46
2026-03-17,P001,Basic T-Shirt,Clothing,Essen,24,15,25.76,618.2,97,38
2026-03-17,P001,Basic T-Shirt,Clothing,Köln,16,8,62.14,994.17,98,39
2026-03-17,P001,Basic T-Shirt,Clothing,München,15,11,70.93,1063.94,93,41
2026-03-17,P001,Basic T-Shirt,Clothing,Berlin,13,5,64.57,839.41,73,25
2026-03-17,P002,Slim Jeans,Clothing,Düsseldorf,6,2,69.01,414.06,103,29
2026-03-17,P002,Slim Jeans,Clothing,Essen,0,1,26.08,0.0,119,51
2026-03-17,P002,Slim Jeans,Clothing,Köln,12,7,67.41,808.88,89,30
2026-03-17,P002,Slim Jeans,Clothing,München,13,10,77.67,1009.76,57,31
2026-03-17,P002,Slim Jeans,Clothing,Berlin,30,26,36.04,1081.21,99,26
2026-03-17,P003,Summer Dress,Clothing,Düsseldorf,31,19,62.63,1941.42,115,48
2026-03-17,P003,Summer Dress,Clothing,Essen,3,1,49.01,147.04,132,57
2026-03-17,P003,Summer Dress,Clothing,Köln,19,15,69.66,1323.57,71,30
2026-03-17,P003,Summer Dress,Clothing,München,20,9,49.46,989.26,92,27
2026-03-17,P003,Summer Dress,Clothing,Berlin,29,17,52.61,1525.61,89,50
2026-03-17,P004,Sneakers,Shoes,Düsseldorf,38,25,118.23,4492.67,65,30
2026-03-17,P004,Sneakers,Shoes,Essen,5,2,83.69,418.44,153,51
2026-03-17,P004,Sneakers,Shoes,Köln,10,4,91.13,911.28,93,40
2026-03-17,P004,Sneakers,Shoes,München,29,12,106.13,3077.89,49,51
2026-03-17,P004,Sneakers,Shoes,Berlin,4,1,70.42,281.67,89,53
2026-03-17,P005,Leather Boots,Shoes,Düsseldorf,18,7,99.38,1788.83,83,28
2026-03-17,P005,Leather Boots,Shoes,Essen,10,6,59.99,599.89,90,39
2026-03-17,P005,Leather Boots,Shoes,Köln,6,3,51.35,308.1,131,36
2026-03-17,P005,Leather Boots,Shoes,München,33,13,67.66,2232.8,64,32
2026-03-17,P005,Leather Boots,Shoes,Berlin,19,8,122.2,2321.74,76,55
2026-03-17,P006,Handbag,Accessories,Düsseldorf,10,5,51.94,519.41,116,49
2026-03-17,P006,Handbag,Accessories,Essen,34,13,82.05,2789.54,50,46
2026-03-17,P006,Handbag,Accessories,Köln,26,16,41.18,1070.61,94,59
2026-03-17,P006,Handbag,Accessories,München,21,9,15.54,326.26,91,33
2026-03-17,P006,Handbag,Accessories,Berlin,9,5,37.59,338.28,79,37
2026-03-17,P007,Belt,Accessories,Düsseldorf,33,21,38.69,1276.84,64,56
2026-03-17,P007,Belt,Accessories,Essen,24,15,93.02,2232.38,116,30
2026-03-17,P007,Belt,Accessories,Köln,27,15,80.86,2183.3,75,31
2026-03-17,P007,Belt,Accessories,München,9,5,29.75,267.72,137,49
2026-03-17,P007,Belt,Accessories,Berlin,11,5,81.31,894.44,102,45
2026-03-17,P008,Winter Jacket,Outerwear,Düsseldorf,24,9,147.68,3544.32,88,39
2026-03-17,P008,Winter Jacket,Outerwear,Essen,24,14,194.8,4675.31,78,42
2026-03-17,P008,Winter Jacket,Outerwear,Köln,20,10,84.92,1698.38,119,30
2026-03-17,P008,Winter Jacket,Outerwear,München,13,7,218.47,2840.09,117,44
2026-03-17,P008,Winter Jacket,Outerwear,Berlin,20,11,212.96,4259.1,78,49
2026-03-17,P009,Blazer,Outerwear,Düsseldorf,29,13,166.99,4842.72,79,35
2026-03-17,P009,Blazer,Outerwear,Essen,0,1,209.36,0.0,159,50
2026-03-17,P009,Blazer,Outerwear,Köln,16,8,105.47,1687.51,83,56
2026-03-17,P009,Blazer,Outerwear,München,11,4,150.69,1657.57,72,39
2026-03-17,P009,Blazer,Outerwear,Berlin,15,11,200.24,3003.57,91,27
2026-03-17,P010,Sports Hoodie,Sportswear,Düsseldorf,22,16,83.59,1838.89,94,45
2026-03-17,P010,Sports Hoodie,Sportswear,Essen,22,12,66.44,1461.77,74,37
2026-03-17,P010,Sports Hoodie,Sportswear,Köln,23,19,59.44,1367.22,103,52
2026-03-17,P010,Sports Hoodie,Sportswear,München,12,8,43.85,526.23,125,53
2026-03-17,P010,Sports Hoodie,Sportswear,Berlin,4,2,75.78,303.14,95,48
2026-03-18,P001,Basic T-Shirt,Clothing,Düsseldorf,15,9,41.34,620.04,104,27
2026-03-18,P001,Basic T-Shirt,Clothing,Essen,21,12,57.97,1217.3,112,48
2026-03-18,P001,Basic T-Shirt,Clothing,Köln,9,3,39.16,352.44,102,56
2026-03-18,P001,Basic T-Shirt,Clothing,München,30,19,24.44,733.24,61,34
2026-03-18,P001,Basic T-Shirt,Clothing,Berlin,9,7,31.36,282.27,118,53
2026-03-18,P002,Slim Jeans,Clothing,Düsseldorf,21,8,69.76,1465.06,81,52
2026-03-18,P002,Slim Jeans,Clothing,Essen,24,10,41.13,987.22,90,29
2026-03-18,P002,Slim Jeans,Clothing,Köln,27,17,63.96,1726.99,79,50
2026-03-18,P002,Slim Jeans,Clothing,München,33,13,34.15,1127.11,92,51
2026-03-18,P002,Slim Jeans,Clothing,Berlin,20,17,36.62,732.43,81,52
2026-03-18,P003,Summer Dress,Clothing,Düsseldorf,10,4,27.99,279.9,73,39
2026-03-18,P003,Summer Dress,Clothing,Essen,33,26,40.64,1341.19,54,58
2026-03-18,P003,Summer Dress,Clothing,Köln,24,13,37.16,891.9,109,57
2026-03-18,P003,Summer Dress,Clothing,München,6,2,49.5,297.02,132,56
2026-03-18,P003,Summer Dress,Clothing,Berlin,10,4,37.36,373.62,116,41
2026-03-18,P004,Sneakers,Shoes,Düsseldorf,28,13,135.97,3807.23,88,32
2026-03-18,P004,Sneakers,Shoes,Essen,6,5,137.41,824.45,79,32
2026-03-18,P004,Sneakers,Shoes,Köln,21,17,146.62,3079.0,139,37
2026-03-18,P004,Sneakers,Shoes,München,25,15,78.31,1957.65,101,32
2026-03-18,P004,Sneakers,Shoes,Berlin,4,3,63.18,252.7,106,58
2026-03-18,P005,Leather Boots,Shoes,Düsseldorf,23,16,134.48,3092.96,106,36
2026-03-18,P005,Leather Boots,Shoes,Essen,0,1,99.5,0.0,66,32
2026-03-18,P005,Leather Boots,Shoes,Köln,0,1,107.39,0.0,117,57
2026-03-18,P005,Leather Boots,Shoes,München,28,13,73.34,2053.59,39,46
2026-03-18,P005,Leather Boots,Shoes,Berlin,21,15,127.73,2682.38,124,47
2026-03-18,P006,Handbag,Accessories,Düsseldorf,4,1,76.73,306.92,145,26
2026-03-18,P006,Handbag,Accessories,Essen,27,11,32.53,878.3,65,59
2026-03-18,P006,Handbag,Accessories,Köln,22,19,60.87,1339.05,154,26
2026-03-18,P006,Handbag,Accessories,München,24,18,89.37,2144.95,118,42
2026-03-18,P006,Handbag,Accessories,Berlin,10,5,72.84,728.36,76,56
2026-03-18,P007,Belt,Accessories,Düsseldorf,24,9,55.63,1335.0,55,36
2026-03-18,P007,Belt,Accessories,Essen,14,6,70.99,993.86,98,37
2026-03-18,P007,Belt,Accessories,Köln,27,21,56.21,1517.56,76,29
2026-03-18,P007,Belt,Accessories,München,11,4,44.63,490.95,133,25
2026-03-18,P007,Belt,Accessories,Berlin,21,10,27.68,581.24,84,33
2026-03-18,P008,Winter Jacket,Outerwear,Düsseldorf,20,15,175.26,3505.29,114,30
2026-03-18,P008,Winter Jacket,Outerwear,Essen,8,5,82.35,658.8,70,52
2026-03-18,P008,Winter Jacket,Outerwear,Köln,13,6,201.08,2614.09,82,31
2026-03-18,P008,Winter Jacket,Outerwear,München,36,16,179.0,6443.85,87,32
2026-03-18,P008,Winter Jacket,Outerwear,Berlin,22,15,93.47,2056.39,76,47
2026-03-18,P009,Blazer,Outerwear,Düsseldorf,16,7,80.38,1286.1,72,37
2026-03-18,P009,Blazer,Outerwear,Essen,13,6,87.68,1139.87,72,32
2026-03-18,P009,Blazer,Outerwear,Köln,22,11,167.9,3693.79,73,53
2026-03-18,P009,Blazer,Outerwear,München,0,1,180.38,0.0,113,38
2026-03-18,P009,Blazer,Outerwear,Berlin,8,3,86.97,695.75,135,42
2026-03-18,P010,Sports Hoodie,Sportswear,Düsseldorf,11,6,74.69,821.54,128,45
2026-03-18,P010,Sports Hoodie,Sportswear,Essen,21,10,30.55,641.65,84,54
2026-03-18,P010,Sports Hoodie,Sportswear,Köln,6,3,92.74,556.42,109,40
2026-03-18,P010,Sports Hoodie,Sportswear,München,7,5,34.88,244.14,111,57
2026-03-18,P010,Sports Hoodie,Sportswear,Berlin,12,5,52.39,628.65,85,45
2026-03-19,P001,Basic T-Shirt,Clothing,Düsseldorf,14,11,72.66,1017.19,106,39
2026-03-19,P001,Basic T-Shirt,Clothing,Essen,20,9,48.11,962.19,149,31
2026-03-19,P001,Basic T-Shirt,Clothing,Köln,0,1,44.87,0.0,115,57
2026-03-19,P001,Basic T-Shirt,Clothing,München,13,6,72.56,943.31,98,38
2026-03-19,P001,Basic T-Shirt,Clothing,Berlin,28,17,67.48,1889.57,89,47
2026-03-19,P002,Slim Jeans,Clothing,Düsseldorf,18,8,74.63,1343.27,105,40
2026-03-19,P002,Slim Jeans,Clothing,Essen,6,2,61.53,369.15,124,34
2026-03-19,P002,Slim Jeans,Clothing,Köln,6,2,31.21,187.26,115,53
2026-03-19,P002,Slim Jeans,Clothing,München,24,11,20.8,499.09,96,52
2026-03-19,P002,Slim Jeans,Clothing,Berlin,27,12,24.95,673.6,114,26
2026-03-19,P003,Summer Dress,Clothing,Düsseldorf,32,14,62.51,2000.17,47,37
2026-03-19,P003,Summer Dress,Clothing,Essen,29,17,41.09,1191.73,84,50
2026-03-19,P003,Summer Dress,Clothing,Köln,26,10,46.68,1213.75,82,40
2026-03-19,P003,Summer Dress,Clothing,München,9,3,67.89,611.0,108,53
2026-03-19,P003,Summer Dress,Clothing,Berlin,25,18,24.24,606.02,71,31
2026-03-19,P004,Sneakers,Shoes,Düsseldorf,26,20,138.53,3601.67,81,44
2026-03-19,P004,Sneakers,Shoes,Essen,0,1,118.67,0.0,96,36
2026-03-19,P004,Sneakers,Shoes,Köln,5,3,52.07,260.37,111,55
2026-03-19,P004,Sneakers,Shoes,München,21,13,120.88,2538.57,118,39
2026-03-19,P004,Sneakers,Shoes,Berlin,23,20,67.01,1541.29,51,48
2026-03-19,P005,Leather Boots,Shoes,Düsseldorf,10,4,127.25,1272.48,104,58
2026-03-19,P005,Leather Boots,Shoes,Essen,28,16,129.59,3628.42,68,56
2026-03-19,P005,Leather Boots,Shoes,Köln,10,7,120.85,1208.49,94,49
2026-03-19,P005,Leather Boots,Shoes,München,22,9,80.81,1777.72,65,56
2026-03-19,P005,Leather Boots,Shoes,Berlin,33,15,109.54,3614.86,88,25
2026-03-19,P006,Handbag,Accessories,Düsseldorf,13,7,84.38,1096.94,114,32
2026-03-19,P006,Handbag,Accessories,Essen,28,13,16.83,471.29,78,47
2026-03-19,P006,Handbag,Accessories,Köln,30,16,42.72,1281.47,73,25
2026-03-19,P006,Handbag,Accessories,München,24,11,32.87,788.97,85,28
2026-03-19,P006,Handbag,Accessories,Berlin,19,9,36.48,693.07,70,31
2026-03-19,P007,Belt,Accessories,Düsseldorf,14,7,86.76,1214.7,107,31
2026-03-19,P007,Belt,Accessories,Essen,24,10,78.27,1878.55,107,30
2026-03-19,P007,Belt,Accessories,Köln,12,7,42.5,510.03,60,53
2026-03-19,P007,Belt,Accessories,München,20,9,46.82,936.32,100,41
2026-03-19,P007,Belt,Accessories,Berlin,19,16,15.18,288.49,107,49
2026-03-19,P008,Winter Jacket,Outerwear,Düsseldorf,30,14,137.43,4123.0,63,31
2026-03-19,P008,Winter Jacket,Outerwear,Essen,15,6,153.82,2307.33,97,56
2026-03-19,P008,Winter Jacket,Outerwear,Köln,20,8,103.03,2060.59,86,56
2026-03-19,P008,Winter Jacket,Outerwear,München,12,6,151.29,1815.48,167,55
2026-03-19,P008,Winter Jacket,Outerwear,Berlin,2,1,117.61,235.23,82,36
2026-03-19,P009,Blazer,Outerwear,Düsseldorf,13,5,164.68,2140.89,129,46
2026-03-19,P009,Blazer,Outerwear,Essen,9,5,121.32,1091.85,154,36
2026-03-19,P009,Blazer,Outerwear,Köln,15,9,118.91,1783.6,100,58
2026-03-19,P009,Blazer,Outerwear,München,17,12,190.03,3230.59,86,47
2026-03-19,P009,Blazer,Outerwear,Berlin,5,2,165.11,825.55,184,50
2026-03-19,P010,Sports Hoodie,Sportswear,Düsseldorf,11,5,76.26,838.83,96,33
2026-03-19,P010,Sports Hoodie,Sportswear,Essen,7,5,104.46,731.22,104,51
2026-03-19,P010,Sports Hoodie,Sportswear,Köln,21,16,88.08,1849.77,44,49
2026-03-19,P010,Sports Hoodie,Sportswear,München,25,15,51.73,1293.29,87,52
2026-03-19,P010,Sports Hoodie,Sportswear,Berlin,15,6,33.75,506.32,82,57
2026-03-20,P001,Basic T-Shirt,Clothing,Düsseldorf,23,20,32.57,749.1,114,34
2026-03-20,P001,Basic T-Shirt,Clothing,Essen,8,5,78.02,624.17,155,54
2026-03-20,P001,Basic T-Shirt,Clothing,Köln,23,14,77.9,1791.68,61,45
2026-03-20,P001,Basic T-Shirt,Clothing,München,1,1,65.25,65.25,90,45
2026-03-20,P001,Basic T-Shirt,Clothing,Berlin,17,7,26.04,442.69,98,41
2026-03-20,P002,Slim Jeans,Clothing,Düsseldorf,11,5,49.38,543.23,74,50
2026-03-20,P002,Slim Jeans,Clothing,Essen,29,16,76.58,2220.93,92,25
2026-03-20,P002,Slim Jeans,Clothing,Köln,26,20,65.66,1707.09,121,47
2026-03-20,P002,Slim Jeans,Clothing,München,21,11,42.55,893.48,133,36
2026-03-20,P002,Slim Jeans,Clothing,Berlin,29,12,30.27,877.71,52,55
2026-03-20,P003,Summer Dress,Clothing,Düsseldorf,26,15,35.93,934.27,74,56
2026-03-20,P003,Summer Dress,Clothing,Essen,29,25,60.83,1764.12,93,44
2026-03-20,P003,Summer Dress,Clothing,Köln,20,17,66.12,1322.4,50,26
2026-03-20,P003,Summer Dress,Clothing,München,17,6,59.63,1013.71,52,39
2026-03-20,P003,Summer Dress,Clothing,Berlin,32,20,59.21,1894.56,95,59
2026-03-20,P004,Sneakers,Shoes,Düsseldorf,12,6,118.62,1423.41,85,29
2026-03-20,P004,Sneakers,Shoes,Essen,17,9,140.45,2387.62,94,41
2026-03-20,P004,Sneakers,Shoes,Köln,25,15,59.02,1475.38,115,44
2026-03-20,P004,Sneakers,Shoes,München,7,5,115.25,806.78,132,29
2026-03-20,P004,Sneakers,Shoes,Berlin,39,28,55.79,2175.85,82,44
2026-03-20,P005,Leather Boots,Shoes,Düsseldorf,18,11,123.81,2228.55,80,50
2026-03-20,P005,Leather Boots,Shoes,Essen,0,1,125.09,0.0,121,34
2026-03-20,P005,Leather Boots,Shoes,Köln,20,9,126.62,2532.3,104,52
2026-03-20,P005,Leather Boots,Shoes,München,20,17,124.47,2489.48,124,55
2026-03-20,P005,Leather Boots,Shoes,Berlin,7,3,85.4,597.79,123,31
2026-03-20,P006,Handbag,Accessories,Düsseldorf,33,19,88.21,2911.03,107,30
2026-03-20,P006,Handbag,Accessories,Essen,8,4,59.32,474.58,105,48
2026-03-20,P006,Handbag,Accessories,Köln,17,7,32.57,553.67,81,32
2026-03-20,P006,Handbag,Accessories,München,15,12,53.77,806.62,80,47
2026-03-20,P006,Handbag,Accessories,Berlin,16,7,61.14,978.16,72,44
2026-03-20,P007,Belt,Accessories,Düsseldorf,21,13,25.63,538.2,110,43
2026-03-20,P007,Belt,Accessories,Essen,0,1,83.99,0.0,144,41
2026-03-20,P007,Belt,Accessories,Köln,20,9,26.68,533.61,65,49
2026-03-20,P007,Belt,Accessories,München,24,14,25.31,607.52,107,25
2026-03-20,P007,Belt,Accessories,Berlin,11,5,57.24,629.6,49,44
2026-03-20,P008,Winter Jacket,Outerwear,Düsseldorf,11,7,195.46,2150.04,49,38
2026-03-20,P008,Winter Jacket,Outerwear,Essen,6,3,130.17,781.03,157,25
2026-03-20,P008,Winter Jacket,Outerwear,Köln,14,8,164.8,2307.16,79,28
2026-03-20,P008,Winter Jacket,Outerwear,München,0,1,86.42,0.0,119,58
2026-03-20,P008,Winter Jacket,Outerwear,Berlin,24,17,193.82,4651.61,115,45
2026-03-20,P009,Blazer,Outerwear,Düsseldorf,14,6,165.66,2319.22,62,29
2026-03-20,P009,Blazer,Outerwear,Essen,12,4,176.65,2119.79,57,39
2026-03-20,P009,Blazer,Outerwear,Köln,9,4,89.06,801.52,137,39
2026-03-20,P009,Blazer,Outerwear,München,18,11,180.84,3255.08,109,51
2026-03-20,P009,Blazer,Outerwear,Berlin,28,20,146.69,4107.31,29,42
2026-03-20,P010,Sports Hoodie,Sportswear,Düsseldorf,12,9,117.81,1413.75,89,38
2026-03-20,P010,Sports Hoodie,Sportswear,Essen,17,10,53.59,911.11,82,44
2026-03-20,P010,Sports Hoodie,Sportswear,Köln,1,1,94.89,94.89,152,43
2026-03-20,P010,Sports Hoodie,Sportswear,München,19,8,74.78,1420.73,94,36
2026-03-20,P010,Sports Hoodie,Sportswear,Berlin,7,3,102.6,718.23,82,28
2026-03-21,P001,Basic T-Shirt,Clothing,Düsseldorf,42,19,34.96,1468.15,108,25
2026-03-21,P001,Basic T-Shirt,Clothing,Essen,20,13,21.3,426.07,86,48
2026-03-21,P001,Basic T-Shirt,Clothing,Köln,24,11,32.47,779.36,87,35
2026-03-21,P001,Basic T-Shirt,Clothing,München,29,13,49.4,1432.47,71,49
2026-03-21,P001,Basic T-Shirt,Clothing,Berlin,20,8,74.63,1492.57,109,52
2026-03-21,P002,Slim Jeans,Clothing,Düsseldorf,20,10,68.13,1362.68,80,26
2026-03-21,P002,Slim Jeans,Clothing,Essen,25,17,49.05,1226.23,88,37
2026-03-21,P002,Slim Jeans,Clothing,Köln,23,10,31.8,731.29,70,56
2026-03-21,P002,Slim Jeans,Clothing,München,24,21,23.06,553.35,91,32
2026-03-21,P002,Slim Jeans,Clothing,Berlin,8,4,47.38,379.05,44,55
2026-03-21,P003,Summer Dress,Clothing,Düsseldorf,26,21,71.42,1856.92,90,51
2026-03-21,P003,Summer Dress,Clothing,Essen,5,2,56.69,283.47,63,38
2026-03-21,P003,Summer Dress,Clothing,Köln,23,15,53.92,1240.24,129,33
2026-03-21,P003,Summer Dress,Clothing,München,35,15,25.75,901.32,107,54
2026-03-21,P003,Summer Dress,Clothing,Berlin,11,4,78.29,861.16,155,58
2026-03-21,P004,Sneakers,Shoes,Düsseldorf,21,16,75.31,1581.54,97,47
2026-03-21,P004,Sneakers,Shoes,Essen,27,11,106.74,2881.89,92,55
2026-03-21,P004,Sneakers,Shoes,Köln,17,8,50.73,862.46,103,51
2026-03-21,P004,Sneakers,Shoes,München,5,2,132.85,664.25,123,38
2026-03-21,P004,Sneakers,Shoes,Berlin,16,10,107.74,1723.9,98,47
2026-03-21,P005,Leather Boots,Shoes,Düsseldorf,20,11,65.55,1310.92,98,33
2026-03-21,P005,Leather Boots,Shoes,Essen,25,19,144.54,3613.56,77,56
2026-03-21,P005,Leather Boots,Shoes,Köln,13,6,124.73,1621.44,82,32
2026-03-21,P005,Leather Boots,Shoes,München,10,4,100.77,1007.68,118,55
2026-03-21,P005,Leather Boots,Shoes,Berlin,21,19,125.92,2644.3,46,39
2026-03-21,P006,Handbag,Accessories,Düsseldorf,19,9,54.4,1033.66,67,45
2026-03-21,P006,Handbag,Accessories,Essen,13,6,88.44,1149.76,89,48
2026-03-21,P006,Handbag,Accessories,Köln,35,17,34.96,1223.45,60,45
2026-03-21,P006,Handbag,Accessories,München,16,10,44.34,709.42,104,42
2026-03-21,P006,Handbag,Accessories,Berlin,13,8,29.82,387.62,73,55
2026-03-21,P007,Belt,Accessories,Düsseldorf,3,1,39.41,118.23,111,34
2026-03-21,P007,Belt,Accessories,Essen,13,9,87.84,1141.92,143,27
2026-03-21,P007,Belt,Accessories,Köln,11,5,99.06,1089.66,91,57
2026-03-21,P007,Belt,Accessories,München,16,6,16.9,270.48,75,40
2026-03-21,P007,Belt,Accessories,Berlin,17,10,68.32,1161.5,98,29
2026-03-21,P008,Winter Jacket,Outerwear,Düsseldorf,2,1,166.53,333.07,117,54
2026-03-21,P008,Winter Jacket,Outerwear,Essen,23,10,130.15,2993.47,92,39
2026-03-21,P008,Winter Jacket,Outerwear,Köln,8,3,181.76,1454.04,123,56
2026-03-21,P008,Winter Jacket,Outerwear,München,17,15,208.16,3538.71,75,56
2026-03-21,P008,Winter Jacket,Outerwear,Berlin,4,3,85.13,340.5,98,58
2026-03-21,P009,Blazer,Outerwear,Düsseldorf,24,18,120.77,2898.41,74,58
2026-03-21,P009,Blazer,Outerwear,Essen,13,7,182.5,2372.52,101,31
2026-03-21,P009,Blazer,Outerwear,Köln,9,3,113.35,1020.19,57,32
2026-03-21,P009,Blazer,Outerwear,München,0,1,81.38,0.0,118,27
2026-03-21,P009,Blazer,Outerwear,Berlin,31,12,104.95,3253.55,99,38
2026-03-21,P010,Sports Hoodie,Sportswear,Düsseldorf,29,13,53.27,1544.74,52,25
2026-03-21,P010,Sports Hoodie,Sportswear,Essen,18,8,51.97,935.43,86,32
2026-03-21,P010,Sports Hoodie,Sportswear,Köln,4,3,50.44,201.77,98,33
2026-03-21,P010,Sports Hoodie,Sportswear,München,4,1,85.97,343.89,105,30
2026-03-21,P010,Sports Hoodie,Sportswear,Berlin,14,5,104.74,1466.41,104,36
2026-03-22,P001,Basic T-Shirt,Clothing,Düsseldorf,12,6,60.21,722.49,106,41
2026-03-22,P001,Basic T-Shirt,Clothing,Essen,7,4,30.28,211.97,88,31
2026-03-22,P001,Basic T-Shirt,Clothing,Köln,3,2,28.9,86.71,109,30
2026-03-22,P001,Basic T-Shirt,Clothing,München,20,11,29.36,587.29,74,42
2026-03-22,P001,Basic T-Shirt,Clothing,Berlin,17,11,34.21,581.54,63,51
2026-03-22,P002,Slim Jeans,Clothing,Düsseldorf,26,19,41.98,1091.48,107,54
2026-03-22,P002,Slim Jeans,Clothing,Essen,6,3,42.41,254.45,96,50
2026-03-22,P002,Slim Jeans,Clothing,Köln,25,17,51.67,1291.71,71,30
2026-03-22,P002,Slim Jeans,Clothing,München,32,15,50.69,1622.22,68,53
2026-03-22,P002,Slim Jeans,Clothing,Berlin,20,8,22.75,454.92,45,50
2026-03-22,P003,Summer Dress,Clothing,Düsseldorf,23,10,70.04,1610.92,11,49
2026-03-22,P003,Summer Dress,Clothing,Essen,17,15,40.55,689.38,103,34
2026-03-22,P003,Summer Dress,Clothing,Köln,21,12,56.0,1176.01,75,30
2026-03-22,P003,Summer Dress,Clothing,München,7,2,42.09,294.62,113,50
2026-03-22,P003,Summer Dress,Clothing,Berlin,28,16,31.22,874.13,63,38
2026-03-22,P004,Sneakers,Shoes,Düsseldorf,27,11,87.84,2371.81,63,55
2026-03-22,P004,Sneakers,Shoes,Essen,7,5,91.45,640.18,126,25
2026-03-22,P004,Sneakers,Shoes,Köln,26,22,64.8,1684.73,95,34
2026-03-22,P004,Sneakers,Shoes,München,27,17,92.88,2507.83,90,36
2026-03-22,P004,Sneakers,Shoes,Berlin,29,11,144.53,4191.4,69,51
2026-03-22,P005,Leather Boots,Shoes,Düsseldorf,16,8,54.41,870.64,104,54
2026-03-22,P005,Leather Boots,Shoes,Essen,11,5,142.49,1567.4,121,37
2026-03-22,P005,Leather Boots,Shoes,Köln,8,3,143.2,1145.57,118,31
2026-03-22,P005,Leather Boots,Shoes,München,27,22,121.7,3285.86,81,46
2026-03-22,P005,Leather Boots,Shoes,Berlin,6,2,77.35,464.1,123,50
2026-03-22,P006,Handbag,Accessories,Düsseldorf,20,16,56.6,1132.03,49,51
2026-03-22,P006,Handbag,Accessories,Essen,13,9,65.4,850.2,84,40
2026-03-22,P006,Handbag,Accessories,Köln,9,3,94.3,848.67,85,46
2026-03-22,P006,Handbag,Accessories,München,16,6,98.92,1582.69,46,50
2026-03-22,P006,Handbag,Accessories,Berlin,18,11,57.84,1041.04,77,50
2026-03-22,P007,Belt,Accessories,Düsseldorf,28,14,32.14,900.04,106,52
2026-03-22,P007,Belt,Accessories,Essen,28,15,50.12,1403.29,46,45
2026-03-22,P007,Belt,Accessories,Köln,30,20,97.22,2916.55,54,30
2026-03-22,P007,Belt,Accessories,München,19,16,89.03,1691.62,120,53
2026-03-22,P007,Belt,Accessories,Berlin,34,14,56.07,1906.23,58,34
2026-03-22,P008,Winter Jacket,Outerwear,Düsseldorf,11,9,87.88,966.69,72,42
2026-03-22,P008,Winter Jacket,Outerwear,Essen,16,11,200.57,3209.04,130,41
2026-03-22,P008,Winter Jacket,Outerwear,Köln,20,8,112.11,2242.2,118,59
2026-03-22,P008,Winter Jacket,Outerwear,München,31,17,91.41,2833.69,64,54
2026-03-22,P008,Winter Jacket,Outerwear,Berlin,23,14,173.28,3985.41,114,38
2026-03-22,P009,Blazer,Outerwear,Düsseldorf,12,8,123.14,1477.7,128,45
2026-03-22,P009,Blazer,Outerwear,Essen,29,15,170.66,4949.16,84,53
2026-03-22,P009,Blazer,Outerwear,Köln,13,11,102.05,1326.65,134,29
2026-03-22,P009,Blazer,Outerwear,München,16,8,147.3,2356.74,112,43
2026-03-22,P009,Blazer,Outerwear,Berlin,7,3,124.46,871.25,120,42
2026-03-22,P010,Sports Hoodie,Sportswear,Düsseldorf,23,9,87.64,2015.64,64,51
2026-03-22,P010,Sports Hoodie,Sportswear,Essen,7,6,54.98,384.84,92,46
2026-03-22,P010,Sports Hoodie,Sportswear,Köln,29,17,63.72,1847.83,78,32
2026-03-22,P010,Sports Hoodie,Sportswear,München,16,6,91.93,1470.96,105,59
2026-03-22,P010,Sports Hoodie,Sportswear,Berlin,18,8,34.26,616.71,114,34
2026-03-23,P001,Basic T-Shirt,Clothing,Düsseldorf,11,9,76.54,841.96,91,31
2026-03-23,P001,Basic T-Shirt,Clothing,Essen,28,12,64.62,1809.34,87,40
2026-03-23,P001,Basic T-Shirt,Clothing,Köln,35,20,46.9,1641.55,89,54
2026-03-23,P001,Basic T-Shirt,Clothing,München,22,10,61.05,1343.08,43,31
2026-03-23,P001,Basic T-Shirt,Clothing,Berlin,29,17,23.32,676.24,87,53
2026-03-23,P002,Slim Jeans,Clothing,Düsseldorf,12,5,34.41,412.97,91,58
2026-03-23,P002,Slim Jeans,Clothing,Essen,10,4,28.96,289.62,86,37
2026-03-23,P002,Slim Jeans,Clothing,Köln,11,5,60.36,664.0,142,50
2026-03-23,P002,Slim Jeans,Clothing,München,16,11,25.21,403.4,64,53
2026-03-23,P002,Slim Jeans,Clothing,Berlin,26,14,38.49,1000.77,83,39
2026-03-23,P003,Summer Dress,Clothing,Düsseldorf,20,9,78.98,1579.58,58,32
2026-03-23,P003,Summer Dress,Clothing,Essen,10,4,46.34,463.39,56,30
2026-03-23,P003,Summer Dress,Clothing,Köln,26,17,58.56,1522.52,75,37
2026-03-23,P003,Summer Dress,Clothing,München,2,1,66.51,133.02,119,31
2026-03-23,P003,Summer Dress,Clothing,Berlin,28,11,54.79,1534.19,73,41
2026-03-23,P004,Sneakers,Shoes,Düsseldorf,25,13,69.19,1729.75,90,40
2026-03-23,P004,Sneakers,Shoes,Essen,11,9,88.07,968.81,155,31
2026-03-23,P004,Sneakers,Shoes,Köln,13,6,98.65,1282.42,92,35
2026-03-23,P004,Sneakers,Shoes,München,29,13,128.83,3736.18,63,47
2026-03-23,P004,Sneakers,Shoes,Berlin,18,11,69.44,1249.83,85,54
2026-03-23,P005,Leather Boots,Shoes,Düsseldorf,30,15,68.6,2058.12,66,47
2026-03-23,P005,Leather Boots,Shoes,Essen,20,15,107.8,2155.95,82,54
2026-03-23,P005,Leather Boots,Shoes,Köln,30,12,143.12,4293.74,56,52
2026-03-23,P005,Leather Boots,Shoes,München,0,1,127.27,0.0,137,28
2026-03-23,P005,Leather Boots,Shoes,Berlin,24,9,103.53,2484.71,75,47
2026-03-23,P006,Handbag,Accessories,Düsseldorf,13,6,83.24,1082.13,43,53
2026-03-23,P006,Handbag,Accessories,Essen,26,17,67.52,1755.48,85,59
2026-03-23,P006,Handbag,Accessories,Köln,19,10,60.71,1153.43,102,36
2026-03-23,P006,Handbag,Accessories,München,30,17,38.91,1167.19,37,49
2026-03-23,P006,Handbag,Accessories,Berlin,30,14,93.07,2792.23,99,42
2026-03-23,P007,Belt,Accessories,Düsseldorf,19,15,96.32,1830.14,110,33
2026-03-23,P007,Belt,Accessories,Essen,30,16,78.0,2340.14,71,53
2026-03-23,P007,Belt,Accessories,Köln,5,3,67.97,339.86,135,31
2026-03-23,P007,Belt,Accessories,München,21,12,16.11,338.32,97,46
2026-03-23,P007,Belt,Accessories,Berlin,13,5,76.84,998.93,76,31
2026-03-23,P008,Winter Jacket,Outerwear,Düsseldorf,7,2,138.49,969.43,99,47
2026-03-23,P008,Winter Jacket,Outerwear,Essen,31,12,119.28,3697.66,54,30
2026-03-23,P008,Winter Jacket,Outerwear,Köln,20,12,186.44,3728.87,42,38
2026-03-23,P008,Winter Jacket,Outerwear,München,7,5,128.46,899.23,124,58
2026-03-23,P008,Winter Jacket,Outerwear,Berlin,5,2,137.42,687.11,104,29
2026-03-23,P009,Blazer,Outerwear,Düsseldorf,16,9,102.25,1635.92,87,29
2026-03-23,P009,Blazer,Outerwear,Essen,17,7,125.34,2130.77,57,31
2026-03-23,P009,Blazer,Outerwear,Köln,25,22,134.93,3373.21,50,55
2026-03-23,P009,Blazer,Outerwear,München,5,2,138.24,691.21,65,42
2026-03-23,P009,Blazer,Outerwear,Berlin,15,8,109.86,1647.95,126,44
2026-03-23,P010,Sports Hoodie,Sportswear,Düsseldorf,27,12,41.73,1126.75,83,57
2026-03-23,P010,Sports Hoodie,Sportswear,Essen,34,22,52.99,1801.74,68,37
2026-03-23,P010,Sports Hoodie,Sportswear,Köln,15,9,106.34,1595.08,100,40
2026-03-23,P010,Sports Hoodie,Sportswear,München,11,9,54.89,603.79,152,41
2026-03-23,P010,Sports Hoodie,Sportswear,Berlin,15,7,60.23,903.52,125,34
2026-03-24,P001,Basic T-Shirt,Clothing,Düsseldorf,26,14,35.62,926.19,98,25
2026-03-24,P001,Basic T-Shirt,Clothing,Essen,12,8,70.89,850.71,106,35
2026-03-24,P001,Basic T-Shirt,Clothing,Köln,23,14,25.0,575.06,113,38
2026-03-24,P001,Basic T-Shirt,Clothing,München,0,1,58.43,0.0,121,59
2026-03-24,P001,Basic T-Shirt,Clothing,Berlin,5,3,56.98,284.89,105,32
2026-03-24,P002,Slim Jeans,Clothing,Düsseldorf,10,6,60.09,600.93,95,27
2026-03-24,P002,Slim Jeans,Clothing,Essen,30,16,32.7,981.02,64,30
2026-03-24,P002,Slim Jeans,Clothing,Köln,25,11,61.27,1531.71,85,34
2026-03-24,P002,Slim Jeans,Clothing,München,12,7,58.1,697.16,125,48
2026-03-24,P002,Slim Jeans,Clothing,Berlin,21,13,65.88,1383.38,74,35
2026-03-24,P003,Summer Dress,Clothing,Düsseldorf,9,4,71.2,640.79,108,36
2026-03-24,P003,Summer Dress,Clothing,Essen,16,8,34.64,554.17,129,42
2026-03-24,P003,Summer Dress,Clothing,Köln,22,12,79.26,1743.62,123,40
2026-03-24,P003,Summer Dress,Clothing,München,13,8,34.58,449.6,112,30
2026-03-24,P003,Summer Dress,Clothing,Berlin,33,14,40.0,1319.97,68,40
2026-03-24,P004,Sneakers,Shoes,Düsseldorf,14,8,61.74,864.42,126,36
2026-03-24,P004,Sneakers,Shoes,Essen,9,3,62.97,566.73,146,56
2026-03-24,P004,Sneakers,Shoes,Köln,16,10,101.94,1630.99,94,33
2026-03-24,P004,Sneakers,Shoes,München,11,4,65.3,718.3,89,36
2026-03-24,P004,Sneakers,Shoes,Berlin,25,12,113.79,2844.78,74,44
2026-03-24,P005,Leather Boots,Shoes,Düsseldorf,8,4,135.5,1084.04,136,42
2026-03-24,P005,Leather Boots,Shoes,Essen,22,18,133.66,2940.55,102,49
2026-03-24,P005,Leather Boots,Shoes,Köln,11,6,114.87,1263.55,103,35
2026-03-24,P005,Leather Boots,Shoes,München,17,10,147.06,2499.99,83,48
2026-03-24,P005,Leather Boots,Shoes,Berlin,6,3,58.79,352.75,126,25
2026-03-24,P006,Handbag,Accessories,Düsseldorf,14,8,51.49,720.81,116,49
2026-03-24,P006,Handbag,Accessories,Essen,34,23,31.52,1071.72,89,42
2026-03-24,P006,Handbag,Accessories,Köln,15,6,63.0,945.0,115,44
2026-03-24,P006,Handbag,Accessories,München,16,9,19.34,309.43,150,53
2026-03-24,P006,Handbag,Accessories,Berlin,6,4,96.48,578.87,79,45
2026-03-24,P007,Belt,Accessories,Düsseldorf,0,1,19.83,0.0,115,46
2026-03-24,P007,Belt,Accessories,Essen,22,16,89.23,1963.04,76,29
2026-03-24,P007,Belt,Accessories,Köln,26,18,87.88,2284.76,52,45
2026-03-24,P007,Belt,Accessories,München,2,1,39.26,78.53,164,54
2026-03-24,P007,Belt,Accessories,Berlin,18,11,78.3,1409.36,110,34
2026-03-24,P008,Winter Jacket,Outerwear,Düsseldorf,23,14,185.63,4269.39,79,58
2026-03-24,P008,Winter Jacket,Outerwear,Essen,16,13,162.41,2598.62,83,52
2026-03-24,P008,Winter Jacket,Outerwear,Köln,17,12,122.62,2084.57,90,43
2026-03-24,P008,Winter Jacket,Outerwear,München,5,2,140.5,702.49,102,41
2026-03-24,P008,Winter Jacket,Outerwear,Berlin,11,5,92.53,1017.88,96,51
2026-03-24,P009,Blazer,Outerwear,Düsseldorf,20,15,81.1,1621.93,101,57
2026-03-24,P009,Blazer,Outerwear,Essen,16,7,98.97,1583.5,84,29
2026-03-24,P009,Blazer,Outerwear,Köln,21,10,111.01,2331.24,65,55
2026-03-24,P009,Blazer,Outerwear,München,26,17,161.9,4209.52,48,56
2026-03-24,P009,Blazer,Outerwear,Berlin,13,5,109.03,1417.33,121,39
2026-03-24,P010,Sports Hoodie,Sportswear,Düsseldorf,8,6,44.62,356.97,101,27
2026-03-24,P010,Sports Hoodie,Sportswear,Essen,21,10,30.6,642.66,127,56
2026-03-24,P010,Sports Hoodie,Sportswear,Köln,7,4,88.35,618.44,64,27
2026-03-24,P010,Sports Hoodie,Sportswear,München,27,18,76.63,2069.06,61,28
2026-03-24,P010,Sports Hoodie,Sportswear,Berlin,31,22,103.42,3206.17,120,59
2026-03-25,P001,Basic T-Shirt,Clothing,Düsseldorf,7,5,54.1,378.69,139,27
2026-03-25,P001,Basic T-Shirt,Clothing,Essen,11,5,47.18,519.02,131,59
2026-03-25,P001,Basic T-Shirt,Clothing,Köln,23,12,29.44,677.01,109,37
2026-03-25,P001,Basic T-Shirt,Clothing,München,11,8,42.04,462.45,89,31
2026-03-25,P001,Basic T-Shirt,Clothing,Berlin,8,3,23.68,189.44,131,33
2026-03-25,P002,Slim Jeans,Clothing,Düsseldorf,23,11,20.0,460.07,55,27
2026-03-25,P002,Slim Jeans,Clothing,Essen,27,21,73.3,1979.21,38,58
2026-03-25,P002,Slim Jeans,Clothing,Köln,5,3,53.38,266.91,135,39
2026-03-25,P002,Slim Jeans,Clothing,München,20,15,41.88,837.52,72,33
2026-03-25,P002,Slim Jeans,Clothing,Berlin,23,14,43.81,1007.52,113,57
2026-03-25,P003,Summer Dress,Clothing,Düsseldorf,0,1,43.08,0.0,97,41
2026-03-25,P003,Summer Dress,Clothing,Essen,6,3,55.07,330.41,123,46
2026-03-25,P003,Summer Dress,Clothing,Köln,28,23,20.81,582.68,57,58
2026-03-25,P003,Summer Dress,Clothing,München,21,10,46.12,968.42,109,49
2026-03-25,P003,Summer Dress,Clothing,Berlin,26,10,72.61,1887.88,73,25
2026-03-25,P004,Sneakers,Shoes,Düsseldorf,19,9,127.6,2424.38,90,55
2026-03-25,P004,Sneakers,Shoes,Essen,10,6,138.45,1384.46,121,55
2026-03-25,P004,Sneakers,Shoes,Köln,23,12,125.74,2892.13,74,26
2026-03-25,P004,Sneakers,Shoes,München,20,15,58.25,1164.94,81,36
2026-03-25,P004,Sneakers,Shoes,Berlin,23,9,134.81,3100.73,108,32
2026-03-25,P005,Leather Boots,Shoes,Düsseldorf,20,9,123.24,2464.77,105,44
2026-03-25,P005,Leather Boots,Shoes,Essen,22,10,148.94,3276.62,51,48
2026-03-25,P005,Leather Boots,Shoes,Köln,34,22,60.06,2042.09,74,53
2026-03-25,P005,Leather Boots,Shoes,München,26,12,59.91,1557.74,81,44
2026-03-25,P005,Leather Boots,Shoes,Berlin,8,7,67.68,541.47,119,33
2026-03-25,P006,Handbag,Accessories,Düsseldorf,9,3,84.64,761.8,108,37
2026-03-25,P006,Handbag,Accessories,Essen,17,9,69.49,1181.37,90,38
2026-03-25,P006,Handbag,Accessories,Köln,27,17,22.03,594.8,70,56
2026-03-25,P006,Handbag,Accessories,München,17,8,68.77,1169.09,121,40
2026-03-25,P006,Handbag,Accessories,Berlin,19,12,51.35,975.61,138,25
2026-03-25,P007,Belt,Accessories,Düsseldorf,14,12,41.76,584.59,121,58
2026-03-25,P007,Belt,Accessories,Essen,0,1,28.08,0.0,162,26
2026-03-25,P007,Belt,Accessories,Köln,8,3,59.83,478.65,139,57
2026-03-25,P007,Belt,Accessories,München,2,1,98.57,197.14,136,57
2026-03-25,P007,Belt,Accessories,Berlin,34,24,50.05,1701.53,46,49
2026-03-25,P008,Winter Jacket,Outerwear,Düsseldorf,26,12,90.87,2362.58,74,29
2026-03-25,P008,Winter Jacket,Outerwear,Essen,29,15,147.55,4278.94,40,52
2026-03-25,P008,Winter Jacket,Outerwear,Köln,17,7,140.87,2394.83,86,31
2026-03-25,P008,Winter Jacket,Outerwear,München,22,12,215.3,4736.67,129,30
2026-03-25,P008,Winter Jacket,Outerwear,Berlin,6,3,118.37,710.21,146,46
2026-03-25,P009,Blazer,Outerwear,Düsseldorf,31,14,126.83,3931.81,111,49
2026-03-25,P009,Blazer,Outerwear,Essen,17,6,156.32,2657.36,126,37
2026-03-25,P009,Blazer,Outerwear,Köln,12,5,117.25,1407.03,119,42
2026-03-25,P009,Blazer,Outerwear,München,11,5,103.8,1141.81,131,56
2026-03-25,P009,Blazer,Outerwear,Berlin,11,8,130.69,1437.6,87,54
2026-03-25,P010,Sports Hoodie,Sportswear,Düsseldorf,18,10,103.41,1861.32,90,42
2026-03-25,P010,Sports Hoodie,Sportswear,Essen,24,9,80.25,1925.93,35,59
2026-03-25,P010,Sports Hoodie,Sportswear,Köln,19,10,81.46,1547.79,112,30
2026-03-25,P010,Sports Hoodie,Sportswear,München,21,18,111.76,2347.05,66,39
2026-03-25,P010,Sports Hoodie,Sportswear,Berlin,16,7,64.82,1037.19,118,55
2026-03-26,P001,Basic T-Shirt,Clothing,Düsseldorf,20,11,39.13,782.69,83,53
2026-03-26,P001,Basic T-Shirt,Clothing,Essen,1,1,75.75,75.75,131,59
2026-03-26,P001,Basic T-Shirt,Clothing,Köln,14,5,59.63,834.84,109,48
2026-03-26,P001,Basic T-Shirt,Clothing,München,27,12,49.99,1349.61,78,28
2026-03-26,P001,Basic T-Shirt,Clothing,Berlin,16,9,54.29,868.6,95,36
2026-03-26,P002,Slim Jeans,Clothing,Düsseldorf,19,8,35.73,678.81,125,40
2026-03-26,P002,Slim Jeans,Clothing,Essen,23,17,35.6,818.83,92,27
2026-03-26,P002,Slim Jeans,Clothing,Köln,34,20,39.21,1333.0,48,57
2026-03-26,P002,Slim Jeans,Clothing,München,33,18,25.98,857.44,83,44
2026-03-26,P002,Slim Jeans,Clothing,Berlin,16,7,32.46,519.31,119,51
2026-03-26,P003,Summer Dress,Clothing,Düsseldorf,24,11,68.65,1647.52,60,34
2026-03-26,P003,Summer Dress,Clothing,Essen,26,14,69.0,1793.96,99,33
2026-03-26,P003,Summer Dress,Clothing,Köln,26,12,72.38,1881.86,102,57
2026-03-26,P003,Summer Dress,Clothing,München,5,3,56.74,283.69,70,33
2026-03-26,P003,Summer Dress,Clothing,Berlin,18,9,51.67,930.03,67,55
2026-03-26,P004,Sneakers,Shoes,Düsseldorf,14,6,64.42,901.86,85,50
2026-03-26,P004,Sneakers,Shoes,Essen,28,12,137.9,3861.12,62,41
2026-03-26,P004,Sneakers,Shoes,Köln,20,10,78.71,1574.1,55,36
2026-03-26,P004,Sneakers,Shoes,München,19,9,95.27,1810.06,67,55
2026-03-26,P004,Sneakers,Shoes,Berlin,20,9,86.71,1734.28,51,47
2026-03-26,P005,Leather Boots,Shoes,Düsseldorf,25,16,102.19,2554.78,89,50
2026-03-26,P005,Leather Boots,Shoes,Essen,12,6,130.68,1568.2,105,35
2026-03-26,P005,Leather Boots,Shoes,Köln,10,5,53.7,537.0,88,39
2026-03-26,P005,Leather Boots,Shoes,München,18,10,72.21,1299.7,73,29
2026-03-26,P005,Leather Boots,Shoes,Berlin,22,18,78.05,1717.14,122,25
2026-03-26,P006,Handbag,Accessories,Düsseldorf,34,17,83.66,2844.37,53,38
2026-03-26,P006,Handbag,Accessories,Essen,1,1,79.04,79.04,145,40
2026-03-26,P006,Handbag,Accessories,Köln,24,17,25.57,613.67,85,33
2026-03-26,P006,Handbag,Accessories,München,22,11,93.9,2065.88,72,27
2026-03-26,P006,Handbag,Accessories,Berlin,10,4,30.76,307.64,133,33
2026-03-26,P007,Belt,Accessories,Düsseldorf,20,16,97.47,1949.38,105,29
2026-03-26,P007,Belt,Accessories,Essen,30,13,86.15,2584.4,110,38
2026-03-26,P007,Belt,Accessories,Köln,7,2,56.99,398.94,57,42
2026-03-26,P007,Belt,Accessories,München,12,6,65.96,791.52,88,30
2026-03-26,P007,Belt,Accessories,Berlin,11,6,63.24,695.69,128,55
2026-03-26,P008,Winter Jacket,Outerwear,Düsseldorf,6,3,119.73,718.41,116,31
2026-03-26,P008,Winter Jacket,Outerwear,Essen,3,1,113.54,340.62,138,40
2026-03-26,P008,Winter Jacket,Outerwear,Köln,22,9,199.73,4393.97,146,29
2026-03-26,P008,Winter Jacket,Outerwear,München,0,1,176.86,0.0,140,57
2026-03-26,P008,Winter Jacket,Outerwear,Berlin,0,1,198.86,0.0,108,55
2026-03-26,P009,Blazer,Outerwear,Düsseldorf,20,8,202.63,4052.69,110,37
2026-03-26,P009,Blazer,Outerwear,Essen,22,12,207.95,4575.0,77,29
2026-03-26,P009,Blazer,Outerwear,Köln,32,17,172.39,5516.5,36,29
2026-03-26,P009,Blazer,Outerwear,München,0,1,217.98,0.0,112,59
2026-03-26,P009,Blazer,Outerwear,Berlin,2,1,140.49,280.99,126,42
2026-03-26,P010,Sports Hoodie,Sportswear,Düsseldorf,24,12,118.42,2842.13,111,41
2026-03-26,P010,Sports Hoodie,Sportswear,Essen,14,7,73.2,1024.86,88,27
2026-03-26,P010,Sports Hoodie,Sportswear,Köln,5,2,68.74,343.68,113,46
2026-03-26,P010,Sports Hoodie,Sportswear,München,14,8,61.22,857.03,80,41
2026-03-26,P010,Sports Hoodie,Sportswear,Berlin,0,1,54.67,0.0,151,32
2026-03-27,P001,Basic T-Shirt,Clothing,Düsseldorf,27,13,77.71,2098.21,123,51
2026-03-27,P001,Basic T-Shirt,Clothing,Essen,31,12,66.26,2054.17,40,47
2026-03-27,P001,Basic T-Shirt,Clothing,Köln,5,2,33.5,167.5,151,46
2026-03-27,P001,Basic T-Shirt,Clothing,München,14,5,75.36,1055.05,72,33
2026-03-27,P001,Basic T-Shirt,Clothing,Berlin,6,3,71.43,428.58,121,32
2026-03-27,P002,Slim Jeans,Clothing,Düsseldorf,23,9,36.79,846.14,60,43
2026-03-27,P002,Slim Jeans,Clothing,Essen,19,10,61.4,1166.61,51,55
2026-03-27,P002,Slim Jeans,Clothing,Köln,22,10,77.98,1715.47,146,58
2026-03-27,P002,Slim Jeans,Clothing,München,23,14,69.61,1601.12,99,26
2026-03-27,P002,Slim Jeans,Clothing,Berlin,15,12,40.88,613.26,20,51
2026-03-27,P003,Summer Dress,Clothing,Düsseldorf,22,19,40.52,891.46,73,57
2026-03-27,P003,Summer Dress,Clothing,Essen,25,10,65.62,1640.42,105,58
2026-03-27,P003,Summer Dress,Clothing,Köln,9,4,46.62,419.62,131,50
2026-03-27,P003,Summer Dress,Clothing,München,34,21,36.5,1241.07,95,33
2026-03-27,P003,Summer Dress,Clothing,Berlin,18,7,39.24,706.25,79,32
2026-03-27,P004,Sneakers,Shoes,Düsseldorf,2,1,145.84,291.68,73,57
2026-03-27,P004,Sneakers,Shoes,Essen,14,7,56.97,797.6,104,49
2026-03-27,P004,Sneakers,Shoes,Köln,23,11,63.29,1455.68,100,51
2026-03-27,P004,Sneakers,Shoes,München,32,15,91.3,2921.51,71,41
2026-03-27,P004,Sneakers,Shoes,Berlin,25,11,63.02,1575.57,43,57
2026-03-27,P005,Leather Boots,Shoes,Düsseldorf,18,8,139.88,2517.89,95,32
2026-03-27,P005,Leather Boots,Shoes,Essen,18,7,143.24,2578.33,95,26
2026-03-27,P005,Leather Boots,Shoes,Köln,19,11,89.01,1691.28,94,46
2026-03-27,P005,Leather Boots,Shoes,München,16,9,67.19,1075.04,99,56
2026-03-27,P005,Leather Boots,Shoes,Berlin,11,5,144.22,1586.39,124,35
2026-03-27,P006,Handbag,Accessories,Düsseldorf,35,14,48.21,1687.26,81,39
2026-03-27,P006,Handbag,Accessories,Essen,14,7,40.98,573.65,91,49
2026-03-27,P006,Handbag,Accessories,Köln,12,7,25.51,306.12,96,26
2026-03-27,P006,Handbag,Accessories,München,10,8,36.53,365.28,87,54
2026-03-27,P006,Handbag,Accessories,Berlin,18,12,72.98,1313.57,156,49
2026-03-27,P007,Belt,Accessories,Düsseldorf,17,8,68.54,1165.2,98,50
2026-03-27,P007,Belt,Accessories,Essen,4,3,19.14,76.54,71,51
2026-03-27,P007,Belt,Accessories,Köln,12,7,31.36,376.32,152,41
2026-03-27,P007,Belt,Accessories,München,10,4,62.71,627.06,106,51
2026-03-27,P007,Belt,Accessories,Berlin,23,15,42.25,971.76,51,49
2026-03-27,P008,Winter Jacket,Outerwear,Düsseldorf,10,7,90.49,904.95,98,44
2026-03-27,P008,Winter Jacket,Outerwear,Essen,20,8,137.21,2744.23,100,37
2026-03-27,P008,Winter Jacket,Outerwear,Köln,0,1,143.08,0.0,99,35
2026-03-27,P008,Winter Jacket,Outerwear,München,5,2,216.69,1083.46,135,54
2026-03-27,P008,Winter Jacket,Outerwear,Berlin,28,21,122.27,3423.56,53,54
2026-03-27,P009,Blazer,Outerwear,Düsseldorf,27,16,120.39,3250.65,41,58
2026-03-27,P009,Blazer,Outerwear,Essen,28,12,158.21,4430.0,82,31
2026-03-27,P009,Blazer,Outerwear,Köln,16,7,145.49,2327.91,115,26
2026-03-27,P009,Blazer,Outerwear,München,20,10,95.6,1912.09,45,25
2026-03-27,P009,Blazer,Outerwear,Berlin,19,8,114.71,2179.56,124,44
2026-03-27,P010,Sports Hoodie,Sportswear,Düsseldorf,16,6,67.15,1074.4,79,35
2026-03-27,P010,Sports Hoodie,Sportswear,Essen,26,11,48.04,1249.01,61,33
2026-03-27,P010,Sports Hoodie,Sportswear,Köln,17,8,83.45,1418.62,104,37
2026-03-27,P010,Sports Hoodie,Sportswear,München,8,5,50.27,402.17,115,25
2026-03-27,P010,Sports Hoodie,Sportswear,Berlin,5,4,94.32,471.62,102,53
2026-03-28,P001,Basic T-Shirt,Clothing,Düsseldorf,6,3,52.96,317.76,126,49
2026-03-28,P001,Basic T-Shirt,Clothing,Essen,36,16,64.36,2316.8,67,45
2026-03-28,P001,Basic T-Shirt,Clothing,Köln,16,7,27.49,439.83,62,59
2026-03-28,P001,Basic T-Shirt,Clothing,München,24,16,53.84,1292.27,127,48
2026-03-28,P001,Basic T-Shirt,Clothing,Berlin,8,3,43.49,347.92,91,47
2026-03-28,P002,Slim Jeans,Clothing,Düsseldorf,5,2,53.24,266.22,121,32
2026-03-28,P002,Slim Jeans,Clothing,Essen,6,2,70.63,423.76,131,50
2026-03-28,P002,Slim Jeans,Clothing,Köln,8,3,39.82,318.56,133,42
2026-03-28,P002,Slim Jeans,Clothing,München,16,7,27.76,444.2,95,44
2026-03-28,P002,Slim Jeans,Clothing,Berlin,12,6,31.91,382.92,132,28
2026-03-28,P003,Summer Dress,Clothing,Düsseldorf,36,32,79.37,2857.39,63,26
2026-03-28,P003,Summer Dress,Clothing,Essen,25,16,27.09,677.33,87,43
2026-03-28,P003,Summer Dress,Clothing,Köln,7,2,37.91,265.34,78,54
2026-03-28,P003,Summer Dress,Clothing,München,28,11,69.56,1947.76,56,57
2026-03-28,P003,Summer Dress,Clothing,Berlin,2,1,69.98,139.95,119,59
2026-03-28,P004,Sneakers,Shoes,Düsseldorf,0,1,76.52,0.0,101,29
2026-03-28,P004,Sneakers,Shoes,Essen,18,10,137.94,2482.91,108,39
2026-03-28,P004,Sneakers,Shoes,Köln,6,2,54.01,324.05,107,40
2026-03-28,P004,Sneakers,Shoes,München,7,5,55.54,388.78,151,27
2026-03-28,P004,Sneakers,Shoes,Berlin,18,9,143.05,2574.97,126,48
2026-03-28,P005,Leather Boots,Shoes,Düsseldorf,17,10,142.54,2423.12,125,40
2026-03-28,P005,Leather Boots,Shoes,Essen,33,19,61.7,2036.17,57,56
2026-03-28,P005,Leather Boots,Shoes,Köln,33,13,84.79,2798.13,92,34
2026-03-28,P005,Leather Boots,Shoes,München,12,6,85.22,1022.67,107,50
2026-03-28,P005,Leather Boots,Shoes,Berlin,8,4,63.68,509.48,101,29
2026-03-28,P006,Handbag,Accessories,Düsseldorf,9,5,84.57,761.16,111,41
2026-03-28,P006,Handbag,Accessories,Essen,11,6,23.73,261.08,138,31
2026-03-28,P006,Handbag,Accessories,Köln,18,7,86.04,1548.65,46,58
2026-03-28,P006,Handbag,Accessories,München,15,9,40.31,604.63,95,29
2026-03-28,P006,Handbag,Accessories,Berlin,5,2,31.14,155.69,100,33
2026-03-28,P007,Belt,Accessories,Düsseldorf,7,3,35.1,245.7,151,52
2026-03-28,P007,Belt,Accessories,Essen,22,14,41.13,904.81,82,56
2026-03-28,P007,Belt,Accessories,Köln,19,7,45.46,863.69,126,34
2026-03-28,P007,Belt,Accessories,München,22,11,58.77,1292.97,87,52
2026-03-28,P007,Belt,Accessories,Berlin,17,14,81.43,1384.3,60,26
2026-03-28,P008,Winter Jacket,Outerwear,Düsseldorf,11,8,112.48,1237.25,50,48
2026-03-28,P008,Winter Jacket,Outerwear,Essen,12,8,118.35,1420.19,120,25
2026-03-28,P008,Winter Jacket,Outerwear,Köln,26,19,163.88,4260.84,99,47
2026-03-28,P008,Winter Jacket,Outerwear,München,16,6,154.23,2467.63,35,35
2026-03-28,P008,Winter Jacket,Outerwear,Berlin,19,11,107.34,2039.46,120,45
2026-03-28,P009,Blazer,Outerwear,Düsseldorf,4,2,197.99,791.98,74,46
2026-03-28,P009,Blazer,Outerwear,Essen,17,9,191.87,3261.77,96,39
2026-03-28,P009,Blazer,Outerwear,Köln,23,10,198.08,4555.84,82,36
2026-03-28,P009,Blazer,Outerwear,München,33,18,215.29,7104.55,90,40
2026-03-28,P009,Blazer,Outerwear,Berlin,14,9,90.2,1262.8,66,35
2026-03-28,P010,Sports Hoodie,Sportswear,Düsseldorf,26,14,80.37,2089.49,83,45
2026-03-28,P010,Sports Hoodie,Sportswear,Essen,14,9,46.15,646.11,103,26
2026-03-28,P010,Sports Hoodie,Sportswear,Köln,9,4,48.82,439.35,109,52
2026-03-28,P010,Sports Hoodie,Sportswear,München,16,8,36.42,582.78,86,33
2026-03-28,P010,Sports Hoodie,Sportswear,Berlin,21,8,35.9,753.89,95,33
2026-03-29,P001,Basic T-Shirt,Clothing,Düsseldorf,0,1,64.94,0.0,120,40
2026-03-29,P001,Basic T-Shirt,Clothing,Essen,11,8,72.52,797.72,89,39
2026-03-29,P001,Basic T-Shirt,Clothing,Köln,13,9,37.08,482.01,96,49
2026-03-29,P001,Basic T-Shirt,Clothing,München,7,3,48.75,341.24,113,57
2026-03-29,P001,Basic T-Shirt,Clothing,Berlin,10,4,26.52,265.21,136,50
2026-03-29,P002,Slim Jeans,Clothing,Düsseldorf,13,6,75.03,975.45,91,59
2026-03-29,P002,Slim Jeans,Clothing,Essen,27,13,53.94,1456.37,92,45
2026-03-29,P002,Slim Jeans,Clothing,Köln,18,12,68.71,1236.75,43,34
2026-03-29,P002,Slim Jeans,Clothing,München,2,1,77.36,154.71,98,53
2026-03-29,P002,Slim Jeans,Clothing,Berlin,22,11,53.98,1187.62,84,44
2026-03-29,P003,Summer Dress,Clothing,Düsseldorf,7,5,42.59,298.14,98,56
2026-03-29,P003,Summer Dress,Clothing,Essen,7,3,48.54,339.77,102,34
2026-03-29,P003,Summer Dress,Clothing,Köln,30,15,72.9,2187.12,85,51
2026-03-29,P003,Summer Dress,Clothing,München,21,12,74.91,1573.05,54,32
2026-03-29,P003,Summer Dress,Clothing,Berlin,26,14,60.17,1564.5,54,44
2026-03-29,P004,Sneakers,Shoes,Düsseldorf,19,12,127.6,2424.43,72,51
2026-03-29,P004,Sneakers,Shoes,Essen,21,13,103.04,2163.83,87,30
2026-03-29,P004,Sneakers,Shoes,Köln,5,3,80.36,401.78,152,57
2026-03-29,P004,Sneakers,Shoes,München,26,10,132.43,3443.3,88,27
2026-03-29,P004,Sneakers,Shoes,Berlin,16,8,143.3,2292.84,68,27
2026-03-29,P005,Leather Boots,Shoes,Düsseldorf,12,8,51.37,616.45,92,48
2026-03-29,P005,Leather Boots,Shoes,Essen,5,3,67.19,335.97,149,41
2026-03-29,P005,Leather Boots,Shoes,Köln,26,12,82.29,2139.58,109,40
2026-03-29,P005,Leather Boots,Shoes,München,17,8,122.04,2074.7,88,41
2026-03-29,P005,Leather Boots,Shoes,Berlin,13,5,74.8,972.35,150,54
2026-03-29,P006,Handbag,Accessories,Düsseldorf,6,2,47.31,283.89,59,27
2026-03-29,P006,Handbag,Accessories,Essen,33,15,28.65,945.33,70,32
2026-03-29,P006,Handbag,Accessories,Köln,16,11,80.74,1291.87,75,45
2026-03-29,P006,Handbag,Accessories,München,16,7,58.23,931.67,108,30
2026-03-29,P006,Handbag,Accessories,Berlin,15,12,64.51,967.63,101,33
2026-03-29,P007,Belt,Accessories,Düsseldorf,27,15,95.15,2569.04,52,49
2026-03-29,P007,Belt,Accessories,Essen,30,12,62.25,1867.63,19,51
2026-03-29,P007,Belt,Accessories,Köln,15,10,34.26,513.84,81,51
2026-03-29,P007,Belt,Accessories,München,16,8,58.81,941.0,76,41
2026-03-29,P007,Belt,Accessories,Berlin,21,12,53.77,1129.23,146,59
2026-03-29,P008,Winter Jacket,Outerwear,Düsseldorf,26,19,177.56,4616.52,91,51
2026-03-29,P008,Winter Jacket,Outerwear,Essen,28,11,109.43,3064.04,81,31
2026-03-29,P008,Winter Jacket,Outerwear,Köln,1,1,164.92,164.92,131,49
2026-03-29,P008,Winter Jacket,Outerwear,München,15,6,120.68,1810.19,85,52
2026-03-29,P008,Winter Jacket,Outerwear,Berlin,14,6,184.97,2589.63,82,42
2026-03-29,P009,Blazer,Outerwear,Düsseldorf,34,14,95.2,3236.72,58,36
2026-03-29,P009,Blazer,Outerwear,Essen,27,22,138.55,3740.92,76,31
2026-03-29,P009,Blazer,Outerwear,Köln,16,6,214.7,3435.17,101,38
2026-03-29,P009,Blazer,Outerwear,München,19,15,82.19,1561.61,130,28
2026-03-29,P009,Blazer,Outerwear,Berlin,16,10,173.17,2770.67,46,46
2026-03-29,P010,Sports Hoodie,Sportswear,Düsseldorf,16,6,65.13,1042.02,120,36
2026-03-29,P010,Sports Hoodie,Sportswear,Essen,16,6,70.51,1128.15,78,44
2026-03-29,P010,Sports Hoodie,Sportswear,Köln,19,9,113.46,2155.68,106,59
2026-03-29,P010,Sports Hoodie,Sportswear,München,0,1,80.27,0.0,82,40
2026-03-29,P010,Sports Hoodie,Sportswear,Berlin,15,13,99.14,1487.14,96,56
2026-03-30,P001,Basic T-Shirt,Clothing,Düsseldorf,28,11,55.23,1546.45,46,45
2026-03-30,P001,Basic T-Shirt,Clothing,Essen,21,10,51.12,1073.44,74,56
2026-03-30,P001,Basic T-Shirt,Clothing,Köln,4,2,54.87,219.49,118,57
2026-03-30,P001,Basic T-Shirt,Clothing,München,22,9,60.46,1330.04,88,42
2026-03-30,P001,Basic T-Shirt,Clothing,Berlin,26,14,62.0,1611.99,76,49
2026-03-30,P002,Slim Jeans,Clothing,Düsseldorf,31,22,27.42,849.92,49,56
2026-03-30,P002,Slim Jeans,Clothing,Essen,24,13,77.13,1851.04,72,40
2026-03-30,P002,Slim Jeans,Clothing,Köln,15,8,76.5,1147.53,94,28
2026-03-30,P002,Slim Jeans,Clothing,München,9,5,23.21,208.85,147,39
2026-03-30,P002,Slim Jeans,Clothing,Berlin,11,9,64.43,708.76,102,55
2026-03-30,P003,Summer Dress,Clothing,Düsseldorf,13,6,30.71,399.26,97,25
2026-03-30,P003,Summer Dress,Clothing,Essen,10,5,46.23,462.29,109,25
2026-03-30,P003,Summer Dress,Clothing,Köln,13,5,31.45,408.87,69,26
2026-03-30,P003,Summer Dress,Clothing,München,9,3,79.85,718.61,99,34
2026-03-30,P003,Summer Dress,Clothing,Berlin,29,12,71.71,2079.63,73,29
2026-03-30,P004,Sneakers,Shoes,Düsseldorf,31,20,61.81,1916.14,90,41
2026-03-30,P004,Sneakers,Shoes,Essen,15,8,92.27,1384.05,48,32
2026-03-30,P004,Sneakers,Shoes,Köln,11,8,62.31,685.45,106,26
2026-03-30,P004,Sneakers,Shoes,München,12,5,65.94,791.3,134,44
2026-03-30,P004,Sneakers,Shoes,Berlin,20,9,122.67,2453.47,78,28
2026-03-30,P005,Leather Boots,Shoes,Düsseldorf,33,14,65.26,2153.74,37,33
2026-03-30,P005,Leather Boots,Shoes,Essen,28,12,70.16,1964.53,108,48
2026-03-30,P005,Leather Boots,Shoes,Köln,9,3,147.31,1325.82,84,52
2026-03-30,P005,Leather Boots,Shoes,München,32,16,135.55,4337.6,89,56
2026-03-30,P005,Leather Boots,Shoes,Berlin,31,13,73.34,2273.48,28,44
2026-03-30,P006,Handbag,Accessories,Düsseldorf,14,6,31.73,444.16,86,38
2026-03-30,P006,Handbag,Accessories,Essen,24,11,55.78,1338.82,78,29
2026-03-30,P006,Handbag,Accessories,Köln,28,11,87.48,2449.37,55,30
2026-03-30,P006,Handbag,Accessories,München,9,4,25.48,229.35,115,52
2026-03-30,P006,Handbag,Accessories,Berlin,20,13,43.78,875.54,99,45
2026-03-30,P007,Belt,Accessories,Düsseldorf,12,6,64.1,769.24,137,36
2026-03-30,P007,Belt,Accessories,Essen,15,7,28.02,420.31,105,25
2026-03-30,P007,Belt,Accessories,Köln,13,5,54.71,711.19,52,50
2026-03-30,P007,Belt,Accessories,München,21,12,58.5,1228.43,87,45
2026-03-30,P007,Belt,Accessories,Berlin,13,11,85.0,1105.01,141,39
2026-03-30,P008,Winter Jacket,Outerwear,Düsseldorf,11,9,149.25,1641.74,74,46
2026-03-30,P008,Winter Jacket,Outerwear,Essen,18,8,190.89,3435.96,107,31
2026-03-30,P008,Winter Jacket,Outerwear,Köln,26,10,201.81,5247.07,130,27
2026-03-30,P008,Winter Jacket,Outerwear,München,22,19,157.07,3455.5,86,55
2026-03-30,P008,Winter Jacket,Outerwear,Berlin,0,1,153.38,0.0,97,36
2026-03-30,P009,Blazer,Outerwear,Düsseldorf,3,1,163.96,491.89,115,47
2026-03-30,P009,Blazer,Outerwear,Essen,11,8,124.08,1364.91,50,52
2026-03-30,P009,Blazer,Outerwear,Köln,8,3,98.44,787.5,88,34
2026-03-30,P009,Blazer,Outerwear,München,15,7,137.15,2057.2,126,50
2026-03-30,P009,Blazer,Outerwear,Berlin,39,17,165.62,6459.07,77,43
2026-03-30,P010,Sports Hoodie,Sportswear,Düsseldorf,26,11,45.02,1170.64,68,52
2026-03-30,P010,Sports Hoodie,Sportswear,Essen,4,1,115.74,462.95,114,58
2026-03-30,P010,Sports Hoodie,Sportswear,Köln,13,10,73.83,959.73,95,57
2026-03-30,P010,Sports Hoodie,Sportswear,München,10,5,91.96,919.64,147,58
2026-03-30,P010,Sports Hoodie,Sportswear,Berlin,15,7,86.9,1303.48,65,33
2026-03-31,P001,Basic T-Shirt,Clothing,Düsseldorf,24,12,44.61,1070.62,74,36
2026-03-31,P001,Basic T-Shirt,Clothing,Essen,6,3,41.21,247.28,112,39
2026-03-31,P001,Basic T-Shirt,Clothing,Köln,31,17,47.63,1476.65,72,51
2026-03-31,P001,Basic T-Shirt,Clothing,München,23,13,30.32,697.46,67,25
2026-03-31,P001,Basic T-Shirt,Clothing,Berlin,11,4,69.13,760.42,91,56
2026-03-31,P002,Slim Jeans,Clothing,Düsseldorf,8,6,79.36,634.89,139,42
2026-03-31,P002,Slim Jeans,Clothing,Essen,11,7,52.73,579.99,138,51
2026-03-31,P002,Slim Jeans,Clothing,Köln,21,13,62.85,1319.92,121,42
2026-03-31,P002,Slim Jeans,Clothing,München,11,4,55.44,609.81,120,41
2026-03-31,P002,Slim Jeans,Clothing,Berlin,22,16,70.84,1558.55,94,25
2026-03-31,P003,Summer Dress,Clothing,Düsseldorf,16,13,51.3,820.84,129,52
2026-03-31,P003,Summer Dress,Clothing,Essen,20,11,70.6,1411.96,92,32
2026-03-31,P003,Summer Dress,Clothing,Köln,28,14,43.63,1221.56,48,47
2026-03-31,P003,Summer Dress,Clothing,München,16,9,66.22,1059.58,165,31
2026-03-31,P003,Summer Dress,Clothing,Berlin,18,7,32.91,592.3,111,36
2026-03-31,P004,Sneakers,Shoes,Düsseldorf,20,9,137.52,2750.35,97,30
2026-03-31,P004,Sneakers,Shoes,Essen,17,8,59.3,1008.05,105,27
2026-03-31,P004,Sneakers,Shoes,Köln,16,12,75.38,1206.1,143,35
2026-03-31,P004,Sneakers,Shoes,München,14,7,105.52,1477.28,109,41
2026-03-31,P004,Sneakers,Shoes,Berlin,16,10,53.65,858.37,176,51
2026-03-31,P005,Leather Boots,Shoes,Düsseldorf,16,6,136.1,2177.63,96,26
2026-03-31,P005,Leather Boots,Shoes,Essen,11,6,146.26,1608.91,184,57
2026-03-31,P005,Leather Boots,Shoes,Köln,20,16,81.57,1631.31,120,33
2026-03-31,P005,Leather Boots,Shoes,München,14,8,121.9,1706.6,84,30
2026-03-31,P005,Leather Boots,Shoes,Berlin,22,18,138.1,3038.25,63,38
2026-03-31,P006,Handbag,Accessories,Düsseldorf,27,13,27.86,752.14,94,47
2026-03-31,P006,Handbag,Accessories,Essen,27,16,49.42,1334.42,89,52
2026-03-31,P006,Handbag,Accessories,Köln,22,10,48.09,1058.05,73,57
2026-03-31,P006,Handbag,Accessories,München,19,11,84.71,1609.5,84,54
2026-03-31,P006,Handbag,Accessories,Berlin,26,19,23.24,604.31,83,54
2026-03-31,P007,Belt,Accessories,Düsseldorf,6,5,69.47,416.81,128,31
2026-03-31,P007,Belt,Accessories,Essen,9,4,30.07,270.66,79,50
2026-03-31,P007,Belt,Accessories,Köln,14,6,42.37,593.15,84,33
2026-03-31,P007,Belt,Accessories,München,19,8,63.11,1199.04,34,29
2026-03-31,P007,Belt,Accessories,Berlin,14,10,30.19,422.71,71,34
2026-03-31,P008,Winter Jacket,Outerwear,Düsseldorf,25,14,124.47,3111.75,88,47
2026-03-31,P008,Winter Jacket,Outerwear,Essen,8,4,162.81,1302.51,110,44
2026-03-31,P008,Winter Jacket,Outerwear,Köln,10,4,219.74,2197.38,121,45
2026-03-31,P008,Winter Jacket,Outerwear,München,11,7,190.26,2092.81,76,48
2026-03-31,P008,Winter Jacket,Outerwear,Berlin,11,4,130.87,1439.57,119,29
2026-03-31,P009,Blazer,Outerwear,Düsseldorf,7,5,83.61,585.29,76,55
2026-03-31,P009,Blazer,Outerwear,Essen,19,9,109.91,2088.31,111,25
2026-03-31,P009,Blazer,Outerwear,Köln,30,21,85.6,2567.93,61,49
2026-03-31,P009,Blazer,Outerwear,München,20,12,115.92,2318.42,64,33
2026-03-31,P009,Blazer,Outerwear,Berlin,12,6,194.15,2329.8,52,40
2026-03-31,P010,Sports Hoodie,Sportswear,Düsseldorf,21,17,104.9,2202.84,114,43
2026-03-31,P010,Sports Hoodie,Sportswear,Essen,25,20,66.66,1666.39,105,43
2026-03-31,P010,Sports Hoodie,Sportswear,Köln,27,12,84.44,2279.84,82,35
2026-03-31,P010,Sports Hoodie,Sportswear,München,20,11,66.63,1332.62,120,34
2026-03-31,P010,Sports Hoodie,Sportswear,Berlin,17,10,105.73,1797.49,61,59
2026-04-01,P001,Basic T-Shirt,Clothing,Düsseldorf,13,7,43.37,563.8,85,53
2026-04-01,P001,Basic T-Shirt,Clothing,Essen,7,5,47.76,334.31,103,40
2026-04-01,P001,Basic T-Shirt,Clothing,Köln,6,5,36.94,221.62,88,55
2026-04-01,P001,Basic T-Shirt,Clothing,München,9,5,74.85,673.67,94,55
2026-04-01,P001,Basic T-Shirt,Clothing,Berlin,4,2,43.64,174.56,105,37
2026-04-01,P002,Slim Jeans,Clothing,Düsseldorf,10,4,70.06,700.64,109,53
2026-04-01,P002,Slim Jeans,Clothing,Essen,11,4,51.79,569.72,138,41
2026-04-01,P002,Slim Jeans,Clothing,Köln,15,7,72.29,1084.42,90,38
2026-04-01,P002,Slim Jeans,Clothing,München,26,17,34.54,897.96,83,30
2026-04-01,P002,Slim Jeans,Clothing,Berlin,27,11,21.66,584.72,82,57
2026-04-01,P003,Summer Dress,Clothing,Düsseldorf,26,12,33.41,868.78,84,29
2026-04-01,P003,Summer Dress,Clothing,Essen,24,13,55.21,1324.94,61,45
2026-04-01,P003,Summer Dress,Clothing,Köln,24,19,36.01,864.16,60,33
2026-04-01,P003,Summer Dress,Clothing,München,17,7,69.33,1178.58,74,50
2026-04-01,P003,Summer Dress,Clothing,Berlin,12,5,70.99,851.86,154,50
2026-04-01,P004,Sneakers,Shoes,Düsseldorf,21,9,85.45,1794.46,140,30
2026-04-01,P004,Sneakers,Shoes,Essen,14,10,145.82,2041.5,105,31
2026-04-01,P004,Sneakers,Shoes,Köln,13,5,108.04,1404.48,101,45
2026-04-01,P004,Sneakers,Shoes,München,4,2,72.94,291.78,137,26
2026-04-01,P004,Sneakers,Shoes,Berlin,12,8,89.91,1078.91,101,47
2026-04-01,P005,Leather Boots,Shoes,Düsseldorf,9,5,75.38,678.46,102,45
2026-04-01,P005,Leather Boots,Shoes,Essen,26,17,132.02,3432.59,116,32
2026-04-01,P005,Leather Boots,Shoes,Köln,3,1,147.73,443.18,96,51
2026-04-01,P005,Leather Boots,Shoes,München,28,15,134.41,3763.51,65,31
2026-04-01,P005,Leather Boots,Shoes,Berlin,16,12,72.19,1155.04,86,56
2026-04-01,P006,Handbag,Accessories,Düsseldorf,9,3,17.41,156.68,95,39
2026-04-01,P006,Handbag,Accessories,Essen,24,13,84.79,2035.03,104,51
2026-04-01,P006,Handbag,Accessories,Köln,10,6,67.57,675.72,101,32
2026-04-01,P006,Handbag,Accessories,München,23,11,39.02,897.51,116,42
2026-04-01,P006,Handbag,Accessories,Berlin,0,1,19.26,0.0,108,27
2026-04-01,P007,Belt,Accessories,Düsseldorf,5,2,52.29,261.44,81,58
2026-04-01,P007,Belt,Accessories,Essen,24,11,50.85,1220.48,60,59
2026-04-01,P007,Belt,Accessories,Köln,10,7,27.39,273.89,80,54
2026-04-01,P007,Belt,Accessories,München,22,16,83.47,1836.29,47,53
2026-04-01,P007,Belt,Accessories,Berlin,22,11,53.66,1180.51,111,40
2026-04-01,P008,Winter Jacket,Outerwear,Düsseldorf,25,20,136.04,3401.01,52,30
2026-04-01,P008,Winter Jacket,Outerwear,Essen,20,9,127.92,2558.44,117,41
2026-04-01,P008,Winter Jacket,Outerwear,Köln,18,12,191.34,3444.08,43,35
2026-04-01,P008,Winter Jacket,Outerwear,München,0,1,167.12,0.0,135,41
2026-04-01,P008,Winter Jacket,Outerwear,Berlin,18,10,219.05,3942.89,96,53
2026-04-01,P009,Blazer,Outerwear,Düsseldorf,26,14,124.97,3249.29,95,29
2026-04-01,P009,Blazer,Outerwear,Essen,10,4,122.12,1221.17,124,25
2026-04-01,P009,Blazer,Outerwear,Köln,18,7,83.96,1511.26,101,54
2026-04-01,P009,Blazer,Outerwear,München,25,14,194.74,4868.4,60,56
2026-04-01,P009,Blazer,Outerwear,Berlin,0,1,115.56,0.0,125,38
2026-04-01,P010,Sports Hoodie,Sportswear,Düsseldorf,25,11,118.98,2974.52,56,41
2026-04-01,P010,Sports Hoodie,Sportswear,Essen,28,24,100.16,2804.43,108,29
2026-04-01,P010,Sports Hoodie,Sportswear,Köln,34,25,38.26,1300.84,48,57
2026-04-01,P010,Sports Hoodie,Sportswear,München,13,6,47.16,613.14,100,25
2026-04-01,P010,Sports Hoodie,Sportswear,Berlin,33,16,98.16,3239.42,69,38
2026-04-02,P001,Basic T-Shirt,Clothing,Düsseldorf,22,11,48.37,1064.21,93,51
2026-04-02,P001,Basic T-Shirt,Clothing,Essen,38,17,32.06,1218.14,83,51
2026-04-02,P001,Basic T-Shirt,Clothing,Köln,18,13,79.69,1434.41,119,33
2026-04-02,P001,Basic T-Shirt,Clothing,München,20,17,24.02,480.35,119,44
2026-04-02,P001,Basic T-Shirt,Clothing,Berlin,15,6,39.77,596.62,96,32
2026-04-02,P002,Slim Jeans,Clothing,Düsseldorf,18,14,51.05,918.93,77,37
2026-04-02,P002,Slim Jeans,Clothing,Essen,6,3,40.87,245.24,115,37
2026-04-02,P002,Slim Jeans,Clothing,Köln,12,4,70.36,844.28,89,38
2026-04-02,P002,Slim Jeans,Clothing,München,17,10,47.07,800.24,104,41
2026-04-02,P002,Slim Jeans,Clothing,Berlin,27,17,55.59,1500.84,74,52
2026-04-02,P003,Summer Dress,Clothing,Düsseldorf,22,19,44.87,987.13,61,50
2026-04-02,P003,Summer Dress,Clothing,Essen,18,8,46.16,830.89,109,31
2026-04-02,P003,Summer Dress,Clothing,Köln,23,9,47.23,1086.18,83,36
2026-04-02,P003,Summer Dress,Clothing,München,27,15,68.61,1852.35,100,49
2026-04-02,P003,Summer Dress,Clothing,Berlin,12,5,67.53,810.41,100,38
2026-04-02,P004,Sneakers,Shoes,Düsseldorf,10,5,130.63,1306.26,118,35
2026-04-02,P004,Sneakers,Shoes,Essen,22,16,90.46,1990.12,138,35
2026-04-02,P004,Sneakers,Shoes,Köln,3,1,77.79,233.36,106,48
2026-04-02,P004,Sneakers,Shoes,München,0,1,95.87,0.0,125,41
2026-04-02,P004,Sneakers,Shoes,Berlin,23,14,145.61,3348.95,106,53
2026-04-02,P005,Leather Boots,Shoes,Düsseldorf,11,4,83.58,919.38,118,59
2026-04-02,P005,Leather Boots,Shoes,Essen,19,7,82.48,1567.08,81,41
2026-04-02,P005,Leather Boots,Shoes,Köln,15,7,66.61,999.09,95,59
2026-04-02,P005,Leather Boots,Shoes,München,20,9,54.31,1086.12,88,56
2026-04-02,P005,Leather Boots,Shoes,Berlin,15,6,64.62,969.37,95,28
2026-04-02,P006,Handbag,Accessories,Düsseldorf,21,14,24.6,516.69,82,33
2026-04-02,P006,Handbag,Accessories,Essen,8,4,29.67,237.37,149,34
2026-04-02,P006,Handbag,Accessories,Köln,25,13,98.23,2455.85,91,27
2026-04-02,P006,Handbag,Accessories,München,24,11,35.98,863.45,75,53
2026-04-02,P006,Handbag,Accessories,Berlin,15,6,56.94,854.03,116,49
2026-04-02,P007,Belt,Accessories,Düsseldorf,16,7,98.51,1576.19,107,41
2026-04-02,P007,Belt,Accessories,Essen,11,9,33.94,373.38,123,50
2026-04-02,P007,Belt,Accessories,Köln,18,12,53.3,959.39,75,35
2026-04-02,P007,Belt,Accessories,München,5,3,37.92,189.62,73,32
2026-04-02,P007,Belt,Accessories,Berlin,28,11,75.25,2107.09,31,34
2026-04-02,P008,Winter Jacket,Outerwear,Düsseldorf,13,8,143.01,1859.09,89,39
2026-04-02,P008,Winter Jacket,Outerwear,Essen,6,2,176.19,1057.14,121,47
2026-04-02,P008,Winter Jacket,Outerwear,Köln,16,12,91.83,1469.26,119,58
2026-04-02,P008,Winter Jacket,Outerwear,München,14,7,98.32,1376.44,61,39
2026-04-02,P008,Winter Jacket,Outerwear,Berlin,22,9,205.27,4515.94,77,30
2026-04-02,P009,Blazer,Outerwear,Düsseldorf,34,15,144.49,4912.58,15,43
2026-04-02,P009,Blazer,Outerwear,Essen,24,13,149.84,3596.21,49,52
2026-04-02,P009,Blazer,Outerwear,Köln,24,11,187.61,4502.53,110,53
2026-04-02,P009,Blazer,Outerwear,München,24,15,219.78,5274.7,82,52
2026-04-02,P009,Blazer,Outerwear,Berlin,25,13,183.54,4588.48,80,57
2026-04-02,P010,Sports Hoodie,Sportswear,Düsseldorf,24,13,49.38,1185.23,75,39
2026-04-02,P010,Sports Hoodie,Sportswear,Essen,18,13,40.63,731.41,99,55
2026-04-02,P010,Sports Hoodie,Sportswear,Köln,21,11,59.01,1239.31,85,29
2026-04-02,P010,Sports Hoodie,Sportswear,München,14,7,78.25,1095.51,104,40
2026-04-02,P010,Sports Hoodie,Sportswear,Berlin,29,17,73.47,2130.62,68,38
2026-04-03,P001,Basic T-Shirt,Clothing,Düsseldorf,30,13,53.18,1595.32,61,41
2026-04-03,P001,Basic T-Shirt,Clothing,Essen,19,9,46.68,886.85,87,49
2026-04-03,P001,Basic T-Shirt,Clothing,Köln,14,5,66.27,927.78,108,44
2026-04-03,P001,Basic T-Shirt,Clothing,München,27,20,70.95,1915.52,87,33
2026-04-03,P001,Basic T-Shirt,Clothing,Berlin,17,9,48.2,819.43,96,55
2026-04-03,P002,Slim Jeans,Clothing,Düsseldorf,19,14,31.62,600.79,121,55
2026-04-03,P002,Slim Jeans,Clothing,Essen,13,10,43.85,570.05,121,38
2026-04-03,P002,Slim Jeans,Clothing,Köln,27,16,27.87,752.5,53,54
2026-04-03,P002,Slim Jeans,Clothing,München,25,21,32.89,822.26,96,40
2026-04-03,P002,Slim Jeans,Clothing,Berlin,23,12,52.56,1208.98,51,33
2026-04-03,P003,Summer Dress,Clothing,Düsseldorf,30,13,47.31,1419.39,86,27
2026-04-03,P003,Summer Dress,Clothing,Essen,29,14,58.19,1687.59,104,55
2026-04-03,P003,Summer Dress,Clothing,Köln,16,8,20.36,325.72,113,33
2026-04-03,P003,Summer Dress,Clothing,München,12,6,65.71,788.5,103,52
2026-04-03,P003,Summer Dress,Clothing,Berlin,21,9,42.6,894.58,70,40
2026-04-03,P004,Sneakers,Shoes,Düsseldorf,10,4,93.06,930.65,121,40
2026-04-03,P004,Sneakers,Shoes,Essen,7,3,63.31,443.14,89,29
2026-04-03,P004,Sneakers,Shoes,Köln,15,11,111.89,1678.28,92,55
2026-04-03,P004,Sneakers,Shoes,München,6,3,128.08,768.47,109,50
2026-04-03,P004,Sneakers,Shoes,Berlin,32,28,109.23,3495.26,89,43
2026-04-03,P005,Leather Boots,Shoes,Düsseldorf,21,9,72.75,1527.85,78,52
2026-04-03,P005,Leather Boots,Shoes,Essen,33,16,79.72,2630.69,95,41
2026-04-03,P005,Leather Boots,Shoes,Köln,10,8,61.69,616.93,129,43
2026-04-03,P005,Leather Boots,Shoes,München,28,16,92.94,2602.26,82,59
2026-04-03,P005,Leather Boots,Shoes,Berlin,16,7,89.62,1433.9,96,52
2026-04-03,P006,Handbag,Accessories,Düsseldorf,23,10,87.23,2006.3,83,52
2026-04-03,P006,Handbag,Accessories,Essen,12,7,95.5,1146.05,94,54
2026-04-03,P006,Handbag,Accessories,Köln,11,8,79.37,873.1,118,37
2026-04-03,P006,Handbag,Accessories,München,13,6,24.73,321.48,98,32
2026-04-03,P006,Handbag,Accessories,Berlin,23,11,39.68,912.54,47,47
2026-04-03,P007,Belt,Accessories,Düsseldorf,0,1,24.03,0.0,142,43
2026-04-03,P007,Belt,Accessories,Essen,15,7,21.16,317.38,46,51
2026-04-03,P007,Belt,Accessories,Köln,4,2,25.29,101.16,88,49
2026-04-03,P007,Belt,Accessories,München,17,13,39.28,667.79,102,50
2026-04-03,P007,Belt,Accessories,Berlin,13,5,85.74,1114.66,77,31
2026-04-03,P008,Winter Jacket,Outerwear,Düsseldorf,4,2,170.14,680.57,106,53
2026-04-03,P008,Winter Jacket,Outerwear,Essen,30,26,186.98,5609.44,110,51
2026-04-03,P008,Winter Jacket,Outerwear,Köln,19,9,202.45,3846.59,91,57
2026-04-03,P008,Winter Jacket,Outerwear,München,13,5,139.75,1816.69,78,36
2026-04-03,P008,Winter Jacket,Outerwear,Berlin,16,7,84.36,1349.7,120,52
2026-04-03,P009,Blazer,Outerwear,Düsseldorf,7,4,95.49,668.45,133,58
2026-04-03,P009,Blazer,Outerwear,Essen,15,13,181.66,2724.85,132,48
2026-04-03,P009,Blazer,Outerwear,Köln,7,2,101.86,713.03,81,37
2026-04-03,P009,Blazer,Outerwear,München,30,14,164.12,4923.66,74,44
2026-04-03,P009,Blazer,Outerwear,Berlin,30,14,205.14,6154.29,63,40
2026-04-03,P010,Sports Hoodie,Sportswear,Düsseldorf,6,3,87.52,525.14,126,27
2026-04-03,P010,Sports Hoodie,Sportswear,Essen,19,8,103.98,1975.65,106,46
2026-04-03,P010,Sports Hoodie,Sportswear,Köln,12,5,41.32,495.86,125,43
2026-04-03,P010,Sports Hoodie,Sportswear,München,8,3,44.65,357.16,121,37
2026-04-03,P010,Sports Hoodie,Sportswear,Berlin,15,9,60.88,913.27,113,31
2026-04-04,P001,Basic T-Shirt,Clothing,Düsseldorf,28,20,30.57,856.09,88,49
2026-04-04,P001,Basic T-Shirt,Clothing,Essen,11,6,38.28,421.13,88,45
2026-04-04,P001,Basic T-Shirt,Clothing,Köln,27,15,35.92,969.91,62,39
2026-04-04,P001,Basic T-Shirt,Clothing,München,20,10,76.17,1523.39,75,59
2026-04-04,P001,Basic T-Shirt,Clothing,Berlin,24,11,35.36,848.55,75,57
2026-04-04,P002,Slim Jeans,Clothing,Düsseldorf,10,8,54.96,549.59,122,35
2026-04-04,P002,Slim Jeans,Clothing,Essen,8,3,34.66,277.31,149,26
2026-04-04,P002,Slim Jeans,Clothing,Köln,14,8,47.88,670.39,106,26
2026-04-04,P002,Slim Jeans,Clothing,München,11,5,40.01,440.08,96,37
2026-04-04,P002,Slim Jeans,Clothing,Berlin,31,21,59.12,1832.85,122,52
2026-04-04,P003,Summer Dress,Clothing,Düsseldorf,25,13,55.07,1376.8,150,49
2026-04-04,P003,Summer Dress,Clothing,Essen,10,8,66.99,669.87,96,25
2026-04-04,P003,Summer Dress,Clothing,Köln,14,6,23.33,326.59,47,27
2026-04-04,P003,Summer Dress,Clothing,München,27,14,30.82,832.16,60,41
2026-04-04,P003,Summer Dress,Clothing,Berlin,23,13,25.22,580.04,51,37
2026-04-04,P004,Sneakers,Shoes,Düsseldorf,19,15,122.43,2326.14,71,25
2026-04-04,P004,Sneakers,Shoes,Essen,14,9,149.57,2093.98,83,26
2026-04-04,P004,Sneakers,Shoes,Köln,35,27,108.0,3780.06,44,57
2026-04-04,P004,Sneakers,Shoes,München,5,2,116.07,580.34,123,32
2026-04-04,P004,Sneakers,Shoes,Berlin,21,13,118.87,2496.22,100,27
2026-04-04,P005,Leather Boots,Shoes,Düsseldorf,16,13,96.63,1546.05,99,35
2026-04-04,P005,Leather Boots,Shoes,Essen,13,7,108.46,1409.97,91,48
2026-04-04,P005,Leather Boots,Shoes,Köln,31,22,138.75,4301.1,50,49
2026-04-04,P005,Leather Boots,Shoes,München,25,10,60.27,1506.82,117,50
2026-04-04,P005,Leather Boots,Shoes,Berlin,1,1,85.08,85.08,131,25
2026-04-04,P006,Handbag,Accessories,Düsseldorf,12,5,30.48,365.73,105,26
2026-04-04,P006,Handbag,Accessories,Essen,24,12,93.14,2235.43,59,27
2026-04-04,P006,Handbag,Accessories,Köln,26,14,87.01,2262.31,92,43
2026-04-04,P006,Handbag,Accessories,München,28,12,26.16,732.4,71,49
2026-04-04,P006,Handbag,Accessories,Berlin,34,24,19.85,675.01,35,33
2026-04-04,P007,Belt,Accessories,Düsseldorf,3,1,53.66,160.99,91,35
2026-04-04,P007,Belt,Accessories,Essen,9,3,35.55,319.93,96,35
2026-04-04,P007,Belt,Accessories,Köln,21,16,56.82,1193.13,75,45
2026-04-04,P007,Belt,Accessories,München,26,11,75.21,1955.5,71,44
2026-04-04,P007,Belt,Accessories,Berlin,4,1,24.1,96.4,103,29
2026-04-04,P008,Winter Jacket,Outerwear,Düsseldorf,5,2,210.29,1051.45,72,45
2026-04-04,P008,Winter Jacket,Outerwear,Essen,30,24,151.23,4536.85,77,42
2026-04-04,P008,Winter Jacket,Outerwear,Köln,2,1,182.96,365.92,120,26
2026-04-04,P008,Winter Jacket,Outerwear,München,5,2,159.33,796.64,116,48
2026-04-04,P008,Winter Jacket,Outerwear,Berlin,10,6,157.9,1578.99,68,47
2026-04-04,P009,Blazer,Outerwear,Düsseldorf,26,12,114.68,2981.58,76,46
2026-04-04,P009,Blazer,Outerwear,Essen,30,13,203.67,6110.1,86,34
2026-04-04,P009,Blazer,Outerwear,Köln,11,6,211.55,2327.01,57,58
2026-04-04,P009,Blazer,Outerwear,München,26,22,148.6,3863.67,117,40
2026-04-04,P009,Blazer,Outerwear,Berlin,17,9,94.67,1609.39,61,44
2026-04-04,P010,Sports Hoodie,Sportswear,Düsseldorf,0,1,100.91,0.0,146,46
2026-04-04,P010,Sports Hoodie,Sportswear,Essen,24,13,118.07,2833.71,81,28
2026-04-04,P010,Sports Hoodie,Sportswear,Köln,35,19,72.04,2521.5,51,52
2026-04-04,P010,Sports Hoodie,Sportswear,München,23,10,47.24,1086.43,85,30
2026-04-04,P010,Sports Hoodie,Sportswear,Berlin,8,3,31.97,255.72,133,52
2026-04-05,P001,Basic T-Shirt,Clothing,Düsseldorf,12,7,38.7,464.42,114,34
2026-04-05,P001,Basic T-Shirt,Clothing,Essen,29,15,60.25,1747.36,54,53
2026-04-05,P001,Basic T-Shirt,Clothing,Köln,14,8,72.21,1010.98,42,53
2026-04-05,P001,Basic T-Shirt,Clothing,München,13,7,47.89,622.63,70,29
2026-04-05,P001,Basic T-Shirt,Clothing,Berlin,4,3,59.72,238.88,113,25
2026-04-05,P002,Slim Jeans,Clothing,Düsseldorf,31,13,70.03,2170.98,81,47
2026-04-05,P002,Slim Jeans,Clothing,Essen,27,16,65.92,1779.87,50,52
2026-04-05,P002,Slim Jeans,Clothing,Köln,10,4,63.6,635.99,66,56
2026-04-05,P002,Slim Jeans,Clothing,München,23,13,54.61,1256.11,50,46
2026-04-05,P002,Slim Jeans,Clothing,Berlin,23,16,41.68,958.73,46,35
2026-04-05,P003,Summer Dress,Clothing,Düsseldorf,15,10,23.2,348.0,90,50
2026-04-05,P003,Summer Dress,Clothing,Essen,17,11,55.41,942.03,64,34
2026-04-05,P003,Summer Dress,Clothing,Köln,18,11,24.36,438.53,96,48
2026-04-05,P003,Summer Dress,Clothing,München,7,2,69.92,489.42,109,45
2026-04-05,P003,Summer Dress,Clothing,Berlin,14,11,48.7,681.74,83,33
2026-04-05,P004,Sneakers,Shoes,Düsseldorf,9,4,101.58,914.24,105,40
2026-04-05,P004,Sneakers,Shoes,Essen,7,3,69.48,486.35,134,48
2026-04-05,P004,Sneakers,Shoes,Köln,30,12,145.62,4368.53,92,52
2026-04-05,P004,Sneakers,Shoes,München,6,4,127.06,762.35,105,31
2026-04-05,P004,Sneakers,Shoes,Berlin,9,7,55.68,501.1,121,33
2026-04-05,P005,Leather Boots,Shoes,Düsseldorf,19,8,129.72,2464.62,139,49
2026-04-05,P005,Leather Boots,Shoes,Essen,15,8,141.19,2117.91,81,38
2026-04-05,P005,Leather Boots,Shoes,Köln,33,20,87.47,2886.39,42,44
2026-04-05,P005,Leather Boots,Shoes,München,8,3,124.72,997.74,128,30
2026-04-05,P005,Leather Boots,Shoes,Berlin,20,9,68.04,1360.78,111,52
2026-04-05,P006,Handbag,Accessories,Düsseldorf,14,5,97.55,1365.72,87,30
2026-04-05,P006,Handbag,Accessories,Essen,31,17,88.71,2749.92,128,51
2026-04-05,P006,Handbag,Accessories,Köln,7,2,80.09,560.66,94,31
2026-04-05,P006,Handbag,Accessories,München,23,19,92.27,2122.18,99,48
2026-04-05,P006,Handbag,Accessories,Berlin,36,14,58.27,2097.83,112,30
2026-04-05,P007,Belt,Accessories,Düsseldorf,28,13,50.06,1401.72,113,50
2026-04-05,P007,Belt,Accessories,Essen,10,8,59.3,592.96,90,56
2026-04-05,P007,Belt,Accessories,Köln,13,6,95.49,1241.41,91,36
2026-04-05,P007,Belt,Accessories,München,10,6,28.27,282.68,106,43
2026-04-05,P007,Belt,Accessories,Berlin,29,14,88.6,2569.4,61,34
2026-04-05,P008,Winter Jacket,Outerwear,Düsseldorf,2,1,115.17,230.35,115,51
2026-04-05,P008,Winter Jacket,Outerwear,Essen,27,13,129.03,3483.89,95,36
2026-04-05,P008,Winter Jacket,Outerwear,Köln,26,11,208.6,5423.7,78,28
2026-04-05,P008,Winter Jacket,Outerwear,München,17,6,97.97,1665.46,90,36
2026-04-05,P008,Winter Jacket,Outerwear,Berlin,11,7,199.01,2189.13,84,36
2026-04-05,P009,Blazer,Outerwear,Düsseldorf,23,10,195.4,4494.15,105,40
2026-04-05,P009,Blazer,Outerwear,Essen,23,12,162.87,3745.97,95,57
2026-04-05,P009,Blazer,Outerwear,Köln,18,10,197.07,3547.2,114,31
2026-04-05,P009,Blazer,Outerwear,München,0,1,210.94,0.0,112,52
2026-04-05,P009,Blazer,Outerwear,Berlin,15,6,134.72,2020.8,106,27
2026-04-05,P010,Sports Hoodie,Sportswear,Düsseldorf,24,12,82.97,1991.17,64,25
2026-04-05,P010,Sports Hoodie,Sportswear,Essen,16,7,52.31,836.97,67,35
2026-04-05,P010,Sports Hoodie,Sportswear,Köln,8,4,49.72,397.76,90,49
2026-04-05,P010,Sports Hoodie,Sportswear,München,23,14,63.58,1462.42,127,43
2026-04-05,P010,Sports Hoodie,Sportswear,Berlin,6,2,36.5,219.03,109,44
2026-04-06,P001,Basic T-Shirt,Clothing,Düsseldorf,7,3,35.81,250.7,153,29
2026-04-06,P001,Basic T-Shirt,Clothing,Essen,2,1,43.64,87.29,170,40
2026-04-06,P001,Basic T-Shirt,Clothing,Köln,6,5,26.93,161.56,108,56
2026-04-06,P001,Basic T-Shirt,Clothing,München,30,13,72.27,2168.07,37,31
2026-04-06,P001,Basic T-Shirt,Clothing,Berlin,25,13,24.4,609.94,81,51
2026-04-06,P002,Slim Jeans,Clothing,Düsseldorf,24,10,73.85,1772.4,75,27
2026-04-06,P002,Slim Jeans,Clothing,Essen,0,1,77.31,0.0,81,32
2026-04-06,P002,Slim Jeans,Clothing,Köln,24,10,30.59,734.28,124,58
2026-04-06,P002,Slim Jeans,Clothing,München,25,11,24.66,616.61,87,30
2026-04-06,P002,Slim Jeans,Clothing,Berlin,19,13,52.59,999.28,108,37
2026-04-06,P003,Summer Dress,Clothing,Düsseldorf,13,5,38.04,494.54,96,51
2026-04-06,P003,Summer Dress,Clothing,Essen,24,13,44.6,1070.43,45,52
2026-04-06,P003,Summer Dress,Clothing,Köln,11,6,46.15,507.69,122,54
2026-04-06,P003,Summer Dress,Clothing,München,12,7,46.52,558.29,87,47
2026-04-06,P003,Summer Dress,Clothing,Berlin,23,9,65.68,1510.74,104,29
2026-04-06,P004,Sneakers,Shoes,Düsseldorf,25,12,68.38,1709.46,106,36
2026-04-06,P004,Sneakers,Shoes,Essen,22,11,50.01,1100.25,109,35
2026-04-06,P004,Sneakers,Shoes,Köln,23,9,68.5,1575.6,70,47
2026-04-06,P004,Sneakers,Shoes,München,9,4,132.15,1189.36,140,48
2026-04-06,P004,Sneakers,Shoes,Berlin,6,4,126.2,757.18,157,41
2026-04-06,P005,Leather Boots,Shoes,Düsseldorf,11,5,134.84,1483.25,137,46
2026-04-06,P005,Leather Boots,Shoes,Essen,24,15,108.25,2598.09,112,44
2026-04-06,P005,Leather Boots,Shoes,Köln,24,21,104.19,2500.56,96,28
2026-04-06,P005,Leather Boots,Shoes,München,11,9,88.44,972.88,138,53
2026-04-06,P005,Leather Boots,Shoes,Berlin,24,12,93.56,2245.49,92,40
2026-04-06,P006,Handbag,Accessories,Düsseldorf,12,10,26.87,322.46,96,55
2026-04-06,P006,Handbag,Accessories,Essen,9,4,80.96,728.67,62,37
2026-04-06,P006,Handbag,Accessories,Köln,13,8,54.68,710.9,80,51
2026-04-06,P006,Handbag,Accessories,München,2,1,37.97,75.95,83,55
2026-04-06,P006,Handbag,Accessories,Berlin,5,3,29.77,148.86,105,55
2026-04-06,P007,Belt,Accessories,Düsseldorf,11,6,22.48,247.32,133,33
2026-04-06,P007,Belt,Accessories,Essen,25,10,61.98,1549.43,84,35
2026-04-06,P007,Belt,Accessories,Köln,21,13,15.1,317.14,90,32
2026-04-06,P007,Belt,Accessories,München,27,13,19.82,535.08,71,40
2026-04-06,P007,Belt,Accessories,Berlin,15,8,23.58,353.63,72,45
2026-04-06,P008,Winter Jacket,Outerwear,Düsseldorf,18,9,139.89,2517.93,101,36
2026-04-06,P008,Winter Jacket,Outerwear,Essen,23,10,178.81,4112.59,52,45
2026-04-06,P008,Winter Jacket,Outerwear,Köln,30,14,86.49,2594.58,79,36
2026-04-06,P008,Winter Jacket,Outerwear,München,18,7,94.19,1695.45,114,56
2026-04-06,P008,Winter Jacket,Outerwear,Berlin,23,11,218.04,5014.89,90,34
2026-04-06,P009,Blazer,Outerwear,Düsseldorf,26,22,84.87,2206.66,89,27
2026-04-06,P009,Blazer,Outerwear,Essen,18,8,148.2,2667.51,83,36
2026-04-06,P009,Blazer,Outerwear,Köln,13,11,98.81,1284.52,77,57
2026-04-06,P009,Blazer,Outerwear,München,8,5,114.71,917.68,85,37
2026-04-06,P009,Blazer,Outerwear,Berlin,18,8,179.13,3224.43,129,37
2026-04-06,P010,Sports Hoodie,Sportswear,Düsseldorf,15,9,82.21,1233.09,84,58
2026-04-06,P010,Sports Hoodie,Sportswear,Essen,10,6,68.02,680.24,93,53
2026-04-06,P010,Sports Hoodie,Sportswear,Köln,9,3,102.92,926.27,80,40
2026-04-06,P010,Sports Hoodie,Sportswear,München,20,17,33.89,677.7,55,36
2026-04-06,P010,Sports Hoodie,Sportswear,Berlin,5,2,106.02,530.08,135,40
2026-04-07,P001,Basic T-Shirt,Clothing,Düsseldorf,14,10,56.57,791.99,49,36
2026-04-07,P001,Basic T-Shirt,Clothing,Essen,4,1,56.86,227.45,110,36
2026-04-07,P001,Basic T-Shirt,Clothing,Köln,23,12,26.39,606.91,73,26
2026-04-07,P001,Basic T-Shirt,Clothing,München,13,8,69.84,907.93,116,32
2026-04-07,P001,Basic T-Shirt,Clothing,Berlin,7,2,69.33,485.33,138,40
2026-04-07,P002,Slim Jeans,Clothing,Düsseldorf,0,1,58.01,0.0,143,39
2026-04-07,P002,Slim Jeans,Clothing,Essen,21,11,41.98,881.54,61,34
2026-04-07,P002,Slim Jeans,Clothing,Köln,7,3,69.32,485.23,125,45
2026-04-07,P002,Slim Jeans,Clothing,München,14,9,63.1,883.44,89,53
2026-04-07,P002,Slim Jeans,Clothing,Berlin,8,5,48.86,390.84,99,50
2026-04-07,P003,Summer Dress,Clothing,Düsseldorf,21,11,66.61,1398.88,119,39
2026-04-07,P003,Summer Dress,Clothing,Essen,27,14,53.89,1454.93,71,57
2026-04-07,P003,Summer Dress,Clothing,Köln,9,3,55.5,499.54,116,37
2026-04-07,P003,Summer Dress,Clothing,München,5,4,32.51,162.53,146,31
2026-04-07,P003,Summer Dress,Clothing,Berlin,5,2,51.54,257.71,136,29
2026-04-07,P004,Sneakers,Shoes,Düsseldorf,22,8,81.69,1797.2,74,25
2026-04-07,P004,Sneakers,Shoes,Essen,0,1,100.88,0.0,102,47
2026-04-07,P004,Sneakers,Shoes,Köln,1,1,80.19,80.19,95,42
2026-04-07,P004,Sneakers,Shoes,München,2,1,134.88,269.77,160,27
2026-04-07,P004,Sneakers,Shoes,Berlin,19,8,81.87,1555.52,151,41
2026-04-07,P005,Leather Boots,Shoes,Düsseldorf,4,3,96.12,384.48,76,53
2026-04-07,P005,Leather Boots,Shoes,Essen,13,5,75.65,983.47,100,52
2026-04-07,P005,Leather Boots,Shoes,Köln,5,3,93.5,467.5,96,56
2026-04-07,P005,Leather Boots,Shoes,München,35,15,114.27,3999.31,75,59
2026-04-07,P005,Leather Boots,Shoes,Berlin,1,1,148.43,148.43,130,42
2026-04-07,P006,Handbag,Accessories,Düsseldorf,14,6,75.33,1054.56,113,55
2026-04-07,P006,Handbag,Accessories,Essen,20,8,39.96,799.28,108,35
2026-04-07,P006,Handbag,Accessories,Köln,44,28,27.01,1188.36,58,35
2026-04-07,P006,Handbag,Accessories,München,0,1,40.47,0.0,108,46
2026-04-07,P006,Handbag,Accessories,Berlin,0,1,58.58,0.0,81,49
2026-04-07,P007,Belt,Accessories,Düsseldorf,20,9,15.28,305.62,130,40
2026-04-07,P007,Belt,Accessories,Essen,11,5,64.71,711.8,133,43
2026-04-07,P007,Belt,Accessories,Köln,10,9,56.73,567.34,102,29
2026-04-07,P007,Belt,Accessories,München,3,1,91.08,273.24,131,50
2026-04-07,P007,Belt,Accessories,Berlin,18,8,73.2,1317.68,127,41
2026-04-07,P008,Winter Jacket,Outerwear,Düsseldorf,27,19,92.38,2494.35,60,45
2026-04-07,P008,Winter Jacket,Outerwear,Essen,19,7,82.93,1575.63,147,48
2026-04-07,P008,Winter Jacket,Outerwear,Köln,16,6,116.39,1862.27,53,31
2026-04-07,P008,Winter Jacket,Outerwear,München,22,18,198.26,4361.72,31,41
2026-04-07,P008,Winter Jacket,Outerwear,Berlin,23,9,100.87,2320.05,160,38
2026-04-07,P009,Blazer,Outerwear,Düsseldorf,16,11,206.81,3309.01,174,45
2026-04-07,P009,Blazer,Outerwear,Essen,7,5,192.08,1344.56,117,30
2026-04-07,P009,Blazer,Outerwear,Köln,7,2,162.16,1135.1,150,57
2026-04-07,P009,Blazer,Outerwear,München,16,12,165.78,2652.44,113,26
2026-04-07,P009,Blazer,Outerwear,Berlin,14,6,165.98,2323.78,141,33
2026-04-07,P010,Sports Hoodie,Sportswear,Düsseldorf,14,6,102.53,1435.48,79,50
2026-04-07,P010,Sports Hoodie,Sportswear,Essen,3,1,31.86,95.58,101,26
2026-04-07,P010,Sports Hoodie,Sportswear,Köln,22,11,57.99,1275.79,136,38
2026-04-07,P010,Sports Hoodie,Sportswear,München,35,16,58.05,2031.9,81,40
2026-04-07,P010,Sports Hoodie,Sportswear,Berlin,25,18,110.36,2759.1,51,39
2026-04-08,P001,Basic T-Shirt,Clothing,Düsseldorf,17,9,22.42,381.16,93,36
2026-04-08,P001,Basic T-Shirt,Clothing,Essen,36,32,41.33,1488.06,111,26
2026-04-08,P001,Basic T-Shirt,Clothing,Köln,12,5,20.71,248.55,108,38
2026-04-08,P001,Basic T-Shirt,Clothing,München,5,2,74.32,371.59,140,35
2026-04-08,P001,Basic T-Shirt,Clothing,Berlin,6,4,67.61,405.67,138,27
2026-04-08,P002,Slim Jeans,Clothing,Düsseldorf,19,13,73.25,1391.84,52,37
2026-04-08,P002,Slim Jeans,Clothing,Essen,2,1,54.04,108.09,89,32
2026-04-08,P002,Slim Jeans,Clothing,Köln,39,16,70.25,2739.62,54,47
2026-04-08,P002,Slim Jeans,Clothing,München,6,4,30.34,182.03,97,53
2026-04-08,P002,Slim Jeans,Clothing,Berlin,9,4,43.43,390.85,141,48
2026-04-08,P003,Summer Dress,Clothing,Düsseldorf,0,1,79.5,0.0,147,31
2026-04-08,P003,Summer Dress,Clothing,Essen,14,8,44.65,625.06,91,38
2026-04-08,P003,Summer Dress,Clothing,Köln,29,16,51.34,1488.83,103,51
2026-04-08,P003,Summer Dress,Clothing,München,25,12,57.72,1442.88,75,53
2026-04-08,P003,Summer Dress,Clothing,Berlin,15,7,44.48,667.14,106,57
2026-04-08,P004,Sneakers,Shoes,Düsseldorf,28,11,101.14,2831.93,63,57
2026-04-08,P004,Sneakers,Shoes,Essen,10,8,97.09,970.87,65,54
2026-04-08,P004,Sneakers,Shoes,Köln,23,16,90.32,2077.3,102,36
2026-04-08,P004,Sneakers,Shoes,München,6,2,81.63,489.76,136,54
2026-04-08,P004,Sneakers,Shoes,Berlin,16,8,111.07,1777.19,103,52
2026-04-08,P005,Leather Boots,Shoes,Düsseldorf,20,11,79.95,1599.08,24,33
2026-04-08,P005,Leather Boots,Shoes,Essen,9,8,67.19,604.68,109,27
2026-04-08,P005,Leather Boots,Shoes,Köln,24,10,77.12,1850.82,78,58
2026-04-08,P005,Leather Boots,Shoes,München,23,11,115.54,2657.48,118,27
2026-04-08,P005,Leather Boots,Shoes,Berlin,23,15,60.01,1380.17,74,41
2026-04-08,P006,Handbag,Accessories,Düsseldorf,20,9,44.57,891.4,122,49
2026-04-08,P006,Handbag,Accessories,Essen,23,9,54.61,1256.0,54,49
2026-04-08,P006,Handbag,Accessories,Köln,25,17,47.58,1189.46,67,31
2026-04-08,P006,Handbag,Accessories,München,26,12,53.53,1391.7,79,48
2026-04-08,P006,Handbag,Accessories,Berlin,17,13,93.19,1584.19,74,40
2026-04-08,P007,Belt,Accessories,Düsseldorf,21,9,32.09,673.94,96,26
2026-04-08,P007,Belt,Accessories,Essen,1,1,51.8,51.8,168,49
2026-04-08,P007,Belt,Accessories,Köln,27,13,75.12,2028.32,99,36
2026-04-08,P007,Belt,Accessories,München,12,7,87.26,1047.08,117,59
2026-04-08,P007,Belt,Accessories,Berlin,25,10,17.24,430.97,52,34
2026-04-08,P008,Winter Jacket,Outerwear,Düsseldorf,16,10,207.59,3321.44,56,51
2026-04-08,P008,Winter Jacket,Outerwear,Essen,6,3,205.11,1230.68,64,49
2026-04-08,P008,Winter Jacket,Outerwear,Köln,8,3,124.37,994.96,91,25
2026-04-08,P008,Winter Jacket,Outerwear,München,8,4,99.49,795.91,92,57
2026-04-08,P008,Winter Jacket,Outerwear,Berlin,15,8,206.38,3095.67,102,25
2026-04-08,P009,Blazer,Outerwear,Düsseldorf,44,18,216.41,9522.23,29,48
2026-04-08,P009,Blazer,Outerwear,Essen,14,8,168.23,2355.28,86,42
2026-04-08,P009,Blazer,Outerwear,Köln,30,19,145.87,4376.02,73,38
2026-04-08,P009,Blazer,Outerwear,München,10,8,190.77,1907.7,153,58
2026-04-08,P009,Blazer,Outerwear,Berlin,16,14,100.98,1615.71,94,41
2026-04-08,P010,Sports Hoodie,Sportswear,Düsseldorf,11,6,89.52,984.7,126,31
2026-04-08,P010,Sports Hoodie,Sportswear,Essen,11,5,59.55,655.1,84,49
2026-04-08,P010,Sports Hoodie,Sportswear,Köln,22,16,50.68,1114.93,93,39
2026-04-08,P010,Sports Hoodie,Sportswear,München,2,1,76.53,153.06,150,39
2026-04-08,P010,Sports Hoodie,Sportswear,Berlin,8,6,109.23,873.81,42,32
2026-04-09,P001,Basic T-Shirt,Clothing,Düsseldorf,16,11,78.04,1248.72,117,47
2026-04-09,P001,Basic T-Shirt,Clothing,Essen,30,25,77.04,2311.19,51,38
2026-04-09,P001,Basic T-Shirt,Clothing,Köln,10,4,24.94,249.38,105,31
2026-04-09,P001,Basic T-Shirt,Clothing,München,15,12,49.92,748.76,129,51
2026-04-09,P001,Basic T-Shirt,Clothing,Berlin,19,8,43.89,833.98,63,42
2026-04-09,P002,Slim Jeans,Clothing,Düsseldorf,6,2,36.46,218.77,129,46
2026-04-09,P002,Slim Jeans,Clothing,Essen,7,2,22.64,158.51,146,56
2026-04-09,P002,Slim Jeans,Clothing,Köln,23,11,39.16,900.63,90,34
2026-04-09,P002,Slim Jeans,Clothing,München,1,1,27.89,27.89,102,42
2026-04-09,P002,Slim Jeans,Clothing,Berlin,26,14,26.96,701.06,50,26
2026-04-09,P003,Summer Dress,Clothing,Düsseldorf,19,7,70.67,1342.67,93,28
2026-04-09,P003,Summer Dress,Clothing,Essen,11,7,67.63,743.98,106,33
2026-04-09,P003,Summer Dress,Clothing,Köln,14,8,34.2,478.86,145,54
2026-04-09,P003,Summer Dress,Clothing,München,12,4,62.57,750.78,97,42
2026-04-09,P003,Summer Dress,Clothing,Berlin,2,1,36.42,72.85,102,45
2026-04-09,P004,Sneakers,Shoes,Düsseldorf,25,12,109.35,2733.67,77,53
2026-04-09,P004,Sneakers,Shoes,Essen,12,8,134.54,1614.43,80,55
2026-04-09,P004,Sneakers,Shoes,Köln,6,5,88.97,533.83,126,51
2026-04-09,P004,Sneakers,Shoes,München,26,22,94.97,2469.13,83,27
2026-04-09,P004,Sneakers,Shoes,Berlin,19,10,132.42,2515.98,103,55
2026-04-09,P005,Leather Boots,Shoes,Düsseldorf,28,22,80.38,2250.66,86,41
2026-04-09,P005,Leather Boots,Shoes,Essen,17,8,86.63,1472.73,73,34
2026-04-09,P005,Leather Boots,Shoes,Köln,16,10,117.07,1873.09,84,27
2026-04-09,P005,Leather Boots,Shoes,München,22,9,53.74,1182.31,70,40
2026-04-09,P005,Leather Boots,Shoes,Berlin,18,9,88.24,1588.39,96,52
2026-04-09,P006,Handbag,Accessories,Düsseldorf,0,1,28.49,0.0,116,32
2026-04-09,P006,Handbag,Accessories,Essen,25,21,17.68,442.1,97,51
2026-04-09,P006,Handbag,Accessories,Köln,18,11,86.5,1557.06,129,45
2026-04-09,P006,Handbag,Accessories,München,30,17,18.6,557.92,50,53
2026-04-09,P006,Handbag,Accessories,Berlin,6,2,72.77,436.61,116,49
2026-04-09,P007,Belt,Accessories,Düsseldorf,19,7,53.82,1022.63,103,45
2026-04-09,P007,Belt,Accessories,Essen,13,6,86.06,1118.77,65,34
2026-04-09,P007,Belt,Accessories,Köln,25,12,15.12,377.91,120,58
2026-04-09,P007,Belt,Accessories,München,23,15,43.0,988.97,89,30
2026-04-09,P007,Belt,Accessories,Berlin,11,4,29.86,328.5,82,50
2026-04-09,P008,Winter Jacket,Outerwear,Düsseldorf,32,26,163.23,5223.38,97,47
2026-04-09,P008,Winter Jacket,Outerwear,Essen,28,16,176.47,4941.2,103,59
2026-04-09,P008,Winter Jacket,Outerwear,Köln,3,2,144.25,432.76,113,25
2026-04-09,P008,Winter Jacket,Outerwear,München,14,10,145.53,2037.41,105,31
2026-04-09,P008,Winter Jacket,Outerwear,Berlin,25,14,112.99,2824.77,74,55
2026-04-09,P009,Blazer,Outerwear,Düsseldorf,35,21,217.81,7623.27,67,37
2026-04-09,P009,Blazer,Outerwear,Essen,14,8,138.49,1938.81,146,33
2026-04-09,P009,Blazer,Outerwear,Köln,1,1,151.22,151.22,84,29
2026-04-09,P009,Blazer,Outerwear,München,11,4,152.62,1678.77,118,40
2026-04-09,P009,Blazer,Outerwear,Berlin,19,9,139.01,2641.21,84,51
2026-04-09,P010,Sports Hoodie,Sportswear,Düsseldorf,10,7,104.65,1046.53,122,56
2026-04-09,P010,Sports Hoodie,Sportswear,Essen,15,11,79.9,1198.46,43,49
2026-04-09,P010,Sports Hoodie,Sportswear,Köln,0,1,74.01,0.0,118,31
2026-04-09,P010,Sports Hoodie,Sportswear,München,11,4,91.15,1002.69,90,59
2026-04-09,P010,Sports Hoodie,Sportswear,Berlin,20,14,113.3,2265.94,116,47
2026-04-10,P001,Basic T-Shirt,Clothing,Düsseldorf,12,5,65.08,781.01,109,45
2026-04-10,P001,Basic T-Shirt,Clothing,Essen,29,14,20.89,605.67,61,56
2026-04-10,P001,Basic T-Shirt,Clothing,Köln,25,19,31.83,795.82,155,33
2026-04-10,P001,Basic T-Shirt,Clothing,München,25,11,63.79,1594.79,98,58
2026-04-10,P001,Basic T-Shirt,Clothing,Berlin,15,8,35.85,537.75,102,26
2026-04-10,P002,Slim Jeans,Clothing,Düsseldorf,16,8,20.94,335.08,113,28
2026-04-10,P002,Slim Jeans,Clothing,Essen,15,12,21.14,317.1,99,27
2026-04-10,P002,Slim Jeans,Clothing,Köln,5,2,32.18,160.91,145,32
2026-04-10,P002,Slim Jeans,Clothing,München,1,1,33.07,33.07,105,55
2026-04-10,P002,Slim Jeans,Clothing,Berlin,21,8,32.68,686.23,69,58
2026-04-10,P003,Summer Dress,Clothing,Düsseldorf,10,7,42.98,429.83,116,33
2026-04-10,P003,Summer Dress,Clothing,Essen,33,24,55.19,1821.37,95,25
2026-04-10,P003,Summer Dress,Clothing,Köln,17,8,58.33,991.65,102,42
2026-04-10,P003,Summer Dress,Clothing,München,27,14,59.29,1600.74,84,25
2026-04-10,P003,Summer Dress,Clothing,Berlin,27,11,68.73,1855.8,87,58
2026-04-10,P004,Sneakers,Shoes,Düsseldorf,8,3,130.02,1040.12,157,39
2026-04-10,P004,Sneakers,Shoes,Essen,16,13,72.4,1158.33,134,58
2026-04-10,P004,Sneakers,Shoes,Köln,20,12,113.17,2263.34,105,31
2026-04-10,P004,Sneakers,Shoes,München,16,13,101.09,1617.44,110,26
2026-04-10,P004,Sneakers,Shoes,Berlin,14,6,108.01,1512.1,99,33
2026-04-10,P005,Leather Boots,Shoes,Düsseldorf,26,11,62.69,1630.05,116,43
2026-04-10,P005,Leather Boots,Shoes,Essen,3,1,149.89,449.67,125,41
2026-04-10,P005,Leather Boots,Shoes,Köln,27,19,133.45,3603.04,144,40
2026-04-10,P005,Leather Boots,Shoes,München,15,12,130.04,1950.57,113,28
2026-04-10,P005,Leather Boots,Shoes,Berlin,0,1,95.59,0.0,138,27
2026-04-10,P006,Handbag,Accessories,Düsseldorf,15,12,48.19,722.92,104,54
2026-04-10,P006,Handbag,Accessories,Essen,9,7,17.68,159.12,129,26
2026-04-10,P006,Handbag,Accessories,Köln,9,4,60.01,540.13,135,36
2026-04-10,P006,Handbag,Accessories,München,25,10,35.41,885.13,37,34
2026-04-10,P006,Handbag,Accessories,Berlin,11,5,70.81,778.96,153,42
2026-04-10,P007,Belt,Accessories,Düsseldorf,17,10,70.7,1201.92,117,55
2026-04-10,P007,Belt,Accessories,Essen,16,13,82.9,1326.35,71,28
2026-04-10,P007,Belt,Accessories,Köln,10,4,60.5,604.99,134,45
2026-04-10,P007,Belt,Accessories,München,19,9,95.14,1807.7,107,59
2026-04-10,P007,Belt,Accessories,Berlin,6,5,28.76,172.58,87,56
2026-04-10,P008,Winter Jacket,Outerwear,Düsseldorf,9,4,212.37,1911.34,102,28
2026-04-10,P008,Winter Jacket,Outerwear,Essen,26,14,208.09,5410.41,83,26
2026-04-10,P008,Winter Jacket,Outerwear,Köln,31,16,121.41,3763.75,54,54
2026-04-10,P008,Winter Jacket,Outerwear,München,2,1,198.08,396.15,120,55
2026-04-10,P008,Winter Jacket,Outerwear,Berlin,5,3,186.74,933.69,91,35
2026-04-10,P009,Blazer,Outerwear,Düsseldorf,5,2,163.22,816.08,80,53
2026-04-10,P009,Blazer,Outerwear,Essen,4,1,217.05,868.19,131,28
2026-04-10,P009,Blazer,Outerwear,Köln,28,12,126.91,3553.47,83,28
2026-04-10,P009,Blazer,Outerwear,München,19,15,201.58,3830.03,62,37
2026-04-10,P009,Blazer,Outerwear,Berlin,26,10,197.23,5127.9,62,40
2026-04-10,P010,Sports Hoodie,Sportswear,Düsseldorf,13,6,50.9,661.67,55,51
2026-04-10,P010,Sports Hoodie,Sportswear,Essen,3,1,38.9,116.69,124,42
2026-04-10,P010,Sports Hoodie,Sportswear,Köln,15,7,90.49,1357.31,109,26
2026-04-10,P010,Sports Hoodie,Sportswear,München,19,9,32.36,614.87,116,26
2026-04-10,P010,Sports Hoodie,Sportswear,Berlin,9,4,42.13,379.15,74,30
2026-04-11,P001,Basic T-Shirt,Clothing,Düsseldorf,16,13,34.64,554.23,91,48
2026-04-11,P001,Basic T-Shirt,Clothing,Essen,39,30,63.4,2472.72,23,31
2026-04-11,P001,Basic T-Shirt,Clothing,Köln,5,2,47.24,236.21,120,28
2026-04-11,P001,Basic T-Shirt,Clothing,München,0,1,23.33,0.0,130,48
2026-04-11,P001,Basic T-Shirt,Clothing,Berlin,10,6,53.2,532.04,114,39
2026-04-11,P002,Slim Jeans,Clothing,Düsseldorf,22,11,55.7,1225.4,82,26
2026-04-11,P002,Slim Jeans,Clothing,Essen,18,13,43.27,778.82,73,34
2026-04-11,P002,Slim Jeans,Clothing,Köln,15,7,64.25,963.74,138,46
2026-04-11,P002,Slim Jeans,Clothing,München,17,11,29.32,498.43,104,48
2026-04-11,P002,Slim Jeans,Clothing,Berlin,19,12,30.06,571.11,103,31
2026-04-11,P003,Summer Dress,Clothing,Düsseldorf,22,14,45.92,1010.26,52,31
2026-04-11,P003,Summer Dress,Clothing,Essen,10,4,51.21,512.14,88,38
2026-04-11,P003,Summer Dress,Clothing,Köln,5,2,76.59,382.94,111,39
2026-04-11,P003,Summer Dress,Clothing,München,9,4,59.47,535.26,93,35
2026-04-11,P003,Summer Dress,Clothing,Berlin,28,15,22.93,642.15,88,30
2026-04-11,P004,Sneakers,Shoes,Düsseldorf,15,9,105.67,1585.09,141,50
2026-04-11,P004,Sneakers,Shoes,Essen,20,16,134.08,2681.64,112,26
2026-04-11,P004,Sneakers,Shoes,Köln,10,4,94.8,948.02,98,31
2026-04-11,P004,Sneakers,Shoes,München,19,9,109.95,2088.99,107,31
2026-04-11,P004,Sneakers,Shoes,Berlin,19,10,50.34,956.42,118,45
2026-04-11,P005,Leather Boots,Shoes,Düsseldorf,21,13,109.78,2305.34,73,26
2026-04-11,P005,Leather Boots,Shoes,Essen,15,8,149.4,2241.07,141,40
2026-04-11,P005,Leather Boots,Shoes,Köln,23,14,103.89,2389.39,66,27
2026-04-11,P005,Leather Boots,Shoes,München,11,6,77.2,849.25,60,43
2026-04-11,P005,Leather Boots,Shoes,Berlin,10,5,86.02,860.15,142,55
2026-04-11,P006,Handbag,Accessories,Düsseldorf,21,18,20.67,434.1,100,57
2026-04-11,P006,Handbag,Accessories,Essen,24,15,84.21,2020.97,58,59
2026-04-11,P006,Handbag,Accessories,Köln,20,13,54.75,1094.97,161,40
2026-04-11,P006,Handbag,Accessories,München,13,5,16.26,211.37,104,25
2026-04-11,P006,Handbag,Accessories,Berlin,32,16,89.95,2878.49,70,58
2026-04-11,P007,Belt,Accessories,Düsseldorf,15,12,75.9,1138.49,105,53
2026-04-11,P007,Belt,Accessories,Essen,10,6,27.31,273.08,109,30
2026-04-11,P007,Belt,Accessories,Köln,13,6,83.74,1088.59,89,45
2026-04-11,P007,Belt,Accessories,München,23,15,74.06,1703.32,108,57
2026-04-11,P007,Belt,Accessories,Berlin,12,10,55.62,667.45,68,34
2026-04-11,P008,Winter Jacket,Outerwear,Düsseldorf,11,6,111.08,1221.86,71,31
2026-04-11,P008,Winter Jacket,Outerwear,Essen,24,12,156.71,3760.92,80,34
2026-04-11,P008,Winter Jacket,Outerwear,Köln,26,22,200.82,5221.42,88,50
2026-04-11,P008,Winter Jacket,Outerwear,München,20,8,170.31,3406.16,80,35
2026-04-11,P008,Winter Jacket,Outerwear,Berlin,18,9,112.97,2033.42,97,51
2026-04-11,P009,Blazer,Outerwear,Düsseldorf,19,10,206.27,3919.04,77,33
2026-04-11,P009,Blazer,Outerwear,Essen,31,18,162.85,5048.5,122,36
2026-04-11,P009,Blazer,Outerwear,Köln,7,4,118.16,827.09,73,41
2026-04-11,P009,Blazer,Outerwear,München,8,7,148.74,1189.9,82,30
2026-04-11,P009,Blazer,Outerwear,Berlin,34,13,122.49,4164.63,109,40
2026-04-11,P010,Sports Hoodie,Sportswear,Düsseldorf,22,16,44.42,977.22,125,28
2026-04-11,P010,Sports Hoodie,Sportswear,Essen,16,7,46.08,737.35,111,34
2026-04-11,P010,Sports Hoodie,Sportswear,Köln,29,25,76.13,2207.78,54,56
2026-04-11,P010,Sports Hoodie,Sportswear,München,28,19,41.62,1165.45,94,41
2026-04-11,P010,Sports Hoodie,Sportswear,Berlin,5,3,62.33,311.66,144,49
2026-04-12,P001,Basic T-Shirt,Clothing,Düsseldorf,25,11,22.24,556.06,88,25
2026-04-12,P001,Basic T-Shirt,Clothing,Essen,15,6,64.51,967.64,97,25
2026-04-12,P001,Basic T-Shirt,Clothing,Köln,8,3,68.93,551.43,107,40
2026-04-12,P001,Basic T-Shirt,Clothing,München,19,8,78.16,1485.13,109,44
2026-04-12,P001,Basic T-Shirt,Clothing,Berlin,22,13,74.45,1637.98,80,45
2026-04-12,P002,Slim Jeans,Clothing,Düsseldorf,19,17,45.89,872.0,74,48
2026-04-12,P002,Slim Jeans,Clothing,Essen,23,10,48.54,1116.5,120,40
2026-04-12,P002,Slim Jeans,Clothing,Köln,14,10,32.83,459.6,101,49
2026-04-12,P002,Slim Jeans,Clothing,München,22,11,53.81,1183.91,103,26
2026-04-12,P002,Slim Jeans,Clothing,Berlin,19,8,37.52,712.84,91,45
2026-04-12,P003,Summer Dress,Clothing,Düsseldorf,17,8,62.71,1066.15,53,49
2026-04-12,P003,Summer Dress,Clothing,Essen,24,12,29.86,716.55,79,42
2026-04-12,P003,Summer Dress,Clothing,Köln,9,3,67.96,611.67,151,41
2026-04-12,P003,Summer Dress,Clothing,München,31,24,65.65,2035.03,68,26
2026-04-12,P003,Summer Dress,Clothing,Berlin,24,14,63.22,1517.16,68,25
2026-04-12,P004,Sneakers,Shoes,Düsseldorf,11,7,97.24,1069.6,89,40
2026-04-12,P004,Sneakers,Shoes,Essen,4,1,53.04,212.14,106,57
2026-04-12,P004,Sneakers,Shoes,Köln,24,16,95.6,2294.36,87,54
2026-04-12,P004,Sneakers,Shoes,München,19,9,118.75,2256.33,73,55
2026-04-12,P004,Sneakers,Shoes,Berlin,28,20,149.49,4185.65,91,47
2026-04-12,P005,Leather Boots,Shoes,Düsseldorf,5,3,57.4,287.02,94,55
2026-04-12,P005,Leather Boots,Shoes,Essen,10,5,102.63,1026.3,121,54
2026-04-12,P005,Leather Boots,Shoes,Köln,20,12,149.32,2986.43,118,27
2026-04-12,P005,Leather Boots,Shoes,München,18,9,73.17,1317.09,99,44
2026-04-12,P005,Leather Boots,Shoes,Berlin,7,4,122.96,860.71,119,57
2026-04-12,P006,Handbag,Accessories,Düsseldorf,0,1,32.45,0.0,99,36
2026-04-12,P006,Handbag,Accessories,Essen,21,10,60.18,1263.79,36,52
2026-04-12,P006,Handbag,Accessories,Köln,4,2,95.0,380.01,105,28
2026-04-12,P006,Handbag,Accessories,München,21,15,48.84,1025.6,80,27
2026-04-12,P006,Handbag,Accessories,Berlin,16,9,48.9,782.41,79,37
2026-04-12,P007,Belt,Accessories,Düsseldorf,17,10,17.55,298.29,56,58
2026-04-12,P007,Belt,Accessories,Essen,25,14,20.25,506.27,28,35
2026-04-12,P007,Belt,Accessories,Köln,21,16,27.98,587.58,69,38
2026-04-12,P007,Belt,Accessories,München,0,1,39.63,0.0,124,32
2026-04-12,P007,Belt,Accessories,Berlin,31,13,88.23,2735.18,117,31
2026-04-12,P008,Winter Jacket,Outerwear,Düsseldorf,9,5,168.65,1517.85,63,54
2026-04-12,P008,Winter Jacket,Outerwear,Essen,15,10,200.85,3012.69,136,29
2026-04-12,P008,Winter Jacket,Outerwear,Köln,1,1,138.83,138.83,112,50
2026-04-12,P008,Winter Jacket,Outerwear,München,5,3,84.98,424.92,126,49
2026-04-12,P008,Winter Jacket,Outerwear,Berlin,21,9,154.95,3253.88,80,49
2026-04-12,P009,Blazer,Outerwear,Düsseldorf,28,19,98.8,2766.42,65,45
2026-04-12,P009,Blazer,Outerwear,Essen,10,8,95.85,958.5,72,26
2026-04-12,P009,Blazer,Outerwear,Köln,18,11,212.44,3823.94,111,57
2026-04-12,P009,Blazer,Outerwear,München,15,6,204.17,3062.62,46,56
2026-04-12,P009,Blazer,Outerwear,Berlin,10,8,142.72,1427.2,89,45
2026-04-12,P010,Sports Hoodie,Sportswear,Düsseldorf,21,12,64.6,1356.67,105,35
2026-04-12,P010,Sports Hoodie,Sportswear,Essen,16,6,98.47,1575.47,87,48
2026-04-12,P010,Sports Hoodie,Sportswear,Köln,21,8,64.71,1358.84,71,44
2026-04-12,P010,Sports Hoodie,Sportswear,München,3,1,75.81,227.44,139,55
2026-04-12,P010,Sports Hoodie,Sportswear,Berlin,19,8,106.98,2032.59,102,38
2026-04-13,P001,Basic T-Shirt,Clothing,Düsseldorf,24,16,51.03,1224.72,109,43
2026-04-13,P001,Basic T-Shirt,Clothing,Essen,31,13,68.1,2110.95,76,38
2026-04-13,P001,Basic T-Shirt,Clothing,Köln,16,7,74.39,1190.19,101,47
2026-04-13,P001,Basic T-Shirt,Clothing,München,30,19,53.89,1616.62,56,48
2026-04-13,P001,Basic T-Shirt,Clothing,Berlin,24,10,35.42,850.01,79,48
2026-04-13,P002,Slim Jeans,Clothing,Düsseldorf,15,9,24.89,373.41,103,47
2026-04-13,P002,Slim Jeans,Clothing,Essen,17,6,26.69,453.79,54,56
2026-04-13,P002,Slim Jeans,Clothing,Köln,11,7,73.16,804.71,108,29
2026-04-13,P002,Slim Jeans,Clothing,München,16,7,38.25,612.01,103,56
2026-04-13,P002,Slim Jeans,Clothing,Berlin,3,1,42.68,128.04,118,41
2026-04-13,P003,Summer Dress,Clothing,Düsseldorf,29,12,45.5,1319.42,68,52
2026-04-13,P003,Summer Dress,Clothing,Essen,9,4,29.88,268.9,117,42
2026-04-13,P003,Summer Dress,Clothing,Köln,12,7,38.28,459.32,59,44
2026-04-13,P003,Summer Dress,Clothing,München,18,7,62.35,1122.3,117,48
2026-04-13,P003,Summer Dress,Clothing,Berlin,25,13,63.37,1584.33,133,46
2026-04-13,P004,Sneakers,Shoes,Düsseldorf,12,5,99.47,1193.58,95,42
2026-04-13,P004,Sneakers,Shoes,Essen,13,6,148.48,1930.28,104,30
2026-04-13,P004,Sneakers,Shoes,Köln,12,8,88.99,1067.83,149,58
2026-04-13,P004,Sneakers,Shoes,München,28,12,106.33,2977.29,56,42
2026-04-13,P004,Sneakers,Shoes,Berlin,9,5,60.38,543.4,99,37
2026-04-13,P005,Leather Boots,Shoes,Düsseldorf,7,3,74.16,519.14,53,26
2026-04-13,P005,Leather Boots,Shoes,Essen,25,16,89.94,2248.6,58,33
2026-04-13,P005,Leather Boots,Shoes,Köln,17,8,95.64,1625.96,92,42
2026-04-13,P005,Leather Boots,Shoes,München,27,22,107.37,2898.95,68,49
2026-04-13,P005,Leather Boots,Shoes,Berlin,13,9,108.34,1408.46,79,40
2026-04-13,P006,Handbag,Accessories,Düsseldorf,18,11,51.87,933.64,120,51
2026-04-13,P006,Handbag,Accessories,Essen,27,18,56.0,1511.96,70,59
2026-04-13,P006,Handbag,Accessories,Köln,13,8,88.85,1155.01,65,43
2026-04-13,P006,Handbag,Accessories,München,14,8,17.49,244.85,54,59
2026-04-13,P006,Handbag,Accessories,Berlin,16,12,71.16,1138.51,115,54
2026-04-13,P007,Belt,Accessories,Düsseldorf,13,9,99.86,1298.17,116,58
2026-04-13,P007,Belt,Accessories,Essen,14,8,33.68,471.58,86,59
2026-04-13,P007,Belt,Accessories,Köln,14,7,93.24,1305.35,122,32
2026-04-13,P007,Belt,Accessories,München,0,1,50.37,0.0,154,48
2026-04-13,P007,Belt,Accessories,Berlin,10,4,62.84,628.44,94,31
2026-04-13,P008,Winter Jacket,Outerwear,Düsseldorf,11,5,108.33,1191.62,99,35
2026-04-13,P008,Winter Jacket,Outerwear,Essen,12,7,197.95,2375.38,67,45
2026-04-13,P008,Winter Jacket,Outerwear,Köln,15,6,119.4,1791.06,100,55
2026-04-13,P008,Winter Jacket,Outerwear,München,8,4,185.32,1482.58,100,46
2026-04-13,P008,Winter Jacket,Outerwear,Berlin,12,9,121.14,1453.72,128,28
2026-04-13,P009,Blazer,Outerwear,Düsseldorf,22,15,90.59,1992.91,137,26
2026-04-13,P009,Blazer,Outerwear,Essen,27,11,181.8,4908.64,66,54
2026-04-13,P009,Blazer,Outerwear,Köln,17,7,171.04,2907.76,108,41
2026-04-13,P009,Blazer,Outerwear,München,9,6,219.33,1973.99,134,56
2026-04-13,P009,Blazer,Outerwear,Berlin,6,4,198.79,1192.75,112,52
2026-04-13,P010,Sports Hoodie,Sportswear,Düsseldorf,19,13,117.07,2224.32,134,51
2026-04-13,P010,Sports Hoodie,Sportswear,Essen,27,19,40.34,1089.14,95,37
2026-04-13,P010,Sports Hoodie,Sportswear,Köln,9,7,72.84,655.6,141,33
2026-04-13,P010,Sports Hoodie,Sportswear,München,11,9,85.57,941.31,102,57
2026-04-13,P010,Sports Hoodie,Sportswear,Berlin,12,6,55.19,662.26,86,45
2026-04-14,P001,Basic T-Shirt,Clothing,Düsseldorf,29,23,63.03,1827.9,70,58
2026-04-14,P001,Basic T-Shirt,Clothing,Essen,21,13,24.0,503.91,64,33
2026-04-14,P001,Basic T-Shirt,Clothing,Köln,14,7,24.02,336.23,84,59
2026-04-14,P001,Basic T-Shirt,Clothing,München,16,7,46.72,747.45,67,57
2026-04-14,P001,Basic T-Shirt,Clothing,Berlin,7,5,65.47,458.31,113,36
2026-04-14,P002,Slim Jeans,Clothing,Düsseldorf,0,1,64.31,0.0,138,28
2026-04-14,P002,Slim Jeans,Clothing,Essen,19,9,75.66,1437.46,95,45
2026-04-14,P002,Slim Jeans,Clothing,Köln,7,3,45.32,317.26,90,38
2026-04-14,P002,Slim Jeans,Clothing,München,17,14,40.55,689.41,83,58
2026-04-14,P002,Slim Jeans,Clothing,Berlin,24,11,33.64,807.25,45,52
2026-04-14,P003,Summer Dress,Clothing,Düsseldorf,21,9,79.12,1661.54,75,47
2026-04-14,P003,Summer Dress,Clothing,Essen,27,18,24.9,672.28,77,47
2026-04-14,P003,Summer Dress,Clothing,Köln,8,3,22.34,178.74,99,42
2026-04-14,P003,Summer Dress,Clothing,München,8,3,25.38,203.05,86,58
2026-04-14,P003,Summer Dress,Clothing,Berlin,25,11,49.9,1247.62,83,26
2026-04-14,P004,Sneakers,Shoes,Düsseldorf,9,5,91.1,819.88,132,56
2026-04-14,P004,Sneakers,Shoes,Essen,5,2,70.26,351.29,93,45
2026-04-14,P004,Sneakers,Shoes,Köln,8,5,110.36,882.9,58,25
2026-04-14,P004,Sneakers,Shoes,München,17,13,66.8,1135.59,112,42
2026-04-14,P004,Sneakers,Shoes,Berlin,21,10,73.79,1549.52,125,39
2026-04-14,P005,Leather Boots,Shoes,Düsseldorf,11,4,66.9,735.93,65,53
2026-04-14,P005,Leather Boots,Shoes,Essen,14,9,81.97,1147.56,111,47
2026-04-14,P005,Leather Boots,Shoes,Köln,12,6,149.19,1790.33,109,42
2026-04-14,P005,Leather Boots,Shoes,München,27,14,101.82,2749.09,68,39
2026-04-14,P005,Leather Boots,Shoes,Berlin,7,3,50.47,353.28,124,48
2026-04-14,P006,Handbag,Accessories,Düsseldorf,8,5,98.79,790.29,96,42
2026-04-14,P006,Handbag,Accessories,Essen,18,10,47.47,854.5,91,52
2026-04-14,P006,Handbag,Accessories,Köln,12,10,99.28,1191.41,111,35
2026-04-14,P006,Handbag,Accessories,München,23,12,63.86,1468.72,88,38
2026-04-14,P006,Handbag,Accessories,Berlin,4,2,31.4,125.62,78,31
2026-04-14,P007,Belt,Accessories,Düsseldorf,24,12,32.51,780.28,89,37
2026-04-14,P007,Belt,Accessories,Essen,28,25,71.23,1994.54,36,27
2026-04-14,P007,Belt,Accessories,Köln,22,11,69.85,1536.65,64,31
2026-04-14,P007,Belt,Accessories,München,6,4,94.95,569.69,114,48
2026-04-14,P007,Belt,Accessories,Berlin,13,7,37.35,485.51,63,28
2026-04-14,P008,Winter Jacket,Outerwear,Düsseldorf,22,10,107.61,2367.52,88,34
2026-04-14,P008,Winter Jacket,Outerwear,Essen,7,5,152.35,1066.45,142,37
2026-04-14,P008,Winter Jacket,Outerwear,Köln,3,2,95.12,285.35,93,50
2026-04-14,P008,Winter Jacket,Outerwear,München,0,1,146.74,0.0,109,25
2026-04-14,P008,Winter Jacket,Outerwear,Berlin,7,2,148.14,1036.97,96,52
2026-04-14,P009,Blazer,Outerwear,Düsseldorf,28,20,116.46,3260.77,92,52
2026-04-14,P009,Blazer,Outerwear,Essen,19,13,102.36,1944.76,71,40
2026-04-14,P009,Blazer,Outerwear,Köln,15,8,159.86,2397.88,100,56
2026-04-14,P009,Blazer,Outerwear,München,15,10,151.23,2268.47,136,49
2026-04-14,P009,Blazer,Outerwear,Berlin,13,7,141.16,1835.05,91,41
2026-04-14,P010,Sports Hoodie,Sportswear,Düsseldorf,22,16,79.84,1756.52,126,32
2026-04-14,P010,Sports Hoodie,Sportswear,Essen,17,9,98.09,1667.5,128,34
2026-04-14,P010,Sports Hoodie,Sportswear,Köln,21,9,41.45,870.4,70,45
2026-04-14,P010,Sports Hoodie,Sportswear,München,14,10,55.52,777.32,111,30
2026-04-14,P010,Sports Hoodie,Sportswear,Berlin,23,11,81.14,1866.13,71,25
2026-04-15,P001,Basic T-Shirt,Clothing,Düsseldorf,7,4,24.07,168.48,90,32
2026-04-15,P001,Basic T-Shirt,Clothing,Essen,15,6,75.72,1135.81,41,55
2026-04-15,P001,Basic T-Shirt,Clothing,Köln,9,6,66.82,601.35,121,39
2026-04-15,P001,Basic T-Shirt,Clothing,München,22,10,76.29,1678.45,77,51
2026-04-15,P001,Basic T-Shirt,Clothing,Berlin,18,7,79.91,1438.46,111,31
2026-04-15,P002,Slim Jeans,Clothing,Düsseldorf,22,18,27.64,608.14,103,54
2026-04-15,P002,Slim Jeans,Clothing,Essen,13,7,56.11,729.39,102,52
2026-04-15,P002,Slim Jeans,Clothing,Köln,14,11,37.4,523.59,109,31
2026-04-15,P002,Slim Jeans,Clothing,München,27,16,39.07,1055.0,28,49
2026-04-15,P002,Slim Jeans,Clothing,Berlin,33,25,59.68,1969.38,24,41
2026-04-15,P003,Summer Dress,Clothing,Düsseldorf,28,18,66.11,1851.11,81,37
2026-04-15,P003,Summer Dress,Clothing,Essen,4,2,47.95,191.79,159,31
2026-04-15,P003,Summer Dress,Clothing,Köln,18,10,22.97,413.51,106,40
2026-04-15,P003,Summer Dress,Clothing,München,29,19,23.19,672.45,140,26
2026-04-15,P003,Summer Dress,Clothing,Berlin,12,5,20.44,245.28,48,52
2026-04-15,P004,Sneakers,Shoes,Düsseldorf,13,10,74.46,968.02,75,45
2026-04-15,P004,Sneakers,Shoes,Essen,4,2,82.88,331.53,89,26
2026-04-15,P004,Sneakers,Shoes,Köln,8,6,145.84,1166.75,114,28
2026-04-15,P004,Sneakers,Shoes,München,0,1,99.0,0.0,127,35
2026-04-15,P004,Sneakers,Shoes,Berlin,29,24,105.17,3049.92,39,33
2026-04-15,P005,Leather Boots,Shoes,Düsseldorf,11,9,66.56,732.12,130,33
2026-04-15,P005,Leather Boots,Shoes,Essen,6,2,109.96,659.73,134,27
2026-04-15,P005,Leather Boots,Shoes,Köln,15,8,120.32,1804.81,88,48
2026-04-15,P005,Leather Boots,Shoes,München,5,3,148.07,740.36,111,50
2026-04-15,P005,Leather Boots,Shoes,Berlin,31,15,71.54,2217.68,80,44
2026-04-15,P006,Handbag,Accessories,Düsseldorf,24,11,75.88,1821.15,124,45
2026-04-15,P006,Handbag,Accessories,Essen,5,3,57.91,289.57,159,56
2026-04-15,P006,Handbag,Accessories,Köln,29,13,94.04,2727.06,40,33
2026-04-15,P006,Handbag,Accessories,München,21,9,15.76,330.9,61,51
2026-04-15,P006,Handbag,Accessories,Berlin,20,17,88.23,1764.68,112,41
2026-04-15,P007,Belt,Accessories,Düsseldorf,22,11,85.89,1889.52,84,56
2026-04-15,P007,Belt,Accessories,Essen,22,11,97.75,2150.56,96,55
2026-04-15,P007,Belt,Accessories,Köln,24,11,94.84,2276.15,91,57
2026-04-15,P007,Belt,Accessories,München,16,8,66.2,1059.28,99,33
2026-04-15,P007,Belt,Accessories,Berlin,16,7,68.23,1091.7,122,28
2026-04-15,P008,Winter Jacket,Outerwear,Düsseldorf,8,4,150.49,1203.9,116,48
2026-04-15,P008,Winter Jacket,Outerwear,Essen,11,8,116.66,1283.26,134,30
2026-04-15,P008,Winter Jacket,Outerwear,Köln,27,20,125.39,3385.53,53,34
2026-04-15,P008,Winter Jacket,Outerwear,München,11,7,101.54,1116.98,120,42
2026-04-15,P008,Winter Jacket,Outerwear,Berlin,1,1,85.44,85.44,103,27
2026-04-15,P009,Blazer,Outerwear,Düsseldorf,20,10,144.31,2886.16,88,31
2026-04-15,P009,Blazer,Outerwear,Essen,12,6,209.19,2510.23,16,58
2026-04-15,P009,Blazer,Outerwear,Köln,27,23,126.58,3417.56,93,57
2026-04-15,P009,Blazer,Outerwear,München,7,5,105.23,736.61,112,40
2026-04-15,P009,Blazer,Outerwear,Berlin,14,7,213.45,2988.25,148,37
2026-04-15,P010,Sports Hoodie,Sportswear,Düsseldorf,20,12,77.31,1546.21,90,43
2026-04-15,P010,Sports Hoodie,Sportswear,Essen,3,1,85.36,256.09,101,38
2026-04-15,P010,Sports Hoodie,Sportswear,Köln,12,6,66.24,794.91,120,52
2026-04-15,P010,Sports Hoodie,Sportswear,München,17,12,83.42,1418.08,76,41
2026-04-15,P010,Sports Hoodie,Sportswear,Berlin,17,9,76.03,1292.44,127,25
2026-04-16,P001,Basic T-Shirt,Clothing,Düsseldorf,28,16,79.53,2226.76,74,45
2026-04-16,P001,Basic T-Shirt,Clothing,Essen,16,7,59.18,946.92,125,25
2026-04-16,P001,Basic T-Shirt,Clothing,Köln,12,5,43.39,520.7,120,36
2026-04-16,P001,Basic T-Shirt,Clothing,München,0,1,26.89,0.0,93,57
2026-04-16,P001,Basic T-Shirt,Clothing,Berlin,18,8,39.34,708.15,131,27
2026-04-16,P002,Slim Jeans,Clothing,Düsseldorf,20,8,58.81,1176.11,102,26
2026-04-16,P002,Slim Jeans,Clothing,Essen,11,4,57.09,627.97,134,55
2026-04-16,P002,Slim Jeans,Clothing,Köln,8,4,56.64,453.09,107,42
2026-04-16,P002,Slim Jeans,Clothing,München,19,9,38.09,723.67,49,38
2026-04-16,P002,Slim Jeans,Clothing,Berlin,34,17,28.33,963.26,76,55
2026-04-16,P003,Summer Dress,Clothing,Düsseldorf,20,11,47.82,956.46,39,54
2026-04-16,P003,Summer Dress,Clothing,Essen,32,14,40.69,1302.14,89,40
2026-04-16,P003,Summer Dress,Clothing,Köln,19,7,22.8,433.23,109,55
2026-04-16,P003,Summer Dress,Clothing,München,18,9,39.03,702.5,74,39
2026-04-16,P003,Summer Dress,Clothing,Berlin,27,15,65.53,1769.41,103,28
2026-04-16,P004,Sneakers,Shoes,Düsseldorf,10,5,148.03,1480.35,110,38
2026-04-16,P004,Sneakers,Shoes,Essen,29,21,82.02,2378.57,59,26
2026-04-16,P004,Sneakers,Shoes,Köln,0,1,65.83,0.0,124,30
2026-04-16,P004,Sneakers,Shoes,München,17,7,111.35,1892.98,109,26
2026-04-16,P004,Sneakers,Shoes,Berlin,13,7,126.74,1647.64,97,49
2026-04-16,P005,Leather Boots,Shoes,Düsseldorf,19,7,122.28,2323.23,72,36
2026-04-16,P005,Leather Boots,Shoes,Essen,16,10,64.23,1027.61,105,34
2026-04-16,P005,Leather Boots,Shoes,Köln,28,14,76.6,2144.83,94,57
2026-04-16,P005,Leather Boots,Shoes,München,12,5,88.96,1067.54,115,41
2026-04-16,P005,Leather Boots,Shoes,Berlin,6,2,119.67,718.01,160,35
2026-04-16,P006,Handbag,Accessories,Düsseldorf,5,2,98.88,494.42,151,26
2026-04-16,P006,Handbag,Accessories,Essen,18,13,17.43,313.68,99,38
2026-04-16,P006,Handbag,Accessories,Köln,0,1,95.25,0.0,108,37
2026-04-16,P006,Handbag,Accessories,München,2,1,58.67,117.35,155,52
2026-04-16,P006,Handbag,Accessories,Berlin,17,7,54.36,924.16,104,30
2026-04-16,P007,Belt,Accessories,Düsseldorf,15,6,83.38,1250.67,144,55
2026-04-16,P007,Belt,Accessories,Essen,17,9,39.03,663.53,109,28
2026-04-16,P007,Belt,Accessories,Köln,18,10,21.22,382.02,112,52
2026-04-16,P007,Belt,Accessories,München,17,12,88.21,1499.6,135,32
2026-04-16,P007,Belt,Accessories,Berlin,4,2,25.85,103.41,152,33
2026-04-16,P008,Winter Jacket,Outerwear,Düsseldorf,8,5,89.13,713.04,109,32
2026-04-16,P008,Winter Jacket,Outerwear,Essen,19,8,98.7,1875.29,68,56
2026-04-16,P008,Winter Jacket,Outerwear,Köln,1,1,198.25,198.25,97,32
2026-04-16,P008,Winter Jacket,Outerwear,München,13,5,209.3,2720.86,115,48
2026-04-16,P008,Winter Jacket,Outerwear,Berlin,0,1,203.93,0.0,110,38
2026-04-16,P009,Blazer,Outerwear,Düsseldorf,9,4,137.98,1241.8,92,54
2026-04-16,P009,Blazer,Outerwear,Essen,18,7,150.88,2715.8,88,27
2026-04-16,P009,Blazer,Outerwear,Köln,20,13,103.92,2078.42,113,43
2026-04-16,P009,Blazer,Outerwear,München,22,10,98.5,2166.91,127,38
2026-04-16,P009,Blazer,Outerwear,Berlin,21,8,117.53,2468.17,88,30
2026-04-16,P010,Sports Hoodie,Sportswear,Düsseldorf,28,19,104.19,2917.35,68,54
2026-04-16,P010,Sports Hoodie,Sportswear,Essen,15,7,49.38,740.74,115,55
2026-04-16,P010,Sports Hoodie,Sportswear,Köln,11,4,118.8,1306.77,107,55
2026-04-16,P010,Sports Hoodie,Sportswear,München,18,13,61.04,1098.71,130,51
2026-04-16,P010,Sports Hoodie,Sportswear,Berlin,39,28,33.42,1303.55,88,57
2026-04-17,P001,Basic T-Shirt,Clothing,Düsseldorf,15,7,20.89,313.32,85,44
2026-04-17,P001,Basic T-Shirt,Clothing,Essen,27,13,51.22,1382.94,91,58
2026-04-17,P001,Basic T-Shirt,Clothing,Köln,16,7,42.6,681.56,98,50
2026-04-17,P001,Basic T-Shirt,Clothing,München,11,8,76.13,837.45,47,49
2026-04-17,P001,Basic T-Shirt,Clothing,Berlin,8,4,69.55,556.43,120,38
2026-04-17,P002,Slim Jeans,Clothing,Düsseldorf,22,16,70.68,1554.89,60,53
2026-04-17,P002,Slim Jeans,Clothing,Essen,26,19,75.1,1952.49,106,52
2026-04-17,P002,Slim Jeans,Clothing,Köln,1,1,26.37,26.37,107,34
2026-04-17,P002,Slim Jeans,Clothing,München,27,13,38.42,1037.39,94,53
2026-04-17,P002,Slim Jeans,Clothing,Berlin,25,13,46.58,1164.5,90,42
2026-04-17,P003,Summer Dress,Clothing,Düsseldorf,7,3,26.95,188.62,120,50
2026-04-17,P003,Summer Dress,Clothing,Essen,11,9,24.99,274.86,145,25
2026-04-17,P003,Summer Dress,Clothing,Köln,16,6,44.46,711.28,83,49
2026-04-17,P003,Summer Dress,Clothing,München,23,12,63.96,1471.05,89,58
2026-04-17,P003,Summer Dress,Clothing,Berlin,9,6,67.97,611.73,134,27
2026-04-17,P004,Sneakers,Shoes,Düsseldorf,17,11,140.89,2395.14,83,34
2026-04-17,P004,Sneakers,Shoes,Essen,16,14,70.35,1125.56,124,35
2026-04-17,P004,Sneakers,Shoes,Köln,10,4,123.1,1231.03,76,34
2026-04-17,P004,Sneakers,Shoes,München,18,11,140.25,2524.53,88,53
2026-04-17,P004,Sneakers,Shoes,Berlin,13,10,103.56,1346.22,77,57
2026-04-17,P005,Leather Boots,Shoes,Düsseldorf,20,9,132.62,2652.33,62,58
2026-04-17,P005,Leather Boots,Shoes,Essen,10,8,56.78,567.78,79,55
2026-04-17,P005,Leather Boots,Shoes,Köln,26,13,51.42,1336.89,94,47
2026-04-17,P005,Leather Boots,Shoes,München,31,13,138.88,4305.43,94,41
2026-04-17,P005,Leather Boots,Shoes,Berlin,20,17,56.86,1137.19,124,58
2026-04-17,P006,Handbag,Accessories,Düsseldorf,16,7,88.03,1408.44,85,31
2026-04-17,P006,Handbag,Accessories,Essen,14,12,80.68,1129.5,126,46
2026-04-17,P006,Handbag,Accessories,Köln,27,11,22.46,606.34,78,48
2026-04-17,P006,Handbag,Accessories,München,23,18,22.9,526.69,84,45
2026-04-17,P006,Handbag,Accessories,Berlin,15,8,46.1,691.44,45,55
2026-04-17,P007,Belt,Accessories,Düsseldorf,13,6,60.15,781.99,111,52
2026-04-17,P007,Belt,Accessories,Essen,14,8,25.6,358.44,35,55
2026-04-17,P007,Belt,Accessories,Köln,29,25,55.11,1598.33,88,26
2026-04-17,P007,Belt,Accessories,München,10,4,18.79,187.87,128,50
2026-04-17,P007,Belt,Accessories,Berlin,7,4,63.79,446.51,132,59
2026-04-17,P008,Winter Jacket,Outerwear,Düsseldorf,28,18,188.35,5273.93,87,53
2026-04-17,P008,Winter Jacket,Outerwear,Essen,27,16,164.65,4445.68,64,43
2026-04-17,P008,Winter Jacket,Outerwear,Köln,6,3,131.0,786.0,81,56
2026-04-17,P008,Winter Jacket,Outerwear,München,20,14,145.3,2906.03,64,32
2026-04-17,P008,Winter Jacket,Outerwear,Berlin,14,9,117.46,1644.46,111,46
2026-04-17,P009,Blazer,Outerwear,Düsseldorf,3,2,84.02,252.06,126,46
2026-04-17,P009,Blazer,Outerwear,Essen,27,13,160.88,4343.66,92,36
2026-04-17,P009,Blazer,Outerwear,Köln,25,21,90.54,2263.57,107,42
2026-04-17,P009,Blazer,Outerwear,München,25,13,149.52,3738.1,65,51
2026-04-17,P009,Blazer,Outerwear,Berlin,9,6,219.03,1971.23,90,58
2026-04-17,P010,Sports Hoodie,Sportswear,Düsseldorf,13,5,80.18,1042.29,82,44
2026-04-17,P010,Sports Hoodie,Sportswear,Essen,18,8,95.33,1715.98,126,29
2026-04-17,P010,Sports Hoodie,Sportswear,Köln,27,20,101.92,2751.88,106,40
2026-04-17,P010,Sports Hoodie,Sportswear,München,14,7,108.03,1512.39,55,43
2026-04-17,P010,Sports Hoodie,Sportswear,Berlin,16,8,60.65,970.45,115,46
2026-04-18,P001,Basic T-Shirt,Clothing,Düsseldorf,6,3,57.65,345.92,133,44
2026-04-18,P001,Basic T-Shirt,Clothing,Essen,17,6,35.23,598.86,64,39
2026-04-18,P001,Basic T-Shirt,Clothing,Köln,22,12,75.4,1658.89,35,55
2026-04-18,P001,Basic T-Shirt,Clothing,München,6,4,35.84,215.02,114,46
2026-04-18,P001,Basic T-Shirt,Clothing,Berlin,15,7,76.53,1147.89,61,54
2026-04-18,P002,Slim Jeans,Clothing,Düsseldorf,19,9,27.53,523.02,104,49
2026-04-18,P002,Slim Jeans,Clothing,Essen,3,1,67.66,202.98,77,51
2026-04-18,P002,Slim Jeans,Clothing,Köln,15,7,51.26,768.94,100,58
2026-04-18,P002,Slim Jeans,Clothing,München,27,16,38.9,1050.27,57,31
2026-04-18,P002,Slim Jeans,Clothing,Berlin,11,4,26.94,296.38,77,34
2026-04-18,P003,Summer Dress,Clothing,Düsseldorf,10,5,49.87,498.7,153,54
2026-04-18,P003,Summer Dress,Clothing,Essen,26,16,30.48,792.4,55,35
2026-04-18,P003,Summer Dress,Clothing,Köln,11,5,43.66,480.21,105,33
2026-04-18,P003,Summer Dress,Clothing,München,8,6,65.26,522.12,100,57
2026-04-18,P003,Summer Dress,Clothing,Berlin,15,7,56.16,842.4,105,55
2026-04-18,P004,Sneakers,Shoes,Düsseldorf,16,8,141.62,2265.96,122,52
2026-04-18,P004,Sneakers,Shoes,Essen,31,13,67.38,2088.72,44,40
2026-04-18,P004,Sneakers,Shoes,Köln,8,4,60.29,482.28,78,57
2026-04-18,P004,Sneakers,Shoes,München,27,11,108.58,2931.61,7,58
2026-04-18,P004,Sneakers,Shoes,Berlin,30,13,128.08,3842.34,116,46
2026-04-18,P005,Leather Boots,Shoes,Düsseldorf,20,16,92.12,1842.34,128,26
2026-04-18,P005,Leather Boots,Shoes,Essen,8,3,80.8,646.4,117,29
2026-04-18,P005,Leather Boots,Shoes,Köln,21,10,55.9,1173.9,85,48
2026-04-18,P005,Leather Boots,Shoes,München,10,4,55.22,552.22,85,28
2026-04-18,P005,Leather Boots,Shoes,Berlin,20,13,70.1,1401.9,97,41
2026-04-18,P006,Handbag,Accessories,Düsseldorf,5,2,21.94,109.69,91,46
2026-04-18,P006,Handbag,Accessories,Essen,21,14,56.53,1187.03,118,43
2026-04-18,P006,Handbag,Accessories,Köln,12,6,62.82,753.85,115,57
2026-04-18,P006,Handbag,Accessories,München,20,11,33.01,660.25,91,42
2026-04-18,P006,Handbag,Accessories,Berlin,22,8,58.07,1277.63,72,44
2026-04-18,P007,Belt,Accessories,Düsseldorf,19,11,93.87,1783.6,102,48
2026-04-18,P007,Belt,Accessories,Essen,27,17,74.02,1998.6,82,58
2026-04-18,P007,Belt,Accessories,Köln,16,7,89.1,1425.64,55,26
2026-04-18,P007,Belt,Accessories,München,24,10,88.9,2133.59,66,58
2026-04-18,P007,Belt,Accessories,Berlin,14,8,72.12,1009.72,131,56
2026-04-18,P008,Winter Jacket,Outerwear,Düsseldorf,15,6,103.69,1555.31,97,57
2026-04-18,P008,Winter Jacket,Outerwear,Essen,13,8,192.9,2507.75,114,36
2026-04-18,P008,Winter Jacket,Outerwear,Köln,0,1,173.17,0.0,101,51
2026-04-18,P008,Winter Jacket,Outerwear,München,6,2,100.29,601.71,91,57
2026-04-18,P008,Winter Jacket,Outerwear,Berlin,6,2,88.01,528.05,136,53
2026-04-18,P009,Blazer,Outerwear,Düsseldorf,20,8,80.55,1611.0,102,54
2026-04-18,P009,Blazer,Outerwear,Essen,14,6,177.4,2483.62,98,46
2026-04-18,P009,Blazer,Outerwear,Köln,13,10,149.4,1942.16,93,37
2026-04-18,P009,Blazer,Outerwear,München,23,13,178.1,4096.4,43,57
2026-04-18,P009,Blazer,Outerwear,Berlin,8,6,150.32,1202.58,116,35
2026-04-18,P010,Sports Hoodie,Sportswear,Düsseldorf,17,7,60.46,1027.82,113,55
2026-04-18,P010,Sports Hoodie,Sportswear,Essen,10,4,91.65,916.46,100,48
2026-04-18,P010,Sports Hoodie,Sportswear,Köln,0,1,83.32,0.0,196,53
2026-04-18,P010,Sports Hoodie,Sportswear,München,28,17,40.93,1145.97,77,29
2026-04-18,P010,Sports Hoodie,Sportswear,Berlin,7,3,36.75,257.27,127,44
2026-04-19,P001,Basic T-Shirt,Clothing,Düsseldorf,7,3,77.42,541.97,109,44
2026-04-19,P001,Basic T-Shirt,Clothing,Essen,32,14,23.16,741.13,139,49
2026-04-19,P001,Basic T-Shirt,Clothing,Köln,11,5,60.11,661.18,122,56
2026-04-19,P001,Basic T-Shirt,Clothing,München,5,2,40.54,202.69,79,56
2026-04-19,P001,Basic T-Shirt,Clothing,Berlin,16,11,59.79,956.7,94,48
2026-04-19,P002,Slim Jeans,Clothing,Düsseldorf,22,15,56.07,1233.54,86,53
2026-04-19,P002,Slim Jeans,Clothing,Essen,30,18,40.3,1209.0,114,34
2026-04-19,P002,Slim Jeans,Clothing,Köln,7,4,29.27,204.92,95,27
2026-04-19,P002,Slim Jeans,Clothing,München,30,23,34.51,1035.37,57,47
2026-04-19,P002,Slim Jeans,Clothing,Berlin,17,6,67.75,1151.76,135,38
2026-04-19,P003,Summer Dress,Clothing,Düsseldorf,12,5,74.83,897.93,144,47
2026-04-19,P003,Summer Dress,Clothing,Essen,20,15,41.44,828.86,93,49
2026-04-19,P003,Summer Dress,Clothing,Köln,25,19,75.87,1896.77,134,34
2026-04-19,P003,Summer Dress,Clothing,München,33,14,75.28,2484.4,54,52
2026-04-19,P003,Summer Dress,Clothing,Berlin,30,18,74.27,2228.1,75,39
2026-04-19,P004,Sneakers,Shoes,Düsseldorf,28,11,62.94,1762.36,61,57
2026-04-19,P004,Sneakers,Shoes,Essen,22,13,135.41,2978.96,64,59
2026-04-19,P004,Sneakers,Shoes,Köln,20,8,129.15,2583.08,74,59
2026-04-19,P004,Sneakers,Shoes,München,29,21,61.45,1782.05,102,47
2026-04-19,P004,Sneakers,Shoes,Berlin,5,2,119.25,596.23,160,59
2026-04-19,P005,Leather Boots,Shoes,Düsseldorf,28,20,112.63,3153.67,67,37
2026-04-19,P005,Leather Boots,Shoes,Essen,14,7,110.01,1540.2,122,47
2026-04-19,P005,Leather Boots,Shoes,Köln,19,7,117.01,2223.21,80,48
2026-04-19,P005,Leather Boots,Shoes,München,23,20,117.91,2712.04,78,35
2026-04-19,P005,Leather Boots,Shoes,Berlin,19,10,130.13,2472.38,102,35
2026-04-19,P006,Handbag,Accessories,Düsseldorf,22,18,74.11,1630.42,60,27
2026-04-19,P006,Handbag,Accessories,Essen,10,7,19.04,190.36,98,55
2026-04-19,P006,Handbag,Accessories,Köln,20,8,81.77,1635.39,107,54
2026-04-19,P006,Handbag,Accessories,München,22,13,66.14,1455.16,64,31
2026-04-19,P006,Handbag,Accessories,Berlin,24,9,80.74,1937.8,145,34
2026-04-19,P007,Belt,Accessories,Düsseldorf,34,21,70.95,2412.32,59,39
2026-04-19,P007,Belt,Accessories,Essen,33,26,94.5,3118.57,59,59
2026-04-19,P007,Belt,Accessories,Köln,1,1,93.58,93.58,79,31
2026-04-19,P007,Belt,Accessories,München,22,18,82.04,1804.88,62,36
2026-04-19,P007,Belt,Accessories,Berlin,4,1,41.38,165.52,105,27
2026-04-19,P008,Winter Jacket,Outerwear,Düsseldorf,12,5,209.53,2514.33,94,57
2026-04-19,P008,Winter Jacket,Outerwear,Essen,18,7,199.75,3595.43,58,30
2026-04-19,P008,Winter Jacket,Outerwear,Köln,0,1,188.19,0.0,137,41
2026-04-19,P008,Winter Jacket,Outerwear,München,21,12,194.3,4080.2,122,35
2026-04-19,P008,Winter Jacket,Outerwear,Berlin,19,10,176.14,3346.62,124,55
2026-04-19,P009,Blazer,Outerwear,Düsseldorf,11,7,82.06,902.71,91,29
2026-04-19,P009,Blazer,Outerwear,Essen,10,6,187.97,1879.73,79,42
2026-04-19,P009,Blazer,Outerwear,Köln,8,4,175.27,1402.15,101,42
2026-04-19,P009,Blazer,Outerwear,München,23,11,187.82,4319.79,73,38
2026-04-19,P009,Blazer,Outerwear,Berlin,19,11,149.29,2836.57,67,48
2026-04-19,P010,Sports Hoodie,Sportswear,Düsseldorf,17,10,71.83,1221.14,93,54
2026-04-19,P010,Sports Hoodie,Sportswear,Essen,20,9,89.27,1785.38,82,50
2026-04-19,P010,Sports Hoodie,Sportswear,Köln,23,12,53.57,1232.15,125,35
2026-04-19,P010,Sports Hoodie,Sportswear,München,30,23,46.23,1387.0,75,50
2026-04-19,P010,Sports Hoodie,Sportswear,Berlin,22,15,92.05,2025.04,83,33
2026-04-20,P001,Basic T-Shirt,Clothing,Düsseldorf,5,2,60.32,301.62,112,43
2026-04-20,P001,Basic T-Shirt,Clothing,Essen,33,14,49.9,1646.61,74,28
2026-04-20,P001,Basic T-Shirt,Clothing,Köln,25,10,69.91,1747.67,80,50
2026-04-20,P001,Basic T-Shirt,Clothing,München,0,1,43.53,0.0,144,59
2026-04-20,P001,Basic T-Shirt,Clothing,Berlin,10,5,47.37,473.69,131,55
2026-04-20,P002,Slim Jeans,Clothing,Düsseldorf,19,16,20.48,389.11,103,57
2026-04-20,P002,Slim Jeans,Clothing,Essen,9,4,40.49,364.41,90,35
2026-04-20,P002,Slim Jeans,Clothing,Köln,26,12,39.88,1036.94,76,47
2026-04-20,P002,Slim Jeans,Clothing,München,0,1,39.11,0.0,126,50
2026-04-20,P002,Slim Jeans,Clothing,Berlin,6,2,53.82,322.95,125,42
2026-04-20,P003,Summer Dress,Clothing,Düsseldorf,15,11,51.65,774.75,118,44
2026-04-20,P003,Summer Dress,Clothing,Essen,8,4,69.78,558.23,117,40
2026-04-20,P003,Summer Dress,Clothing,Köln,23,18,35.68,820.57,85,39
2026-04-20,P003,Summer Dress,Clothing,München,0,1,75.33,0.0,109,52
2026-04-20,P003,Summer Dress,Clothing,Berlin,14,8,41.01,574.08,64,41
2026-04-20,P004,Sneakers,Shoes,Düsseldorf,15,9,137.26,2058.9,88,51
2026-04-20,P004,Sneakers,Shoes,Essen,27,23,66.53,1796.29,90,53
2026-04-20,P004,Sneakers,Shoes,Köln,16,9,86.0,1375.96,48,30
2026-04-20,P004,Sneakers,Shoes,München,11,7,67.95,747.45,95,33
2026-04-20,P004,Sneakers,Shoes,Berlin,20,9,116.16,2323.16,109,46
2026-04-20,P005,Leather Boots,Shoes,Düsseldorf,10,4,112.49,1124.88,112,39
2026-04-20,P005,Leather Boots,Shoes,Essen,15,6,95.26,1428.86,116,36
2026-04-20,P005,Leather Boots,Shoes,Köln,17,12,80.89,1375.08,128,53
2026-04-20,P005,Leather Boots,Shoes,München,23,19,50.31,1157.05,100,36
2026-04-20,P005,Leather Boots,Shoes,Berlin,9,5,103.31,929.77,116,33
2026-04-20,P006,Handbag,Accessories,Düsseldorf,8,4,45.63,365.0,112,33
2026-04-20,P006,Handbag,Accessories,Essen,3,1,36.49,109.48,132,59
2026-04-20,P006,Handbag,Accessories,Köln,10,4,51.6,516.01,97,45
2026-04-20,P006,Handbag,Accessories,München,22,11,50.52,1111.5,97,31
2026-04-20,P006,Handbag,Accessories,Berlin,31,23,85.93,2663.71,54,52
2026-04-20,P007,Belt,Accessories,Düsseldorf,10,6,66.8,667.97,105,49
2026-04-20,P007,Belt,Accessories,Essen,11,4,74.98,824.77,101,33
2026-04-20,P007,Belt,Accessories,Köln,25,17,33.21,830.26,56,56
2026-04-20,P007,Belt,Accessories,München,24,20,62.18,1492.38,109,55
2026-04-20,P007,Belt,Accessories,Berlin,33,13,36.68,1210.4,108,36
2026-04-20,P008,Winter Jacket,Outerwear,Düsseldorf,27,13,88.81,2397.82,97,56
2026-04-20,P008,Winter Jacket,Outerwear,Essen,25,13,80.26,2006.6,57,42
2026-04-20,P008,Winter Jacket,Outerwear,Köln,16,12,158.37,2533.93,90,56
2026-04-20,P008,Winter Jacket,Outerwear,München,16,9,152.61,2441.69,140,31
2026-04-20,P008,Winter Jacket,Outerwear,Berlin,22,14,147.24,3239.27,103,27
2026-04-20,P009,Blazer,Outerwear,Düsseldorf,10,5,213.29,2132.95,68,46
2026-04-20,P009,Blazer,Outerwear,Essen,4,3,167.93,671.73,137,45
2026-04-20,P009,Blazer,Outerwear,Köln,12,7,92.61,1111.33,76,35
2026-04-20,P009,Blazer,Outerwear,München,10,6,121.65,1216.47,119,33
2026-04-20,P009,Blazer,Outerwear,Berlin,4,2,209.08,836.32,77,32
2026-04-20,P010,Sports Hoodie,Sportswear,Düsseldorf,25,14,30.42,760.57,81,43
2026-04-20,P010,Sports Hoodie,Sportswear,Essen,16,10,31.24,499.8,76,59
2026-04-20,P010,Sports Hoodie,Sportswear,Köln,18,9,83.11,1496.02,91,52
2026-04-20,P010,Sports Hoodie,Sportswear,München,3,2,76.73,230.2,120,46
2026-04-20,P010,Sports Hoodie,Sportswear,Berlin,19,14,36.91,701.21,91,40
2026-04-21,P001,Basic T-Shirt,Clothing,Düsseldorf,17,11,45.85,779.46,65,57
2026-04-21,P001,Basic T-Shirt,Clothing,Essen,2,1,42.4,84.81,160,38
2026-04-21,P001,Basic T-Shirt,Clothing,Köln,16,7,36.24,579.82,56,25
2026-04-21,P001,Basic T-Shirt,Clothing,München,28,13,52.95,1482.49,62,45
2026-04-21,P001,Basic T-Shirt,Clothing,Berlin,19,15,72.94,1385.78,104,42
2026-04-21,P002,Slim Jeans,Clothing,Düsseldorf,6,2,72.72,436.32,115,26
2026-04-21,P002,Slim Jeans,Clothing,Essen,18,10,25.62,461.07,67,46
2026-04-21,P002,Slim Jeans,Clothing,Köln,30,15,49.14,1474.18,50,55
2026-04-21,P002,Slim Jeans,Clothing,München,4,3,44.83,179.31,141,27
2026-04-21,P002,Slim Jeans,Clothing,Berlin,17,13,71.65,1218.09,87,39
2026-04-21,P003,Summer Dress,Clothing,Düsseldorf,6,3,28.08,168.48,103,47
2026-04-21,P003,Summer Dress,Clothing,Essen,12,5,53.5,642.01,98,46
2026-04-21,P003,Summer Dress,Clothing,Köln,32,25,44.46,1422.67,67,28
2026-04-21,P003,Summer Dress,Clothing,München,25,12,59.45,1486.27,87,45
2026-04-21,P003,Summer Dress,Clothing,Berlin,13,5,35.8,465.35,124,44
2026-04-21,P004,Sneakers,Shoes,Düsseldorf,12,7,136.15,1633.81,156,41
2026-04-21,P004,Sneakers,Shoes,Essen,14,10,134.84,1887.76,75,30
2026-04-21,P004,Sneakers,Shoes,Köln,16,12,81.17,1298.69,82,39
2026-04-21,P004,Sneakers,Shoes,München,10,7,140.41,1404.14,117,42
2026-04-21,P004,Sneakers,Shoes,Berlin,12,4,89.96,1079.55,130,39
2026-04-21,P005,Leather Boots,Shoes,Düsseldorf,18,13,124.6,2242.82,71,56
2026-04-21,P005,Leather Boots,Shoes,Essen,16,6,134.85,2157.67,43,51
2026-04-21,P005,Leather Boots,Shoes,Köln,10,6,74.99,749.85,129,36
2026-04-21,P005,Leather Boots,Shoes,München,6,2,62.55,375.3,109,43
2026-04-21,P005,Leather Boots,Shoes,Berlin,21,13,51.94,1090.8,68,59
2026-04-21,P006,Handbag,Accessories,Düsseldorf,11,4,49.86,548.47,84,59
2026-04-21,P006,Handbag,Accessories,Essen,31,22,22.67,702.66,132,25
2026-04-21,P006,Handbag,Accessories,Köln,12,6,92.88,1114.54,88,45
2026-04-21,P006,Handbag,Accessories,München,30,23,89.49,2684.73,53,25
2026-04-21,P006,Handbag,Accessories,Berlin,12,5,72.67,872.03,68,50
2026-04-21,P007,Belt,Accessories,Düsseldorf,28,15,74.34,2081.65,74,53
2026-04-21,P007,Belt,Accessories,Essen,9,7,60.59,545.33,126,32
2026-04-21,P007,Belt,Accessories,Köln,0,1,86.89,0.0,107,33
2026-04-21,P007,Belt,Accessories,München,19,8,50.92,967.5,111,27
2026-04-21,P007,Belt,Accessories,Berlin,29,14,20.37,590.6,62,27
2026-04-21,P008,Winter Jacket,Outerwear,Düsseldorf,12,9,123.79,1485.5,72,54
2026-04-21,P008,Winter Jacket,Outerwear,Essen,20,10,102.9,2058.05,79,38
2026-04-21,P008,Winter Jacket,Outerwear,Köln,20,9,98.9,1978.1,52,51
2026-04-21,P008,Winter Jacket,Outerwear,München,27,22,136.23,3678.22,113,58
2026-04-21,P008,Winter Jacket,Outerwear,Berlin,6,4,207.07,1242.44,40,36
2026-04-21,P009,Blazer,Outerwear,Düsseldorf,14,11,158.46,2218.4,73,32
2026-04-21,P009,Blazer,Outerwear,Essen,25,15,195.86,4896.5,70,35
2026-04-21,P009,Blazer,Outerwear,Köln,0,1,189.2,0.0,82,54
2026-04-21,P009,Blazer,Outerwear,München,31,22,141.89,4398.49,50,49
2026-04-21,P009,Blazer,Outerwear,Berlin,11,4,126.01,1386.1,44,59
2026-04-21,P010,Sports Hoodie,Sportswear,Düsseldorf,5,2,69.52,347.62,114,35
2026-04-21,P010,Sports Hoodie,Sportswear,Essen,27,21,97.87,2642.61,86,37
2026-04-21,P010,Sports Hoodie,Sportswear,Köln,0,1,118.07,0.0,87,27
2026-04-21,P010,Sports Hoodie,Sportswear,München,17,8,105.11,1786.86,91,55
2026-04-21,P010,Sports Hoodie,Sportswear,Berlin,37,29,92.73,3431.0,30,49
2026-04-22,P001,Basic T-Shirt,Clothing,Düsseldorf,27,11,56.39,1522.44,65,47
2026-04-22,P001,Basic T-Shirt,Clothing,Essen,13,11,41.23,536.04,111,51
2026-04-22,P001,Basic T-Shirt,Clothing,Köln,27,13,40.07,1082.02,95,46
2026-04-22,P001,Basic T-Shirt,Clothing,München,9,6,37.7,339.3,130,45
2026-04-22,P001,Basic T-Shirt,Clothing,Berlin,28,13,20.88,584.7,117,52
2026-04-22,P002,Slim Jeans,Clothing,Düsseldorf,15,8,62.63,939.45,97,52
2026-04-22,P002,Slim Jeans,Clothing,Essen,30,21,63.54,1906.19,96,52
2026-04-22,P002,Slim Jeans,Clothing,Köln,28,12,74.76,2093.15,105,28
2026-04-22,P002,Slim Jeans,Clothing,München,15,7,62.94,944.1,76,44
2026-04-22,P002,Slim Jeans,Clothing,Berlin,11,9,36.83,405.18,76,29
2026-04-22,P003,Summer Dress,Clothing,Düsseldorf,18,12,59.27,1066.87,109,44
2026-04-22,P003,Summer Dress,Clothing,Essen,13,6,50.37,654.87,90,41
2026-04-22,P003,Summer Dress,Clothing,Köln,10,6,31.38,313.79,98,50
2026-04-22,P003,Summer Dress,Clothing,München,14,5,42.31,592.35,97,56
2026-04-22,P003,Summer Dress,Clothing,Berlin,26,12,70.35,1829.01,91,41
2026-04-22,P004,Sneakers,Shoes,Düsseldorf,11,5,106.26,1168.88,92,50
2026-04-22,P004,Sneakers,Shoes,Essen,35,26,105.02,3675.67,57,46
2026-04-22,P004,Sneakers,Shoes,Köln,12,7,61.01,732.13,117,42
2026-04-22,P004,Sneakers,Shoes,München,22,14,78.66,1730.6,61,43
2026-04-22,P004,Sneakers,Shoes,Berlin,16,10,132.52,2120.27,42,55
2026-04-22,P005,Leather Boots,Shoes,Düsseldorf,24,15,96.66,2319.82,40,32
2026-04-22,P005,Leather Boots,Shoes,Essen,6,4,76.56,459.35,98,42
2026-04-22,P005,Leather Boots,Shoes,Köln,6,2,57.49,344.92,97,56
2026-04-22,P005,Leather Boots,Shoes,München,17,10,71.07,1208.14,0,58
2026-04-22,P005,Leather Boots,Shoes,Berlin,22,11,79.47,1748.24,86,28
2026-04-22,P006,Handbag,Accessories,Düsseldorf,32,14,88.16,2821.01,37,47
2026-04-22,P006,Handbag,Accessories,Essen,8,5,86.55,692.36,87,45
2026-04-22,P006,Handbag,Accessories,Köln,19,7,47.62,904.86,72,59
2026-04-22,P006,Handbag,Accessories,München,22,13,97.07,2135.57,73,52
2026-04-22,P006,Handbag,Accessories,Berlin,10,4,20.23,202.29,95,41
2026-04-22,P007,Belt,Accessories,Düsseldorf,8,4,46.48,371.81,135,58
2026-04-22,P007,Belt,Accessories,Essen,18,12,58.88,1059.8,82,25
2026-04-22,P007,Belt,Accessories,Köln,8,3,35.54,284.29,126,37
2026-04-22,P007,Belt,Accessories,München,10,4,34.99,349.91,121,31
2026-04-22,P007,Belt,Accessories,Berlin,10,4,50.64,506.4,62,49
2026-04-22,P008,Winter Jacket,Outerwear,Düsseldorf,3,2,154.7,464.1,153,46
2026-04-22,P008,Winter Jacket,Outerwear,Essen,0,1,176.48,0.0,71,28
2026-04-22,P008,Winter Jacket,Outerwear,Köln,18,13,211.54,3807.67,98,29
2026-04-22,P008,Winter Jacket,Outerwear,München,15,13,204.04,3060.65,121,35
2026-04-22,P008,Winter Jacket,Outerwear,Berlin,12,10,94.75,1137.01,24,29
2026-04-22,P009,Blazer,Outerwear,Düsseldorf,20,9,193.1,3862.03,60,41
2026-04-22,P009,Blazer,Outerwear,Essen,13,10,193.79,2519.29,105,34
2026-04-22,P009,Blazer,Outerwear,Köln,11,4,162.74,1790.19,98,41
2026-04-22,P009,Blazer,Outerwear,München,17,10,110.58,1879.86,75,40
2026-04-22,P009,Blazer,Outerwear,Berlin,26,20,114.06,2965.63,77,58
2026-04-22,P010,Sports Hoodie,Sportswear,Düsseldorf,19,9,101.55,1929.45,104,27
2026-04-22,P010,Sports Hoodie,Sportswear,Essen,8,6,110.13,881.06,113,37
2026-04-22,P010,Sports Hoodie,Sportswear,Köln,26,12,102.54,2666.06,73,25
2026-04-22,P010,Sports Hoodie,Sportswear,München,3,1,92.73,278.18,122,41
2026-04-22,P010,Sports Hoodie,Sportswear,Berlin,14,6,92.51,1295.11,115,38
2026-04-23,P001,Basic T-Shirt,Clothing,Düsseldorf,9,7,57.08,513.73,101,36
2026-04-23,P001,Basic T-Shirt,Clothing,Essen,11,5,33.22,365.44,88,30
2026-04-23,P001,Basic T-Shirt,Clothing,Köln,1,1,32.11,32.11,118,32
2026-04-23,P001,Basic T-Shirt,Clothing,München,18,13,61.62,1109.19,84,40
2026-04-23,P001,Basic T-Shirt,Clothing,Berlin,38,22,70.3,2671.52,56,59
2026-04-23,P002,Slim Jeans,Clothing,Düsseldorf,25,22,35.86,896.55,101,34
2026-04-23,P002,Slim Jeans,Clothing,Essen,19,12,42.42,805.94,125,49
2026-04-23,P002,Slim Jeans,Clothing,Köln,32,16,48.15,1540.96,59,56
2026-04-23,P002,Slim Jeans,Clothing,München,16,6,57.6,921.52,71,52
2026-04-23,P002,Slim Jeans,Clothing,Berlin,33,23,78.92,2604.52,6,36
2026-04-23,P003,Summer Dress,Clothing,Düsseldorf,30,24,69.19,2075.8,95,48
2026-04-23,P003,Summer Dress,Clothing,Essen,29,12,56.75,1645.86,73,40
2026-04-23,P003,Summer Dress,Clothing,Köln,5,3,20.49,102.44,108,53
2026-04-23,P003,Summer Dress,Clothing,München,26,10,54.59,1419.44,82,50
2026-04-23,P003,Summer Dress,Clothing,Berlin,22,10,51.73,1138.03,127,27
2026-04-23,P004,Sneakers,Shoes,Düsseldorf,15,6,81.08,1216.23,120,29
2026-04-23,P004,Sneakers,Shoes,Essen,12,5,57.58,690.95,88,57
2026-04-23,P004,Sneakers,Shoes,Köln,5,3,52.65,263.25,66,50
2026-04-23,P004,Sneakers,Shoes,München,19,17,53.79,1022.05,82,31
2026-04-23,P004,Sneakers,Shoes,Berlin,2,1,124.83,249.66,103,35
2026-04-23,P005,Leather Boots,Shoes,Düsseldorf,25,11,147.23,3680.73,69,36
2026-04-23,P005,Leather Boots,Shoes,Essen,7,3,134.2,939.37,126,53
2026-04-23,P005,Leather Boots,Shoes,Köln,2,1,96.45,192.9,171,36
2026-04-23,P005,Leather Boots,Shoes,München,16,10,132.27,2116.33,100,27
2026-04-23,P005,Leather Boots,Shoes,Berlin,13,10,136.15,1769.95,101,42
2026-04-23,P006,Handbag,Accessories,Düsseldorf,14,8,76.9,1076.56,115,36
2026-04-23,P006,Handbag,Accessories,Essen,6,3,57.95,347.72,131,28
2026-04-23,P006,Handbag,Accessories,Köln,21,9,51.81,1088.0,78,41
2026-04-23,P006,Handbag,Accessories,München,2,1,73.75,147.49,130,38
2026-04-23,P006,Handbag,Accessories,Berlin,13,6,75.61,982.99,111,31
2026-04-23,P007,Belt,Accessories,Düsseldorf,33,24,41.49,1369.18,41,42
2026-04-23,P007,Belt,Accessories,Essen,5,2,49.36,246.79,129,59
2026-04-23,P007,Belt,Accessories,Köln,19,13,95.31,1810.95,92,58
2026-04-23,P007,Belt,Accessories,München,12,6,63.83,765.97,84,55
2026-04-23,P007,Belt,Accessories,Berlin,17,13,27.21,462.56,74,35
2026-04-23,P008,Winter Jacket,Outerwear,Düsseldorf,11,8,98.76,1086.38,93,46
2026-04-23,P008,Winter Jacket,Outerwear,Essen,25,19,191.03,4775.85,64,51
2026-04-23,P008,Winter Jacket,Outerwear,Köln,5,3,97.33,486.65,142,25
2026-04-23,P008,Winter Jacket,Outerwear,München,13,5,98.72,1283.32,78,55
2026-04-23,P008,Winter Jacket,Outerwear,Berlin,36,15,180.17,6486.27,86,53
2026-04-23,P009,Blazer,Outerwear,Düsseldorf,7,4,99.08,693.57,98,43
2026-04-23,P009,Blazer,Outerwear,Essen,20,10,107.43,2148.64,105,30
2026-04-23,P009,Blazer,Outerwear,Köln,5,2,218.89,1094.43,101,46
2026-04-23,P009,Blazer,Outerwear,München,13,9,144.24,1875.17,93,45
2026-04-23,P009,Blazer,Outerwear,Berlin,6,3,81.26,487.56,104,59
2026-04-23,P010,Sports Hoodie,Sportswear,Düsseldorf,7,3,116.01,812.09,88,51
2026-04-23,P010,Sports Hoodie,Sportswear,Essen,0,1,40.49,0.0,116,31
2026-04-23,P010,Sports Hoodie,Sportswear,Köln,31,12,33.64,1042.86,69,44
2026-04-23,P010,Sports Hoodie,Sportswear,München,18,13,102.07,1837.25,54,44
2026-04-23,P010,Sports Hoodie,Sportswear,Berlin,15,7,66.07,991.05,72,43
2026-04-24,P001,Basic T-Shirt,Clothing,Düsseldorf,17,14,79.84,1357.25,117,26
2026-04-24,P001,Basic T-Shirt,Clothing,Essen,20,14,59.91,1198.11,38,48
2026-04-24,P001,Basic T-Shirt,Clothing,Köln,28,23,73.78,2065.98,98,48
2026-04-24,P001,Basic T-Shirt,Clothing,München,22,17,46.48,1022.51,103,31
2026-04-24,P001,Basic T-Shirt,Clothing,Berlin,1,1,58.37,58.37,116,47
2026-04-24,P002,Slim Jeans,Clothing,Düsseldorf,27,19,53.0,1430.93,64,56
2026-04-24,P002,Slim Jeans,Clothing,Essen,10,5,47.7,477.04,69,36
2026-04-24,P002,Slim Jeans,Clothing,Köln,9,3,45.72,411.44,90,28
2026-04-24,P002,Slim Jeans,Clothing,München,6,3,42.56,255.33,128,38
2026-04-24,P002,Slim Jeans,Clothing,Berlin,16,11,62.2,995.27,89,26
2026-04-24,P003,Summer Dress,Clothing,Düsseldorf,22,8,70.9,1559.84,97,29
2026-04-24,P003,Summer Dress,Clothing,Essen,12,7,25.5,305.98,112,55
2026-04-24,P003,Summer Dress,Clothing,Köln,15,6,21.87,328.12,131,51
2026-04-24,P003,Summer Dress,Clothing,München,8,6,59.84,478.72,105,59
2026-04-24,P003,Summer Dress,Clothing,Berlin,22,10,38.44,845.7,110,47
2026-04-24,P004,Sneakers,Shoes,Düsseldorf,17,8,80.62,1370.48,70,57
2026-04-24,P004,Sneakers,Shoes,Essen,10,4,60.96,609.64,105,36
2026-04-24,P004,Sneakers,Shoes,Köln,14,8,107.6,1506.37,86,38
2026-04-24,P004,Sneakers,Shoes,München,24,12,108.47,2603.36,82,32
2026-04-24,P004,Sneakers,Shoes,Berlin,8,4,69.39,555.12,120,47
2026-04-24,P005,Leather Boots,Shoes,Düsseldorf,17,12,79.52,1351.85,105,41
2026-04-24,P005,Leather Boots,Shoes,Essen,21,8,116.47,2445.84,74,42
2026-04-24,P005,Leather Boots,Shoes,Köln,4,1,148.69,594.77,124,35
2026-04-24,P005,Leather Boots,Shoes,München,24,12,117.14,2811.27,87,44
2026-04-24,P005,Leather Boots,Shoes,Berlin,18,8,130.51,2349.09,126,51
2026-04-24,P006,Handbag,Accessories,Düsseldorf,4,1,59.55,238.21,105,53
2026-04-24,P006,Handbag,Accessories,Essen,18,8,76.36,1374.57,139,37
2026-04-24,P006,Handbag,Accessories,Köln,21,9,83.74,1758.61,83,45
2026-04-24,P006,Handbag,Accessories,München,0,1,78.77,0.0,130,36
2026-04-24,P006,Handbag,Accessories,Berlin,19,7,20.71,393.44,61,30
2026-04-24,P007,Belt,Accessories,Düsseldorf,16,12,38.21,611.33,93,59
2026-04-24,P007,Belt,Accessories,Essen,19,12,86.98,1652.55,79,39
2026-04-24,P007,Belt,Accessories,Köln,19,15,52.55,998.5,70,48
2026-04-24,P007,Belt,Accessories,München,24,15,16.34,392.15,62,45
2026-04-24,P007,Belt,Accessories,Berlin,24,17,38.85,932.34,91,27
2026-04-24,P008,Winter Jacket,Outerwear,Düsseldorf,19,16,99.52,1890.92,98,35
2026-04-24,P008,Winter Jacket,Outerwear,Essen,25,15,201.85,5046.26,139,51
2026-04-24,P008,Winter Jacket,Outerwear,Köln,16,11,121.26,1940.12,51,32
2026-04-24,P008,Winter Jacket,Outerwear,München,30,15,176.11,5283.42,82,28
2026-04-24,P008,Winter Jacket,Outerwear,Berlin,30,12,91.83,2754.85,104,59
2026-04-24,P009,Blazer,Outerwear,Düsseldorf,16,6,208.29,3332.62,58,42
2026-04-24,P009,Blazer,Outerwear,Essen,25,10,113.17,2829.29,99,36
2026-04-24,P009,Blazer,Outerwear,Köln,10,5,134.11,1341.1,78,51
2026-04-24,P009,Blazer,Outerwear,München,4,2,165.86,663.42,92,44
2026-04-24,P009,Blazer,Outerwear,Berlin,22,9,181.84,4000.37,40,55
2026-04-24,P010,Sports Hoodie,Sportswear,Düsseldorf,17,8,80.0,1359.96,64,37
2026-04-24,P010,Sports Hoodie,Sportswear,Essen,20,13,33.96,679.16,84,28
2026-04-24,P010,Sports Hoodie,Sportswear,Köln,18,8,59.09,1063.66,67,45
2026-04-24,P010,Sports Hoodie,Sportswear,München,0,1,34.2,0.0,131,33
2026-04-24,P010,Sports Hoodie,Sportswear,Berlin,12,6,106.66,1279.87,83,56
2026-04-25,P001,Basic T-Shirt,Clothing,Düsseldorf,10,4,64.22,642.17,117,58
2026-04-25,P001,Basic T-Shirt,Clothing,Essen,17,11,58.51,994.75,110,47
2026-04-25,P001,Basic T-Shirt,Clothing,Köln,7,3,69.85,488.92,97,25
2026-04-25,P001,Basic T-Shirt,Clothing,München,24,13,39.99,959.72,53,50
2026-04-25,P001,Basic T-Shirt,Clothing,Berlin,7,3,39.76,278.29,118,45
2026-04-25,P002,Slim Jeans,Clothing,Düsseldorf,16,9,73.44,1174.98,127,40
2026-04-25,P002,Slim Jeans,Clothing,Essen,16,8,24.52,392.26,105,29
2026-04-25,P002,Slim Jeans,Clothing,Köln,14,7,22.33,312.65,73,56
2026-04-25,P002,Slim Jeans,Clothing,München,19,10,27.44,521.42,116,59
2026-04-25,P002,Slim Jeans,Clothing,Berlin,12,5,34.85,418.23,140,56
2026-04-25,P003,Summer Dress,Clothing,Düsseldorf,17,9,44.45,755.58,82,50
2026-04-25,P003,Summer Dress,Clothing,Essen,25,13,53.84,1346.03,58,49
2026-04-25,P003,Summer Dress,Clothing,Köln,29,26,25.18,730.09,90,57
2026-04-25,P003,Summer Dress,Clothing,München,32,22,48.8,1561.72,51,34
2026-04-25,P003,Summer Dress,Clothing,Berlin,34,15,64.36,2188.07,111,38
2026-04-25,P004,Sneakers,Shoes,Düsseldorf,5,2,146.62,733.11,103,31
2026-04-25,P004,Sneakers,Shoes,Essen,7,5,119.79,838.51,75,42
2026-04-25,P004,Sneakers,Shoes,Köln,10,4,108.51,1085.12,122,28
2026-04-25,P004,Sneakers,Shoes,München,26,13,50.14,1303.7,103,55
2026-04-25,P004,Sneakers,Shoes,Berlin,20,9,95.28,1905.69,86,30
2026-04-25,P005,Leather Boots,Shoes,Düsseldorf,20,11,72.28,1445.61,102,42
2026-04-25,P005,Leather Boots,Shoes,Essen,20,8,114.18,2283.56,82,29
2026-04-25,P005,Leather Boots,Shoes,Köln,5,2,85.75,428.74,91,57
2026-04-25,P005,Leather Boots,Shoes,München,24,15,128.36,3080.58,98,38
2026-04-25,P005,Leather Boots,Shoes,Berlin,7,4,132.25,925.75,121,25
2026-04-25,P006,Handbag,Accessories,Düsseldorf,3,1,68.93,206.78,119,57
2026-04-25,P006,Handbag,Accessories,Essen,9,3,81.55,733.92,127,31
2026-04-25,P006,Handbag,Accessories,Köln,25,10,30.37,759.31,65,58
2026-04-25,P006,Handbag,Accessories,München,17,7,39.81,676.78,113,31
2026-04-25,P006,Handbag,Accessories,Berlin,21,15,87.1,1829.2,142,29
2026-04-25,P007,Belt,Accessories,Düsseldorf,20,9,45.83,916.51,40,38
2026-04-25,P007,Belt,Accessories,Essen,15,7,98.63,1479.48,87,54
2026-04-25,P007,Belt,Accessories,Köln,20,12,74.15,1483.0,80,29
2026-04-25,P007,Belt,Accessories,München,7,4,75.03,525.21,122,36
2026-04-25,P007,Belt,Accessories,Berlin,29,22,46.12,1337.49,79,47
2026-04-25,P008,Winter Jacket,Outerwear,Düsseldorf,28,11,188.13,5267.58,76,34
2026-04-25,P008,Winter Jacket,Outerwear,Essen,12,10,200.18,2402.21,105,45
2026-04-25,P008,Winter Jacket,Outerwear,Köln,18,9,215.54,3879.77,90,48
2026-04-25,P008,Winter Jacket,Outerwear,München,11,6,184.0,2023.97,133,35
2026-04-25,P008,Winter Jacket,Outerwear,Berlin,23,12,174.89,4022.43,109,40
2026-04-25,P009,Blazer,Outerwear,Düsseldorf,14,11,106.99,1497.8,111,28
2026-04-25,P009,Blazer,Outerwear,Essen,8,3,83.87,670.94,100,31
2026-04-25,P009,Blazer,Outerwear,Köln,19,9,167.33,3179.21,102,53
2026-04-25,P009,Blazer,Outerwear,München,24,9,81.15,1947.49,39,42
2026-04-25,P009,Blazer,Outerwear,Berlin,18,10,84.06,1513.05,108,39
2026-04-25,P010,Sports Hoodie,Sportswear,Düsseldorf,8,6,73.73,589.87,113,27
2026-04-25,P010,Sports Hoodie,Sportswear,Essen,23,15,55.45,1275.27,95,30
2026-04-25,P010,Sports Hoodie,Sportswear,Köln,25,14,40.2,1004.98,98,31
2026-04-25,P010,Sports Hoodie,Sportswear,München,26,15,67.31,1750.06,67,27
2026-04-25,P010,Sports Hoodie,Sportswear,Berlin,9,5,80.54,724.87,102,25
2026-04-26,P001,Basic T-Shirt,Clothing,Düsseldorf,23,9,51.89,1193.48,109,48
2026-04-26,P001,Basic T-Shirt,Clothing,Essen,9,4,68.15,613.33,100,28
2026-04-26,P001,Basic T-Shirt,Clothing,Köln,12,8,66.54,798.54,155,44
2026-04-26,P001,Basic T-Shirt,Clothing,München,8,5,29.48,235.88,66,51
2026-04-26,P001,Basic T-Shirt,Clothing,Berlin,12,8,72.3,867.58,123,28
2026-04-26,P002,Slim Jeans,Clothing,Düsseldorf,9,4,44.17,397.55,134,41
2026-04-26,P002,Slim Jeans,Clothing,Essen,8,4,63.87,511.0,156,33
2026-04-26,P002,Slim Jeans,Clothing,Köln,28,21,67.42,1887.78,102,44
2026-04-26,P002,Slim Jeans,Clothing,München,15,6,75.91,1138.59,105,28
2026-04-26,P002,Slim Jeans,Clothing,Berlin,17,8,41.04,697.7,68,32
2026-04-26,P003,Summer Dress,Clothing,Düsseldorf,12,9,48.76,585.17,104,44
2026-04-26,P003,Summer Dress,Clothing,Essen,3,1,24.72,74.17,122,43
2026-04-26,P003,Summer Dress,Clothing,Köln,4,2,26.71,106.86,103,52
2026-04-26,P003,Summer Dress,Clothing,München,17,8,79.45,1350.57,79,37
2026-04-26,P003,Summer Dress,Clothing,Berlin,34,15,61.09,2077.22,78,39
2026-04-26,P004,Sneakers,Shoes,Düsseldorf,29,16,94.45,2739.16,139,50
2026-04-26,P004,Sneakers,Shoes,Essen,15,6,57.54,863.13,120,48
2026-04-26,P004,Sneakers,Shoes,Köln,16,7,117.92,1886.74,110,48
2026-04-26,P004,Sneakers,Shoes,München,5,3,112.33,561.66,121,35
2026-04-26,P004,Sneakers,Shoes,Berlin,7,6,82.02,574.13,119,58
2026-04-26,P005,Leather Boots,Shoes,Düsseldorf,16,8,91.14,1458.28,167,26
2026-04-26,P005,Leather Boots,Shoes,Essen,20,11,114.67,2293.45,130,25
2026-04-26,P005,Leather Boots,Shoes,Köln,24,11,111.43,2674.26,82,53
2026-04-26,P005,Leather Boots,Shoes,München,16,10,113.85,1821.63,68,44
2026-04-26,P005,Leather Boots,Shoes,Berlin,0,1,142.29,0.0,133,39
2026-04-26,P006,Handbag,Accessories,Düsseldorf,17,12,16.25,276.29,93,56
2026-04-26,P006,Handbag,Accessories,Essen,10,7,72.09,720.87,77,27
2026-04-26,P006,Handbag,Accessories,Köln,13,11,78.78,1024.16,106,46
2026-04-26,P006,Handbag,Accessories,München,11,5,29.16,320.79,72,59
2026-04-26,P006,Handbag,Accessories,Berlin,28,15,43.43,1215.91,96,32
2026-04-26,P007,Belt,Accessories,Düsseldorf,12,7,16.52,198.18,76,42
2026-04-26,P007,Belt,Accessories,Essen,17,7,55.03,935.51,91,26
2026-04-26,P007,Belt,Accessories,Köln,10,4,22.83,228.3,130,35
2026-04-26,P007,Belt,Accessories,München,22,8,41.06,903.38,68,44
2026-04-26,P007,Belt,Accessories,Berlin,14,8,56.96,797.45,92,59
2026-04-26,P008,Winter Jacket,Outerwear,Düsseldorf,7,5,182.16,1275.13,124,28
2026-04-26,P008,Winter Jacket,Outerwear,Essen,3,1,102.82,308.46,118,50
2026-04-26,P008,Winter Jacket,Outerwear,Köln,20,11,90.3,1805.9,106,52
2026-04-26,P008,Winter Jacket,Outerwear,München,15,7,114.18,1712.67,84,37
2026-04-26,P008,Winter Jacket,Outerwear,Berlin,15,13,140.18,2102.72,131,26
2026-04-26,P009,Blazer,Outerwear,Düsseldorf,35,14,140.89,4931.22,88,38
2026-04-26,P009,Blazer,Outerwear,Essen,27,13,219.6,5929.32,94,27
2026-04-26,P009,Blazer,Outerwear,Köln,4,2,146.74,586.97,122,50
2026-04-26,P009,Blazer,Outerwear,München,4,1,168.53,674.13,112,39
2026-04-26,P009,Blazer,Outerwear,Berlin,27,18,103.6,2797.28,77,38
2026-04-26,P010,Sports Hoodie,Sportswear,Düsseldorf,16,7,43.65,698.4,79,34
2026-04-26,P010,Sports Hoodie,Sportswear,Essen,28,11,88.38,2474.53,74,53
2026-04-26,P010,Sports Hoodie,Sportswear,Köln,6,4,77.74,466.47,86,56
2026-04-26,P010,Sports Hoodie,Sportswear,München,23,10,46.04,1058.98,76,38
2026-04-26,P010,Sports Hoodie,Sportswear,Berlin,13,10,90.24,1173.18,46,46
2026-04-27,P001,Basic T-Shirt,Clothing,Düsseldorf,17,7,29.18,496.05,100,34
2026-04-27,P001,Basic T-Shirt,Clothing,Essen,22,10,31.9,701.79,124,49
2026-04-27,P001,Basic T-Shirt,Clothing,Köln,12,7,36.39,436.63,131,51
2026-04-27,P001,Basic T-Shirt,Clothing,München,29,25,29.41,852.92,114,27
2026-04-27,P001,Basic T-Shirt,Clothing,Berlin,32,16,46.38,1484.17,38,55
2026-04-27,P002,Slim Jeans,Clothing,Düsseldorf,14,6,37.04,518.62,111,59
2026-04-27,P002,Slim Jeans,Clothing,Essen,10,9,65.05,650.52,73,35
2026-04-27,P002,Slim Jeans,Clothing,Köln,0,1,46.19,0.0,147,40
2026-04-27,P002,Slim Jeans,Clothing,München,28,21,23.95,670.52,75,25
2026-04-27,P002,Slim Jeans,Clothing,Berlin,23,11,49.23,1132.22,40,34
2026-04-27,P003,Summer Dress,Clothing,Düsseldorf,7,4,62.77,439.42,106,34
2026-04-27,P003,Summer Dress,Clothing,Essen,15,11,47.64,714.64,109,44
2026-04-27,P003,Summer Dress,Clothing,Köln,1,1,66.76,66.76,120,49
2026-04-27,P003,Summer Dress,Clothing,München,4,1,58.75,234.99,138,55
2026-04-27,P003,Summer Dress,Clothing,Berlin,18,9,72.61,1307.05,108,38
2026-04-27,P004,Sneakers,Shoes,Düsseldorf,7,2,125.04,875.27,89,56
2026-04-27,P004,Sneakers,Shoes,Essen,10,6,59.89,598.93,159,31
2026-04-27,P004,Sneakers,Shoes,Köln,15,6,84.18,1262.65,67,30
2026-04-27,P004,Sneakers,Shoes,München,16,7,100.58,1609.32,128,57
2026-04-27,P004,Sneakers,Shoes,Berlin,13,6,83.57,1086.43,125,46
2026-04-27,P005,Leather Boots,Shoes,Düsseldorf,17,7,113.76,1933.9,38,52
2026-04-27,P005,Leather Boots,Shoes,Essen,7,4,129.5,906.53,100,28
2026-04-27,P005,Leather Boots,Shoes,Köln,24,12,82.52,1980.48,39,31
2026-04-27,P005,Leather Boots,Shoes,München,27,23,96.04,2592.99,108,48
2026-04-27,P005,Leather Boots,Shoes,Berlin,0,1,82.63,0.0,105,29
2026-04-27,P006,Handbag,Accessories,Düsseldorf,0,1,19.8,0.0,112,51
2026-04-27,P006,Handbag,Accessories,Essen,4,3,53.9,215.62,106,47
2026-04-27,P006,Handbag,Accessories,Köln,20,16,65.91,1318.23,90,44
2026-04-27,P006,Handbag,Accessories,München,26,14,94.87,2466.74,114,25
2026-04-27,P006,Handbag,Accessories,Berlin,24,19,96.48,2315.62,101,45
2026-04-27,P007,Belt,Accessories,Düsseldorf,18,9,63.46,1142.28,102,33
2026-04-27,P007,Belt,Accessories,Essen,6,3,69.52,417.12,156,49
2026-04-27,P007,Belt,Accessories,Köln,33,14,18.19,600.21,71,52
2026-04-27,P007,Belt,Accessories,München,2,1,39.6,79.21,77,30
2026-04-27,P007,Belt,Accessories,Berlin,18,10,78.68,1416.17,85,59
2026-04-27,P008,Winter Jacket,Outerwear,Düsseldorf,11,5,195.57,2151.27,108,46
2026-04-27,P008,Winter Jacket,Outerwear,Essen,3,1,130.06,390.18,142,26
2026-04-27,P008,Winter Jacket,Outerwear,Köln,16,10,188.08,3009.3,92,29
2026-04-27,P008,Winter Jacket,Outerwear,München,18,12,167.36,3012.54,73,28
2026-04-27,P008,Winter Jacket,Outerwear,Berlin,10,6,101.86,1018.61,78,37
2026-04-27,P009,Blazer,Outerwear,Düsseldorf,22,10,151.68,3336.98,74,38
2026-04-27,P009,Blazer,Outerwear,Essen,10,5,101.32,1013.25,114,25
2026-04-27,P009,Blazer,Outerwear,Köln,20,9,106.51,2130.23,67,34
2026-04-27,P009,Blazer,Outerwear,München,6,3,185.64,1113.82,144,31
2026-04-27,P009,Blazer,Outerwear,Berlin,29,15,89.9,2607.19,134,56
2026-04-27,P010,Sports Hoodie,Sportswear,Düsseldorf,13,6,114.16,1484.05,63,54
2026-04-27,P010,Sports Hoodie,Sportswear,Essen,11,9,118.17,1299.89,79,28
2026-04-27,P010,Sports Hoodie,Sportswear,Köln,28,14,30.88,864.71,116,58
2026-04-27,P010,Sports Hoodie,Sportswear,München,0,1,84.49,0.0,111,38
2026-04-27,P010,Sports Hoodie,Sportswear,Berlin,18,9,78.23,1408.16,111,44
2026-04-28,P001,Basic T-Shirt,Clothing,Düsseldorf,1,1,50.81,50.81,123,57
2026-04-28,P001,Basic T-Shirt,Clothing,Essen,0,1,44.76,0.0,103,29
2026-04-28,P001,Basic T-Shirt,Clothing,Köln,14,9,27.21,380.97,92,51
2026-04-28,P001,Basic T-Shirt,Clothing,München,18,10,29.45,530.17,85,38
2026-04-28,P001,Basic T-Shirt,Clothing,Berlin,10,7,44.38,443.79,109,40
2026-04-28,P002,Slim Jeans,Clothing,Düsseldorf,11,8,65.77,723.43,78,42
2026-04-28,P002,Slim Jeans,Clothing,Essen,3,1,36.21,108.62,118,44
2026-04-28,P002,Slim Jeans,Clothing,Köln,28,21,22.29,624.06,80,27
2026-04-28,P002,Slim Jeans,Clothing,München,12,5,67.41,808.96,80,38
2026-04-28,P002,Slim Jeans,Clothing,Berlin,5,2,69.5,347.5,72,40
2026-04-28,P003,Summer Dress,Clothing,Düsseldorf,9,5,78.52,706.72,112,26
2026-04-28,P003,Summer Dress,Clothing,Essen,29,16,71.61,2076.63,63,46
2026-04-28,P003,Summer Dress,Clothing,Köln,21,13,29.34,616.05,122,32
2026-04-28,P003,Summer Dress,Clothing,München,18,8,51.34,924.11,57,43
2026-04-28,P003,Summer Dress,Clothing,Berlin,12,7,79.57,954.79,109,47
2026-04-28,P004,Sneakers,Shoes,Düsseldorf,4,2,105.82,423.27,119,52
2026-04-28,P004,Sneakers,Shoes,Essen,13,6,94.44,1227.67,71,26
2026-04-28,P004,Sneakers,Shoes,Köln,24,10,53.58,1285.89,80,28
2026-04-28,P004,Sneakers,Shoes,München,20,11,133.3,2665.92,107,26
2026-04-28,P004,Sneakers,Shoes,Berlin,21,10,61.18,1284.71,133,57
2026-04-28,P005,Leather Boots,Shoes,Düsseldorf,17,11,75.76,1287.84,84,33
2026-04-28,P005,Leather Boots,Shoes,Essen,19,10,75.08,1426.48,71,44
2026-04-28,P005,Leather Boots,Shoes,Köln,2,1,51.67,103.34,135,31
2026-04-28,P005,Leather Boots,Shoes,München,17,11,86.1,1463.76,97,56
2026-04-28,P005,Leather Boots,Shoes,Berlin,12,5,84.79,1017.47,97,58
2026-04-28,P006,Handbag,Accessories,Düsseldorf,6,2,75.3,451.82,131,38
2026-04-28,P006,Handbag,Accessories,Essen,22,11,31.06,683.38,87,26
2026-04-28,P006,Handbag,Accessories,Köln,18,10,66.61,1198.95,123,55
2026-04-28,P006,Handbag,Accessories,München,12,8,57.72,692.69,97,29
2026-04-28,P006,Handbag,Accessories,Berlin,8,4,63.41,507.24,174,35
2026-04-28,P007,Belt,Accessories,Düsseldorf,7,2,34.96,244.69,99,45
2026-04-28,P007,Belt,Accessories,Essen,10,5,85.6,856.03,66,53
2026-04-28,P007,Belt,Accessories,Köln,13,10,77.43,1006.58,82,27
2026-04-28,P007,Belt,Accessories,München,24,9,89.0,2136.0,103,32
2026-04-28,P007,Belt,Accessories,Berlin,12,5,26.91,322.88,121,54
2026-04-28,P008,Winter Jacket,Outerwear,Düsseldorf,6,3,216.7,1300.2,92,36
2026-04-28,P008,Winter Jacket,Outerwear,Essen,21,10,188.74,3963.47,92,56
2026-04-28,P008,Winter Jacket,Outerwear,Köln,23,12,191.14,4396.24,97,50
2026-04-28,P008,Winter Jacket,Outerwear,München,19,9,192.52,3657.85,147,58
2026-04-28,P008,Winter Jacket,Outerwear,Berlin,24,14,158.23,3797.47,100,33
2026-04-28,P009,Blazer,Outerwear,Düsseldorf,8,3,90.96,727.7,101,50
2026-04-28,P009,Blazer,Outerwear,Essen,25,19,217.55,5438.87,97,43
2026-04-28,P009,Blazer,Outerwear,Köln,17,13,219.81,3736.77,88,50
2026-04-28,P009,Blazer,Outerwear,München,35,14,203.57,7124.91,81,46
2026-04-28,P009,Blazer,Outerwear,Berlin,16,6,202.32,3237.08,96,52
2026-04-28,P010,Sports Hoodie,Sportswear,Düsseldorf,24,12,62.18,1492.23,94,26
2026-04-28,P010,Sports Hoodie,Sportswear,Essen,22,19,90.03,1980.7,109,43
2026-04-28,P010,Sports Hoodie,Sportswear,Köln,29,11,38.47,1115.6,119,54
2026-04-28,P010,Sports Hoodie,Sportswear,München,28,18,37.06,1037.76,91,56
2026-04-28,P010,Sports Hoodie,Sportswear,Berlin,20,14,51.89,1037.75,77,48
2026-04-29,P001,Basic T-Shirt,Clothing,Düsseldorf,8,3,76.46,611.66,87,44
2026-04-29,P001,Basic T-Shirt,Clothing,Essen,19,12,56.64,1076.11,87,51
2026-04-29,P001,Basic T-Shirt,Clothing,Köln,15,6,29.1,436.47,87,43
2026-04-29,P001,Basic T-Shirt,Clothing,München,26,14,75.18,1954.7,73,39
2026-04-29,P001,Basic T-Shirt,Clothing,Berlin,6,2,44.41,266.43,95,36
2026-04-29,P002,Slim Jeans,Clothing,Düsseldorf,8,3,78.85,630.82,123,44
2026-04-29,P002,Slim Jeans,Clothing,Essen,9,4,31.99,287.93,90,54
2026-04-29,P002,Slim Jeans,Clothing,Köln,24,19,54.38,1305.13,119,40
2026-04-29,P002,Slim Jeans,Clothing,München,18,9,59.57,1072.22,87,55
2026-04-29,P002,Slim Jeans,Clothing,Berlin,30,14,61.77,1852.96,87,31
2026-04-29,P003,Summer Dress,Clothing,Düsseldorf,14,11,57.25,801.51,86,39
2026-04-29,P003,Summer Dress,Clothing,Essen,6,3,58.37,350.23,140,38
2026-04-29,P003,Summer Dress,Clothing,Köln,13,7,33.58,436.58,68,44
2026-04-29,P003,Summer Dress,Clothing,München,25,14,33.48,836.98,81,41
2026-04-29,P003,Summer Dress,Clothing,Berlin,22,17,35.26,775.78,88,34
2026-04-29,P004,Sneakers,Shoes,Düsseldorf,0,1,82.91,0.0,159,44
2026-04-29,P004,Sneakers,Shoes,Essen,18,10,149.8,2696.37,85,55
2026-04-29,P004,Sneakers,Shoes,Köln,29,13,92.38,2679.12,75,45
2026-04-29,P004,Sneakers,Shoes,München,20,11,110.73,2214.56,96,48
2026-04-29,P004,Sneakers,Shoes,Berlin,11,4,93.28,1026.08,78,40
2026-04-29,P005,Leather Boots,Shoes,Düsseldorf,30,20,136.65,4099.61,75,32
2026-04-29,P005,Leather Boots,Shoes,Essen,13,10,137.87,1792.29,157,27
2026-04-29,P005,Leather Boots,Shoes,Köln,7,3,121.32,849.27,98,48
2026-04-29,P005,Leather Boots,Shoes,München,27,16,79.52,2147.05,99,26
2026-04-29,P005,Leather Boots,Shoes,Berlin,6,2,76.23,457.39,134,58
2026-04-29,P006,Handbag,Accessories,Düsseldorf,8,4,97.04,776.32,101,43
2026-04-29,P006,Handbag,Accessories,Essen,12,8,95.43,1145.15,105,38
2026-04-29,P006,Handbag,Accessories,Köln,6,2,30.52,183.1,64,58
2026-04-29,P006,Handbag,Accessories,München,17,8,55.45,942.64,45,42
2026-04-29,P006,Handbag,Accessories,Berlin,22,9,42.16,927.54,116,30
2026-04-29,P007,Belt,Accessories,Düsseldorf,31,19,74.05,2295.65,82,29
2026-04-29,P007,Belt,Accessories,Essen,21,10,74.86,1571.98,110,33
2026-04-29,P007,Belt,Accessories,Köln,12,7,69.89,838.63,137,30
2026-04-29,P007,Belt,Accessories,München,9,3,17.94,161.46,121,38
2026-04-29,P007,Belt,Accessories,Berlin,9,7,76.33,686.98,106,25
2026-04-29,P008,Winter Jacket,Outerwear,Düsseldorf,9,5,137.48,1237.33,83,40
2026-04-29,P008,Winter Jacket,Outerwear,Essen,15,10,105.42,1581.3,93,35
2026-04-29,P008,Winter Jacket,Outerwear,Köln,9,4,218.82,1969.42,159,43
2026-04-29,P008,Winter Jacket,Outerwear,München,2,1,99.83,199.65,93,46
2026-04-29,P008,Winter Jacket,Outerwear,Berlin,35,15,207.73,7270.45,55,38
2026-04-29,P009,Blazer,Outerwear,Düsseldorf,22,15,151.12,3324.64,106,35
2026-04-29,P009,Blazer,Outerwear,Essen,13,6,178.85,2325.02,90,28
2026-04-29,P009,Blazer,Outerwear,Köln,7,3,98.33,688.3,93,50
2026-04-29,P009,Blazer,Outerwear,München,25,18,120.56,3014.06,67,39
2026-04-29,P009,Blazer,Outerwear,Berlin,16,13,186.73,2987.68,66,49
2026-04-29,P010,Sports Hoodie,Sportswear,Düsseldorf,17,9,36.95,628.19,81,41
2026-04-29,P010,Sports Hoodie,Sportswear,Essen,22,16,44.74,984.34,71,33
2026-04-29,P010,Sports Hoodie,Sportswear,Köln,22,11,62.47,1374.24,78,25
2026-04-29,P010,Sports Hoodie,Sportswear,München,32,18,107.39,3436.32,76,26
2026-04-29,P010,Sports Hoodie,Sportswear,Berlin,41,19,65.82,2698.78,99,53
2026-04-30,P001,Basic T-Shirt,Clothing,Düsseldorf,20,8,26.4,527.95,82,46
2026-04-30,P001,Basic T-Shirt,Clothing,Essen,18,8,53.51,963.25,118,58
2026-04-30,P001,Basic T-Shirt,Clothing,Köln,16,7,59.65,954.37,83,39
2026-04-30,P001,Basic T-Shirt,Clothing,München,9,4,23.27,209.42,105,32
2026-04-30,P001,Basic T-Shirt,Clothing,Berlin,4,3,59.65,238.61,116,42
2026-04-30,P002,Slim Jeans,Clothing,Düsseldorf,8,6,64.07,512.58,91,33
2026-04-30,P002,Slim Jeans,Clothing,Essen,9,3,36.43,327.89,124,26
2026-04-30,P002,Slim Jeans,Clothing,Köln,18,7,37.76,679.74,104,49
2026-04-30,P002,Slim Jeans,Clothing,München,11,8,46.19,508.11,96,37
2026-04-30,P002,Slim Jeans,Clothing,Berlin,16,11,76.31,1220.89,162,53
2026-04-30,P003,Summer Dress,Clothing,Düsseldorf,5,2,59.64,298.2,124,33
2026-04-30,P003,Summer Dress,Clothing,Essen,2,1,38.52,77.03,177,52
2026-04-30,P003,Summer Dress,Clothing,Köln,15,12,22.42,336.32,94,27
2026-04-30,P003,Summer Dress,Clothing,München,8,6,30.55,244.42,146,32
2026-04-30,P003,Summer Dress,Clothing,Berlin,31,12,26.15,810.71,70,25
2026-04-30,P004,Sneakers,Shoes,Düsseldorf,12,6,117.15,1405.83,121,56
2026-04-30,P004,Sneakers,Shoes,Essen,19,8,101.23,1923.39,58,37
2026-04-30,P004,Sneakers,Shoes,Köln,8,3,134.27,1074.12,58,58
2026-04-30,P004,Sneakers,Shoes,München,9,5,142.71,1284.38,65,57
2026-04-30,P004,Sneakers,Shoes,Berlin,16,8,70.09,1121.38,111,50
2026-04-30,P005,Leather Boots,Shoes,Düsseldorf,2,1,64.21,128.43,87,33
2026-04-30,P005,Leather Boots,Shoes,Essen,20,12,122.69,2453.86,40,56
2026-04-30,P005,Leather Boots,Shoes,Köln,25,20,116.73,2918.21,67,44
2026-04-30,P005,Leather Boots,Shoes,München,10,6,137.3,1372.95,111,56
2026-04-30,P005,Leather Boots,Shoes,Berlin,25,12,59.66,1491.59,55,47
2026-04-30,P006,Handbag,Accessories,Düsseldorf,32,18,31.29,1001.27,86,48
2026-04-30,P006,Handbag,Accessories,Essen,7,4,74.05,518.38,140,38
2026-04-30,P006,Handbag,Accessories,Köln,8,5,29.4,235.18,54,55
2026-04-30,P006,Handbag,Accessories,München,17,8,67.05,1139.87,111,47
2026-04-30,P006,Handbag,Accessories,Berlin,6,2,71.52,429.1,126,31
2026-04-30,P007,Belt,Accessories,Düsseldorf,12,7,23.04,276.51,133,41
2026-04-30,P007,Belt,Accessories,Essen,21,10,49.96,1049.24,82,48
2026-04-30,P007,Belt,Accessories,Köln,16,7,22.15,354.35,87,59
2026-04-30,P007,Belt,Accessories,München,14,8,22.39,313.49,132,42
2026-04-30,P007,Belt,Accessories,Berlin,12,10,65.68,788.21,120,36
2026-04-30,P008,Winter Jacket,Outerwear,Düsseldorf,6,4,136.92,821.5,106,37
2026-04-30,P008,Winter Jacket,Outerwear,Essen,32,16,217.59,6962.97,87,53
2026-04-30,P008,Winter Jacket,Outerwear,Köln,26,14,121.16,3150.27,70,43
2026-04-30,P008,Winter Jacket,Outerwear,München,11,7,195.07,2145.81,123,39
2026-04-30,P008,Winter Jacket,Outerwear,Berlin,13,6,103.31,1343.03,137,46
2026-04-30,P009,Blazer,Outerwear,Düsseldorf,27,18,105.26,2842.14,46,48
2026-04-30,P009,Blazer,Outerwear,Essen,3,1,130.69,392.06,138,57
2026-04-30,P009,Blazer,Outerwear,Köln,5,3,155.12,775.6,55,35
2026-04-30,P009,Blazer,Outerwear,München,19,9,177.32,3369.12,102,28
2026-04-30,P009,Blazer,Outerwear,Berlin,7,4,152.05,1064.35,115,36
2026-04-30,P010,Sports Hoodie,Sportswear,Düsseldorf,33,14,52.82,1742.96,61,47
2026-04-30,P010,Sports Hoodie,Sportswear,Essen,35,18,87.59,3065.76,70,28
2026-04-30,P010,Sports Hoodie,Sportswear,Köln,14,7,102.51,1435.18,100,45
2026-04-30,P010,Sports Hoodie,Sportswear,München,35,28,87.11,3049.0,71,59
2026-04-30,P010,Sports Hoodie,Sportswear,Berlin,6,2,41.33,248.01,111,35
2026-05-01,P001,Basic T-Shirt,Clothing,Düsseldorf,20,12,55.32,1106.39,151,50
2026-05-01,P001,Basic T-Shirt,Clothing,Essen,6,2,40.86,245.17,123,27
2026-05-01,P001,Basic T-Shirt,Clothing,Köln,12,8,54.8,657.64,57,26
2026-05-01,P001,Basic T-Shirt,Clothing,München,6,3,59.97,359.83,101,59
2026-05-01,P001,Basic T-Shirt,Clothing,Berlin,0,1,72.53,0.0,146,36
2026-05-01,P002,Slim Jeans,Clothing,Düsseldorf,16,11,51.06,816.97,101,52
2026-05-01,P002,Slim Jeans,Clothing,Essen,23,13,26.97,620.2,95,41
2026-05-01,P002,Slim Jeans,Clothing,Köln,23,19,42.73,982.75,62,45
2026-05-01,P002,Slim Jeans,Clothing,München,16,13,39.89,638.24,94,33
2026-05-01,P002,Slim Jeans,Clothing,Berlin,24,13,34.5,827.88,62,42
2026-05-01,P003,Summer Dress,Clothing,Düsseldorf,21,11,55.55,1166.54,79,44
2026-05-01,P003,Summer Dress,Clothing,Essen,16,9,47.57,761.17,115,25
2026-05-01,P003,Summer Dress,Clothing,Köln,18,7,48.58,874.38,94,51
2026-05-01,P003,Summer Dress,Clothing,München,17,8,66.49,1130.26,149,51
2026-05-01,P003,Summer Dress,Clothing,Berlin,14,8,27.11,379.57,69,31
2026-05-01,P004,Sneakers,Shoes,Düsseldorf,15,6,98.43,1476.49,21,53
2026-05-01,P004,Sneakers,Shoes,Essen,23,9,51.01,1173.32,112,53
2026-05-01,P004,Sneakers,Shoes,Köln,7,2,89.39,625.7,113,57
2026-05-01,P004,Sneakers,Shoes,München,10,6,123.42,1234.23,117,26
2026-05-01,P004,Sneakers,Shoes,Berlin,22,11,149.85,3296.69,104,54
2026-05-01,P005,Leather Boots,Shoes,Düsseldorf,0,1,70.17,0.0,140,48
2026-05-01,P005,Leather Boots,Shoes,Essen,23,20,98.33,2261.52,53,27
2026-05-01,P005,Leather Boots,Shoes,Köln,30,16,111.07,3332.14,113,52
2026-05-01,P005,Leather Boots,Shoes,München,25,13,87.47,2186.81,89,26
2026-05-01,P005,Leather Boots,Shoes,Berlin,20,10,86.17,1723.42,76,28
2026-05-01,P006,Handbag,Accessories,Düsseldorf,19,9,64.09,1217.78,83,49
2026-05-01,P006,Handbag,Accessories,Essen,26,13,76.52,1989.5,78,52
2026-05-01,P006,Handbag,Accessories,Köln,16,6,90.68,1450.84,84,31
2026-05-01,P006,Handbag,Accessories,München,23,14,64.05,1473.17,90,32
2026-05-01,P006,Handbag,Accessories,Berlin,19,12,47.01,893.13,89,59
2026-05-01,P007,Belt,Accessories,Düsseldorf,4,3,91.83,367.34,144,29
2026-05-01,P007,Belt,Accessories,Essen,12,5,65.78,789.4,80,58
2026-05-01,P007,Belt,Accessories,Köln,29,14,82.77,2400.26,47,49
2026-05-01,P007,Belt,Accessories,München,14,12,21.99,307.91,88,29
2026-05-01,P007,Belt,Accessories,Berlin,20,12,56.99,1139.9,81,57
2026-05-01,P008,Winter Jacket,Outerwear,Düsseldorf,2,1,89.69,179.37,101,40
2026-05-01,P008,Winter Jacket,Outerwear,Essen,18,12,88.35,1590.31,98,52
2026-05-01,P008,Winter Jacket,Outerwear,Köln,13,10,199.34,2591.48,142,40
2026-05-01,P008,Winter Jacket,Outerwear,München,24,17,201.77,4842.42,93,56
2026-05-01,P008,Winter Jacket,Outerwear,Berlin,30,13,120.71,3621.42,62,46
2026-05-01,P009,Blazer,Outerwear,Düsseldorf,7,3,81.07,567.48,120,59
2026-05-01,P009,Blazer,Outerwear,Essen,20,10,159.0,3180.01,86,45
2026-05-01,P009,Blazer,Outerwear,Köln,0,1,124.05,0.0,102,26
2026-05-01,P009,Blazer,Outerwear,München,18,7,144.82,2606.81,94,26
2026-05-01,P009,Blazer,Outerwear,Berlin,16,14,189.15,3026.37,92,38
2026-05-01,P010,Sports Hoodie,Sportswear,Düsseldorf,31,24,105.52,3270.97,62,43
2026-05-01,P010,Sports Hoodie,Sportswear,Essen,29,16,87.51,2537.65,69,49
2026-05-01,P010,Sports Hoodie,Sportswear,Köln,17,7,61.78,1050.25,98,54
2026-05-01,P010,Sports Hoodie,Sportswear,München,0,1,117.7,0.0,134,56
2026-05-01,P010,Sports Hoodie,Sportswear,Berlin,22,14,55.31,1216.8,99,30
2026-05-02,P001,Basic T-Shirt,Clothing,Düsseldorf,19,12,67.29,1278.46,76,48
2026-05-02,P001,Basic T-Shirt,Clothing,Essen,14,11,71.0,994.04,84,38
2026-05-02,P001,Basic T-Shirt,Clothing,Köln,25,10,33.31,832.65,40,51
2026-05-02,P001,Basic T-Shirt,Clothing,München,23,13,59.1,1359.31,97,54
2026-05-02,P001,Basic T-Shirt,Clothing,Berlin,6,3,37.76,226.59,119,34
2026-05-02,P002,Slim Jeans,Clothing,Düsseldorf,12,7,77.48,929.82,30,43
2026-05-02,P002,Slim Jeans,Clothing,Essen,9,4,20.28,182.53,131,32
2026-05-02,P002,Slim Jeans,Clothing,Köln,20,10,47.97,959.43,90,47
2026-05-02,P002,Slim Jeans,Clothing,München,21,10,36.8,772.88,106,55
2026-05-02,P002,Slim Jeans,Clothing,Berlin,18,8,25.4,457.29,79,40
2026-05-02,P003,Summer Dress,Clothing,Düsseldorf,10,6,40.03,400.33,87,39
2026-05-02,P003,Summer Dress,Clothing,Essen,29,22,71.31,2067.86,87,48
2026-05-02,P003,Summer Dress,Clothing,Köln,0,1,67.13,0.0,99,36
2026-05-02,P003,Summer Dress,Clothing,München,19,9,34.53,656.08,100,58
2026-05-02,P003,Summer Dress,Clothing,Berlin,6,2,40.56,243.35,116,35
2026-05-02,P004,Sneakers,Shoes,Düsseldorf,21,13,116.54,2447.36,88,31
2026-05-02,P004,Sneakers,Shoes,Essen,19,8,83.55,1587.49,116,47
2026-05-02,P004,Sneakers,Shoes,Köln,20,13,103.41,2068.11,104,47
2026-05-02,P004,Sneakers,Shoes,München,6,4,127.64,765.82,49,56
2026-05-02,P004,Sneakers,Shoes,Berlin,10,4,62.15,621.48,142,36
2026-05-02,P005,Leather Boots,Shoes,Düsseldorf,20,9,51.94,1038.84,60,44
2026-05-02,P005,Leather Boots,Shoes,Essen,6,4,105.22,631.3,76,47
2026-05-02,P005,Leather Boots,Shoes,Köln,30,26,55.22,1656.55,53,51
2026-05-02,P005,Leather Boots,Shoes,München,14,6,71.52,1001.28,76,30
2026-05-02,P005,Leather Boots,Shoes,Berlin,13,5,56.44,733.74,50,26
2026-05-02,P006,Handbag,Accessories,Düsseldorf,17,8,57.89,984.2,130,38
2026-05-02,P006,Handbag,Accessories,Essen,6,3,36.96,221.76,102,47
2026-05-02,P006,Handbag,Accessories,Köln,19,8,82.02,1558.36,74,52
2026-05-02,P006,Handbag,Accessories,München,11,8,32.47,357.21,190,34
2026-05-02,P006,Handbag,Accessories,Berlin,22,12,44.52,979.46,63,33
2026-05-02,P007,Belt,Accessories,Düsseldorf,13,5,36.46,474.02,118,44
2026-05-02,P007,Belt,Accessories,Essen,13,6,67.96,883.48,101,25
2026-05-02,P007,Belt,Accessories,Köln,7,3,89.89,629.24,162,59
2026-05-02,P007,Belt,Accessories,München,15,10,16.07,240.99,103,33
2026-05-02,P007,Belt,Accessories,Berlin,11,8,75.3,828.25,119,48
2026-05-02,P008,Winter Jacket,Outerwear,Düsseldorf,3,2,97.96,293.87,84,51
2026-05-02,P008,Winter Jacket,Outerwear,Essen,28,23,101.09,2830.61,68,52
2026-05-02,P008,Winter Jacket,Outerwear,Köln,24,9,111.97,2687.33,75,59
2026-05-02,P008,Winter Jacket,Outerwear,München,11,4,97.42,1071.57,78,34
2026-05-02,P008,Winter Jacket,Outerwear,Berlin,28,14,179.9,5037.09,79,36
2026-05-02,P009,Blazer,Outerwear,Düsseldorf,21,12,155.76,3270.92,108,34
2026-05-02,P009,Blazer,Outerwear,Essen,30,17,169.48,5084.28,90,37
2026-05-02,P009,Blazer,Outerwear,Köln,17,8,143.1,2432.63,57,51
2026-05-02,P009,Blazer,Outerwear,München,11,4,106.94,1176.38,107,25
2026-05-02,P009,Blazer,Outerwear,Berlin,24,19,174.99,4199.85,60,34
2026-05-02,P010,Sports Hoodie,Sportswear,Düsseldorf,16,10,57.98,927.62,51,45
2026-05-02,P010,Sports Hoodie,Sportswear,Essen,25,12,101.79,2544.64,96,59
2026-05-02,P010,Sports Hoodie,Sportswear,Köln,4,2,109.47,437.89,104,59
2026-05-02,P010,Sports Hoodie,Sportswear,München,27,10,96.21,2597.55,122,52
2026-05-02,P010,Sports Hoodie,Sportswear,Berlin,13,10,73.05,949.64,98,40
2026-05-03,P001,Basic T-Shirt,Clothing,Düsseldorf,18,7,60.5,1088.94,101,44
2026-05-03,P001,Basic T-Shirt,Clothing,Essen,6,3,74.17,445.03,137,55
2026-05-03,P001,Basic T-Shirt,Clothing,Köln,9,4,59.84,538.55,126,27
2026-05-03,P001,Basic T-Shirt,Clothing,München,26,16,27.53,715.85,60,55
2026-05-03,P001,Basic T-Shirt,Clothing,Berlin,25,21,37.94,948.39,116,26
2026-05-03,P002,Slim Jeans,Clothing,Düsseldorf,10,7,61.2,611.95,114,58
2026-05-03,P002,Slim Jeans,Clothing,Essen,5,2,55.33,276.63,116,58
2026-05-03,P002,Slim Jeans,Clothing,Köln,21,12,29.41,617.64,102,41
2026-05-03,P002,Slim Jeans,Clothing,München,19,7,37.17,706.18,102,33
2026-05-03,P002,Slim Jeans,Clothing,Berlin,28,12,76.97,2155.07,84,54
2026-05-03,P003,Summer Dress,Clothing,Düsseldorf,17,7,52.36,890.19,105,46
2026-05-03,P003,Summer Dress,Clothing,Essen,14,12,79.87,1118.16,97,48
2026-05-03,P003,Summer Dress,Clothing,Köln,4,2,37.9,151.59,100,49
2026-05-03,P003,Summer Dress,Clothing,München,27,23,20.36,549.61,73,58
2026-05-03,P003,Summer Dress,Clothing,Berlin,11,8,43.59,479.51,56,58
2026-05-03,P004,Sneakers,Shoes,Düsseldorf,27,16,76.32,2060.52,38,46
2026-05-03,P004,Sneakers,Shoes,Essen,25,13,61.47,1536.75,87,58
2026-05-03,P004,Sneakers,Shoes,Köln,27,15,120.51,3253.65,70,29
2026-05-03,P004,Sneakers,Shoes,München,12,5,140.14,1681.73,85,32
2026-05-03,P004,Sneakers,Shoes,Berlin,20,12,148.83,2976.69,66,52
2026-05-03,P005,Leather Boots,Shoes,Düsseldorf,15,8,78.03,1170.52,123,57
2026-05-03,P005,Leather Boots,Shoes,Essen,22,16,127.27,2799.98,55,44
2026-05-03,P005,Leather Boots,Shoes,Köln,0,1,113.15,0.0,141,32
2026-05-03,P005,Leather Boots,Shoes,München,10,6,143.46,1434.58,89,37
2026-05-03,P005,Leather Boots,Shoes,Berlin,7,3,111.82,782.75,136,49
2026-05-03,P006,Handbag,Accessories,Düsseldorf,16,11,91.38,1462.03,92,49
2026-05-03,P006,Handbag,Accessories,Essen,27,12,71.42,1928.41,78,35
2026-05-03,P006,Handbag,Accessories,Köln,23,9,16.81,386.57,125,54
2026-05-03,P006,Handbag,Accessories,München,24,10,27.84,668.14,114,59
2026-05-03,P006,Handbag,Accessories,Berlin,22,10,54.62,1201.7,94,48
2026-05-03,P007,Belt,Accessories,Düsseldorf,17,7,54.98,934.6,101,34
2026-05-03,P007,Belt,Accessories,Essen,19,9,70.76,1344.45,127,47
2026-05-03,P007,Belt,Accessories,Köln,31,21,22.62,701.14,78,33
2026-05-03,P007,Belt,Accessories,München,31,12,81.7,2532.75,100,38
2026-05-03,P007,Belt,Accessories,Berlin,22,10,49.55,1090.05,104,30
2026-05-03,P008,Winter Jacket,Outerwear,Düsseldorf,7,3,138.64,970.45,81,25
2026-05-03,P008,Winter Jacket,Outerwear,Essen,14,10,119.99,1679.92,99,32
2026-05-03,P008,Winter Jacket,Outerwear,Köln,10,6,141.83,1418.34,98,34
2026-05-03,P008,Winter Jacket,Outerwear,München,31,12,214.2,6640.33,63,46
2026-05-03,P008,Winter Jacket,Outerwear,Berlin,28,18,143.28,4011.83,68,39
2026-05-03,P009,Blazer,Outerwear,Düsseldorf,16,7,173.52,2776.37,82,28
2026-05-03,P009,Blazer,Outerwear,Essen,0,1,114.06,0.0,114,32
2026-05-03,P009,Blazer,Outerwear,Köln,23,9,183.54,4221.33,51,35
2026-05-03,P009,Blazer,Outerwear,München,18,12,142.87,2571.74,110,25
2026-05-03,P009,Blazer,Outerwear,Berlin,24,13,207.59,4982.13,78,54
2026-05-03,P010,Sports Hoodie,Sportswear,Düsseldorf,3,1,76.45,229.35,130,28
2026-05-03,P010,Sports Hoodie,Sportswear,Essen,6,3,77.71,466.26,95,41
2026-05-03,P010,Sports Hoodie,Sportswear,Köln,17,12,55.68,946.59,110,47
2026-05-03,P010,Sports Hoodie,Sportswear,München,19,8,47.72,906.65,111,58
2026-05-03,P010,Sports Hoodie,Sportswear,Berlin,24,13,108.7,2608.78,22,59
2026-05-04,P001,Basic T-Shirt,Clothing,Düsseldorf,11,5,75.36,828.91,110,46
2026-05-04,P001,Basic T-Shirt,Clothing,Essen,14,8,31.82,445.52,96,27
2026-05-04,P001,Basic T-Shirt,Clothing,Köln,14,6,65.13,911.77,171,31
2026-05-04,P001,Basic T-Shirt,Clothing,München,2,1,22.81,45.63,104,48
2026-05-04,P001,Basic T-Shirt,Clothing,Berlin,11,7,56.43,620.71,90,48
2026-05-04,P002,Slim Jeans,Clothing,Düsseldorf,28,22,59.03,1652.84,86,39
2026-05-04,P002,Slim Jeans,Clothing,Essen,15,8,48.11,721.65,63,39
2026-05-04,P002,Slim Jeans,Clothing,Köln,10,6,60.08,600.81,53,34
2026-05-04,P002,Slim Jeans,Clothing,München,5,3,46.13,230.66,105,25
2026-05-04,P002,Slim Jeans,Clothing,Berlin,17,7,28.9,491.32,83,53
2026-05-04,P003,Summer Dress,Clothing,Düsseldorf,5,2,22.22,111.08,101,28
2026-05-04,P003,Summer Dress,Clothing,Essen,20,10,55.05,1100.93,46,26
2026-05-04,P003,Summer Dress,Clothing,Köln,14,10,50.73,710.28,82,55
2026-05-04,P003,Summer Dress,Clothing,München,7,5,55.11,385.75,103,59
2026-05-04,P003,Summer Dress,Clothing,Berlin,17,7,67.48,1147.15,97,39
2026-05-04,P004,Sneakers,Shoes,Düsseldorf,6,2,67.29,403.73,82,54
2026-05-04,P004,Sneakers,Shoes,Essen,16,7,60.29,964.57,119,57
2026-05-04,P004,Sneakers,Shoes,Köln,16,6,125.53,2008.51,78,59
2026-05-04,P004,Sneakers,Shoes,München,27,14,146.11,3945.0,46,47
2026-05-04,P004,Sneakers,Shoes,Berlin,20,8,74.79,1495.83,105,31
2026-05-04,P005,Leather Boots,Shoes,Düsseldorf,19,8,98.88,1878.71,72,26
2026-05-04,P005,Leather Boots,Shoes,Essen,13,6,125.06,1625.81,68,28
2026-05-04,P005,Leather Boots,Shoes,Köln,2,1,124.5,249.01,119,38
2026-05-04,P005,Leather Boots,Shoes,München,23,14,112.9,2596.69,87,54
2026-05-04,P005,Leather Boots,Shoes,Berlin,0,1,115.97,0.0,138,48
2026-05-04,P006,Handbag,Accessories,Düsseldorf,23,9,58.43,1343.78,66,37
2026-05-04,P006,Handbag,Accessories,Essen,20,14,59.58,1191.6,39,43
2026-05-04,P006,Handbag,Accessories,Köln,9,4,48.02,432.17,95,57
2026-05-04,P006,Handbag,Accessories,München,14,5,93.78,1312.95,61,42
2026-05-04,P006,Handbag,Accessories,Berlin,14,10,32.99,461.82,120,50
2026-05-04,P007,Belt,Accessories,Düsseldorf,12,6,82.21,986.49,67,50
2026-05-04,P007,Belt,Accessories,Essen,24,11,87.99,2111.64,106,42
2026-05-04,P007,Belt,Accessories,Köln,29,13,75.05,2176.51,62,33
2026-05-04,P007,Belt,Accessories,München,23,16,57.94,1332.72,19,46
2026-05-04,P007,Belt,Accessories,Berlin,8,3,97.24,777.95,67,30
2026-05-04,P008,Winter Jacket,Outerwear,Düsseldorf,15,9,202.41,3036.12,77,35
2026-05-04,P008,Winter Jacket,Outerwear,Essen,24,13,98.83,2371.9,91,47
2026-05-04,P008,Winter Jacket,Outerwear,Köln,10,4,203.27,2032.66,89,39
2026-05-04,P008,Winter Jacket,Outerwear,München,15,11,196.96,2954.4,82,42
2026-05-04,P008,Winter Jacket,Outerwear,Berlin,24,9,166.57,3997.63,103,35
2026-05-04,P009,Blazer,Outerwear,Düsseldorf,19,12,181.61,3450.61,85,34
2026-05-04,P009,Blazer,Outerwear,Essen,19,11,107.76,2047.39,114,36
2026-05-04,P009,Blazer,Outerwear,Köln,20,8,130.24,2604.79,100,52
2026-05-04,P009,Blazer,Outerwear,München,21,13,152.29,3198.16,137,42
2026-05-04,P009,Blazer,Outerwear,Berlin,28,11,133.37,3734.37,87,44
2026-05-04,P010,Sports Hoodie,Sportswear,Düsseldorf,19,8,99.53,1891.07,78,52
2026-05-04,P010,Sports Hoodie,Sportswear,Essen,21,10,78.56,1649.8,109,37
2026-05-04,P010,Sports Hoodie,Sportswear,Köln,16,11,33.25,532.07,82,32
2026-05-04,P010,Sports Hoodie,Sportswear,München,25,16,89.49,2237.35,68,31
2026-05-04,P010,Sports Hoodie,Sportswear,Berlin,24,17,106.47,2555.32,85,54
2026-05-05,P001,Basic T-Shirt,Clothing,Düsseldorf,21,11,37.59,789.37,134,38
2026-05-05,P001,Basic T-Shirt,Clothing,Essen,11,5,76.17,837.92,112,45
2026-05-05,P001,Basic T-Shirt,Clothing,Köln,26,11,78.08,2030.16,102,58
2026-05-05,P001,Basic T-Shirt,Clothing,München,18,7,73.22,1317.9,59,52
2026-05-05,P001,Basic T-Shirt,Clothing,Berlin,10,8,53.85,538.51,105,40
2026-05-05,P002,Slim Jeans,Clothing,Düsseldorf,14,6,68.18,954.56,127,26
2026-05-05,P002,Slim Jeans,Clothing,Essen,22,11,70.93,1560.53,81,32
2026-05-05,P002,Slim Jeans,Clothing,Köln,31,21,35.33,1095.11,63,42
2026-05-05,P002,Slim Jeans,Clothing,München,8,5,69.63,557.03,99,45
2026-05-05,P002,Slim Jeans,Clothing,Berlin,2,1,41.94,83.87,100,57
2026-05-05,P003,Summer Dress,Clothing,Düsseldorf,7,2,79.66,557.62,107,54
2026-05-05,P003,Summer Dress,Clothing,Essen,24,21,52.63,1263.01,85,52
2026-05-05,P003,Summer Dress,Clothing,Köln,24,15,76.21,1829.13,85,51
2026-05-05,P003,Summer Dress,Clothing,München,12,8,47.88,574.51,87,37
2026-05-05,P003,Summer Dress,Clothing,Berlin,23,19,47.32,1088.4,85,35
2026-05-05,P004,Sneakers,Shoes,Düsseldorf,6,2,51.59,309.51,121,37
2026-05-05,P004,Sneakers,Shoes,Essen,7,4,75.83,530.82,94,35
2026-05-05,P004,Sneakers,Shoes,Köln,30,12,89.72,2691.74,107,34
2026-05-05,P004,Sneakers,Shoes,München,18,7,56.63,1019.27,101,46
2026-05-05,P004,Sneakers,Shoes,Berlin,17,14,105.49,1793.28,123,31
2026-05-05,P005,Leather Boots,Shoes,Düsseldorf,31,16,51.01,1581.29,84,47
2026-05-05,P005,Leather Boots,Shoes,Essen,10,4,67.82,678.17,77,33
2026-05-05,P005,Leather Boots,Shoes,Köln,30,20,146.13,4383.75,62,30
2026-05-05,P005,Leather Boots,Shoes,München,12,5,135.18,1622.21,85,26
2026-05-05,P005,Leather Boots,Shoes,Berlin,5,2,132.61,663.03,139,46
2026-05-05,P006,Handbag,Accessories,Düsseldorf,12,6,65.26,783.12,115,51
2026-05-05,P006,Handbag,Accessories,Essen,21,18,85.34,1792.2,100,55
2026-05-05,P006,Handbag,Accessories,Köln,11,4,58.03,638.3,62,43
2026-05-05,P006,Handbag,Accessories,München,28,25,30.83,863.21,48,56
2026-05-05,P006,Handbag,Accessories,Berlin,5,2,70.22,351.12,72,52
2026-05-05,P007,Belt,Accessories,Düsseldorf,14,6,27.94,391.23,106,33
2026-05-05,P007,Belt,Accessories,Essen,17,10,75.98,1291.74,12,58
2026-05-05,P007,Belt,Accessories,Köln,0,1,46.43,0.0,117,34
2026-05-05,P007,Belt,Accessories,München,29,12,70.37,2040.75,73,46
2026-05-05,P007,Belt,Accessories,Berlin,0,1,46.91,0.0,137,29
2026-05-05,P008,Winter Jacket,Outerwear,Düsseldorf,13,8,210.12,2731.53,69,33
2026-05-05,P008,Winter Jacket,Outerwear,Essen,11,5,134.81,1482.93,76,53
2026-05-05,P008,Winter Jacket,Outerwear,Köln,14,6,93.42,1307.9,84,38
2026-05-05,P008,Winter Jacket,Outerwear,München,18,9,198.02,3564.41,86,56
2026-05-05,P008,Winter Jacket,Outerwear,Berlin,27,17,86.48,2334.89,76,55
2026-05-05,P009,Blazer,Outerwear,Düsseldorf,10,8,201.2,2011.96,90,27
2026-05-05,P009,Blazer,Outerwear,Essen,14,9,118.45,1658.36,85,25
2026-05-05,P009,Blazer,Outerwear,Köln,1,1,85.51,85.51,95,30
2026-05-05,P009,Blazer,Outerwear,München,15,7,159.0,2385.0,158,44
2026-05-05,P009,Blazer,Outerwear,Berlin,31,21,115.79,3589.53,94,36
2026-05-05,P010,Sports Hoodie,Sportswear,Düsseldorf,20,8,81.72,1634.34,107,29
2026-05-05,P010,Sports Hoodie,Sportswear,Essen,3,1,53.48,160.43,112,56
2026-05-05,P010,Sports Hoodie,Sportswear,Köln,5,2,83.81,419.05,104,53
2026-05-05,P010,Sports Hoodie,Sportswear,München,2,1,109.98,219.96,143,46
2026-05-05,P010,Sports Hoodie,Sportswear,Berlin,12,5,61.09,733.03,83,32
2026-05-06,P001,Basic T-Shirt,Clothing,Düsseldorf,19,11,27.91,530.38,75,39
2026-05-06,P001,Basic T-Shirt,Clothing,Essen,16,7,64.46,1031.32,102,37
2026-05-06,P001,Basic T-Shirt,Clothing,Köln,17,9,68.27,1160.65,83,44
2026-05-06,P001,Basic T-Shirt,Clothing,München,10,7,79.16,791.59,118,40
2026-05-06,P001,Basic T-Shirt,Clothing,Berlin,10,6,75.87,758.66,100,30
2026-05-06,P002,Slim Jeans,Clothing,Düsseldorf,21,12,75.05,1576.05,143,54
2026-05-06,P002,Slim Jeans,Clothing,Essen,7,2,54.12,378.82,127,56
2026-05-06,P002,Slim Jeans,Clothing,Köln,19,11,70.98,1348.63,109,48
2026-05-06,P002,Slim Jeans,Clothing,München,20,14,72.7,1453.94,63,38
2026-05-06,P002,Slim Jeans,Clothing,Berlin,13,8,58.08,755.03,86,26
2026-05-06,P003,Summer Dress,Clothing,Düsseldorf,24,12,60.01,1440.17,73,31
2026-05-06,P003,Summer Dress,Clothing,Essen,6,3,35.8,214.78,143,28
2026-05-06,P003,Summer Dress,Clothing,Köln,26,22,47.57,1236.74,74,56
2026-05-06,P003,Summer Dress,Clothing,München,19,8,41.12,781.37,109,32
2026-05-06,P003,Summer Dress,Clothing,Berlin,20,9,31.2,623.91,56,37
2026-05-06,P004,Sneakers,Shoes,Düsseldorf,15,8,145.34,2180.05,109,46
2026-05-06,P004,Sneakers,Shoes,Essen,11,5,58.04,638.41,109,35
2026-05-06,P004,Sneakers,Shoes,Köln,10,4,87.69,876.86,148,27
2026-05-06,P004,Sneakers,Shoes,München,15,7,72.96,1094.43,99,55
2026-05-06,P004,Sneakers,Shoes,Berlin,7,2,111.04,777.3,92,32
2026-05-06,P005,Leather Boots,Shoes,Düsseldorf,17,13,96.72,1644.3,80,45
2026-05-06,P005,Leather Boots,Shoes,Essen,14,10,118.41,1657.74,106,42
2026-05-06,P005,Leather Boots,Shoes,Köln,25,11,116.37,2909.25,101,26
2026-05-06,P005,Leather Boots,Shoes,München,8,4,60.61,484.89,124,27
2026-05-06,P005,Leather Boots,Shoes,Berlin,14,12,145.8,2041.22,83,55
2026-05-06,P006,Handbag,Accessories,Düsseldorf,0,1,72.84,0.0,100,34
2026-05-06,P006,Handbag,Accessories,Essen,5,3,64.07,320.34,119,28
2026-05-06,P006,Handbag,Accessories,Köln,3,2,59.68,179.04,128,36
2026-05-06,P006,Handbag,Accessories,München,6,4,53.01,318.05,65,41
2026-05-06,P006,Handbag,Accessories,Berlin,23,9,99.94,2298.7,81,58
2026-05-06,P007,Belt,Accessories,Düsseldorf,23,11,97.82,2249.8,94,32
2026-05-06,P007,Belt,Accessories,Essen,23,9,99.91,2298.02,136,26
2026-05-06,P007,Belt,Accessories,Köln,23,11,32.44,746.13,122,41
2026-05-06,P007,Belt,Accessories,München,20,8,51.12,1022.37,65,32
2026-05-06,P007,Belt,Accessories,Berlin,30,17,78.94,2368.33,46,36
2026-05-06,P008,Winter Jacket,Outerwear,Düsseldorf,11,5,113.98,1253.77,73,35
2026-05-06,P008,Winter Jacket,Outerwear,Essen,26,18,119.32,3102.24,86,46
2026-05-06,P008,Winter Jacket,Outerwear,Köln,20,16,100.94,2018.75,43,54
2026-05-06,P008,Winter Jacket,Outerwear,München,13,6,206.96,2690.54,115,56
2026-05-06,P008,Winter Jacket,Outerwear,Berlin,13,5,140.75,1829.77,93,59
2026-05-06,P009,Blazer,Outerwear,Düsseldorf,13,8,163.21,2121.7,101,55
2026-05-06,P009,Blazer,Outerwear,Essen,8,4,96.92,775.34,103,53
2026-05-06,P009,Blazer,Outerwear,Köln,11,8,150.29,1653.16,125,37
2026-05-06,P009,Blazer,Outerwear,München,27,11,202.45,5466.15,98,59
2026-05-06,P009,Blazer,Outerwear,Berlin,10,5,175.73,1757.25,59,47
2026-05-06,P010,Sports Hoodie,Sportswear,Düsseldorf,14,5,97.57,1365.95,116,26
2026-05-06,P010,Sports Hoodie,Sportswear,Essen,18,9,35.24,634.39,80,33
2026-05-06,P010,Sports Hoodie,Sportswear,Köln,8,4,101.87,814.97,105,32
2026-05-06,P010,Sports Hoodie,Sportswear,München,23,19,80.85,1859.64,99,36
2026-05-06,P010,Sports Hoodie,Sportswear,Berlin,21,11,90.02,1890.5,57,50
2026-05-07,P001,Basic T-Shirt,Clothing,Düsseldorf,13,10,26.43,343.65,128,31
2026-05-07,P001,Basic T-Shirt,Clothing,Essen,21,11,32.64,685.38,164,29
2026-05-07,P001,Basic T-Shirt,Clothing,Köln,6,2,31.0,186.02,147,33
2026-05-07,P001,Basic T-Shirt,Clothing,München,11,8,64.54,709.98,101,50
2026-05-07,P001,Basic T-Shirt,Clothing,Berlin,21,8,46.64,979.47,121,59
2026-05-07,P002,Slim Jeans,Clothing,Düsseldorf,6,2,33.18,199.11,84,30
2026-05-07,P002,Slim Jeans,Clothing,Essen,23,19,33.32,766.47,97,50
2026-05-07,P002,Slim Jeans,Clothing,Köln,15,6,51.12,766.79,140,39
2026-05-07,P002,Slim Jeans,Clothing,München,2,1,77.48,154.95,112,29
2026-05-07,P002,Slim Jeans,Clothing,Berlin,13,8,47.06,611.84,137,29
2026-05-07,P003,Summer Dress,Clothing,Düsseldorf,4,1,61.63,246.53,117,54
2026-05-07,P003,Summer Dress,Clothing,Essen,20,13,62.44,1248.83,68,38
2026-05-07,P003,Summer Dress,Clothing,Köln,27,12,32.33,872.87,81,54
2026-05-07,P003,Summer Dress,Clothing,München,28,12,50.9,1425.17,34,43
2026-05-07,P003,Summer Dress,Clothing,Berlin,12,10,61.43,737.2,86,34
2026-05-07,P004,Sneakers,Shoes,Düsseldorf,15,11,77.22,1158.37,116,38
2026-05-07,P004,Sneakers,Shoes,Essen,12,6,65.38,784.58,95,36
2026-05-07,P004,Sneakers,Shoes,Köln,24,12,50.69,1216.54,82,37
2026-05-07,P004,Sneakers,Shoes,München,29,12,132.72,3848.86,95,28
2026-05-07,P004,Sneakers,Shoes,Berlin,18,10,95.77,1723.78,86,26
2026-05-07,P005,Leather Boots,Shoes,Düsseldorf,20,13,52.04,1040.87,105,37
2026-05-07,P005,Leather Boots,Shoes,Essen,21,9,138.59,2910.49,42,36
2026-05-07,P005,Leather Boots,Shoes,Köln,17,9,51.32,872.45,106,29
2026-05-07,P005,Leather Boots,Shoes,München,13,11,82.84,1076.89,107,37
2026-05-07,P005,Leather Boots,Shoes,Berlin,11,4,103.38,1137.17,101,39
2026-05-07,P006,Handbag,Accessories,Düsseldorf,21,15,19.7,413.7,69,37
2026-05-07,P006,Handbag,Accessories,Essen,22,15,72.4,1592.9,65,55
2026-05-07,P006,Handbag,Accessories,Köln,0,1,81.1,0.0,99,31
2026-05-07,P006,Handbag,Accessories,München,7,3,19.82,138.76,152,25
2026-05-07,P006,Handbag,Accessories,Berlin,20,11,47.88,957.61,78,53
2026-05-07,P007,Belt,Accessories,Düsseldorf,16,9,45.63,730.15,97,59
2026-05-07,P007,Belt,Accessories,Essen,27,23,53.53,1445.3,83,31
2026-05-07,P007,Belt,Accessories,Köln,21,10,54.87,1152.28,33,59
2026-05-07,P007,Belt,Accessories,München,12,5,42.36,508.27,96,54
2026-05-07,P007,Belt,Accessories,Berlin,27,14,82.42,2225.44,75,53
2026-05-07,P008,Winter Jacket,Outerwear,Düsseldorf,1,1,103.51,103.51,137,57
2026-05-07,P008,Winter Jacket,Outerwear,Essen,19,10,140.04,2660.71,78,32
2026-05-07,P008,Winter Jacket,Outerwear,Köln,13,7,137.94,1793.23,121,52
2026-05-07,P008,Winter Jacket,Outerwear,München,10,4,120.15,1201.51,160,34
2026-05-07,P008,Winter Jacket,Outerwear,Berlin,9,4,112.81,1015.3,105,30
2026-05-07,P009,Blazer,Outerwear,Düsseldorf,8,4,120.83,966.68,103,25
2026-05-07,P009,Blazer,Outerwear,Essen,16,13,89.18,1426.85,125,43
2026-05-07,P009,Blazer,Outerwear,Köln,30,16,80.97,2429.07,68,56
2026-05-07,P009,Blazer,Outerwear,München,7,5,81.47,570.32,110,38
2026-05-07,P009,Blazer,Outerwear,Berlin,28,21,81.47,2281.18,86,51
2026-05-07,P010,Sports Hoodie,Sportswear,Düsseldorf,22,9,32.39,712.56,81,59
2026-05-07,P010,Sports Hoodie,Sportswear,Essen,24,10,70.43,1690.32,81,58
2026-05-07,P010,Sports Hoodie,Sportswear,Köln,22,9,40.68,894.9,66,25
2026-05-07,P010,Sports Hoodie,Sportswear,München,25,12,62.41,1560.23,115,54
2026-05-07,P010,Sports Hoodie,Sportswear,Berlin,0,1,39.07,0.0,107,53
2026-05-08,P001,Basic T-Shirt,Clothing,Düsseldorf,16,9,30.27,484.32,61,25
2026-05-08,P001,Basic T-Shirt,Clothing,Essen,19,7,25.43,483.25,53,52
2026-05-08,P001,Basic T-Shirt,Clothing,Köln,22,14,51.29,1128.28,62,49
2026-05-08,P001,Basic T-Shirt,Clothing,München,29,13,62.9,1824.02,44,47
2026-05-08,P001,Basic T-Shirt,Clothing,Berlin,10,6,40.86,408.58,122,45
2026-05-08,P002,Slim Jeans,Clothing,Düsseldorf,4,1,49.79,199.17,124,39
2026-05-08,P002,Slim Jeans,Clothing,Essen,6,3,61.88,371.28,78,37
2026-05-08,P002,Slim Jeans,Clothing,Köln,13,8,46.63,606.13,104,46
2026-05-08,P002,Slim Jeans,Clothing,München,19,8,23.94,454.95,93,27
2026-05-08,P002,Slim Jeans,Clothing,Berlin,30,22,21.56,646.84,95,53
2026-05-08,P003,Summer Dress,Clothing,Düsseldorf,26,16,43.42,1128.8,100,42
2026-05-08,P003,Summer Dress,Clothing,Essen,16,6,47.54,760.68,123,45
2026-05-08,P003,Summer Dress,Clothing,Köln,28,20,61.76,1729.29,75,41
2026-05-08,P003,Summer Dress,Clothing,München,0,1,57.62,0.0,88,57
2026-05-08,P003,Summer Dress,Clothing,Berlin,29,12,36.06,1045.84,74,43
2026-05-08,P004,Sneakers,Shoes,Düsseldorf,25,11,109.79,2744.79,74,48
2026-05-08,P004,Sneakers,Shoes,Essen,28,22,87.19,2441.2,68,53
2026-05-08,P004,Sneakers,Shoes,Köln,12,4,82.56,990.71,69,57
2026-05-08,P004,Sneakers,Shoes,München,15,10,139.48,2092.27,86,36
2026-05-08,P004,Sneakers,Shoes,Berlin,14,6,87.64,1226.9,96,35
2026-05-08,P005,Leather Boots,Shoes,Düsseldorf,20,16,107.43,2148.53,71,45
2026-05-08,P005,Leather Boots,Shoes,Essen,28,14,92.66,2594.38,51,57
2026-05-08,P005,Leather Boots,Shoes,Köln,17,6,98.68,1677.63,56,49
2026-05-08,P005,Leather Boots,Shoes,München,9,6,88.16,793.45,111,55
2026-05-08,P005,Leather Boots,Shoes,Berlin,25,10,149.76,3743.94,97,50
2026-05-08,P006,Handbag,Accessories,Düsseldorf,19,9,36.14,686.73,133,46
2026-05-08,P006,Handbag,Accessories,Essen,19,8,42.29,803.42,86,54
2026-05-08,P006,Handbag,Accessories,Köln,18,15,77.43,1393.65,98,51
2026-05-08,P006,Handbag,Accessories,München,13,6,31.57,410.36,125,38
2026-05-08,P006,Handbag,Accessories,Berlin,21,17,52.87,1110.34,98,56
2026-05-08,P007,Belt,Accessories,Düsseldorf,12,10,86.59,1039.06,85,38
2026-05-08,P007,Belt,Accessories,Essen,9,4,39.93,359.39,157,58
2026-05-08,P007,Belt,Accessories,Köln,22,17,71.34,1569.54,82,53
2026-05-08,P007,Belt,Accessories,München,24,10,28.53,684.73,89,49
2026-05-08,P007,Belt,Accessories,Berlin,29,19,32.04,929.2,93,37
2026-05-08,P008,Winter Jacket,Outerwear,Düsseldorf,2,1,216.0,431.99,91,58
2026-05-08,P008,Winter Jacket,Outerwear,Essen,8,4,125.82,1006.56,112,44
2026-05-08,P008,Winter Jacket,Outerwear,Köln,24,11,114.09,2738.12,134,57
2026-05-08,P008,Winter Jacket,Outerwear,München,11,6,216.93,2386.24,113,38
2026-05-08,P008,Winter Jacket,Outerwear,Berlin,24,12,132.99,3191.76,112,59
2026-05-08,P009,Blazer,Outerwear,Düsseldorf,7,3,144.86,1014.03,120,52
2026-05-08,P009,Blazer,Outerwear,Essen,15,11,126.42,1896.33,68,47
2026-05-08,P009,Blazer,Outerwear,Köln,19,16,160.83,3055.73,87,29
2026-05-08,P009,Blazer,Outerwear,München,37,18,147.92,5473.11,22,53
2026-05-08,P009,Blazer,Outerwear,Berlin,0,1,209.92,0.0,137,38
2026-05-08,P010,Sports Hoodie,Sportswear,Düsseldorf,16,7,58.22,931.58,108,57
2026-05-08,P010,Sports Hoodie,Sportswear,Essen,22,19,31.68,697.06,87,59
2026-05-08,P010,Sports Hoodie,Sportswear,Köln,20,11,119.82,2396.49,135,36
2026-05-08,P010,Sports Hoodie,Sportswear,München,13,9,105.41,1370.34,71,55
2026-05-08,P010,Sports Hoodie,Sportswear,Berlin,34,13,33.0,1121.97,73,39
2026-05-09,P001,Basic T-Shirt,Clothing,Düsseldorf,10,5,49.39,493.91,102,42
2026-05-09,P001,Basic T-Shirt,Clothing,Essen,18,9,74.29,1337.14,131,45
2026-05-09,P001,Basic T-Shirt,Clothing,Köln,7,4,73.37,513.58,112,48
2026-05-09,P001,Basic T-Shirt,Clothing,München,32,24,27.48,879.35,45,39
2026-05-09,P001,Basic T-Shirt,Clothing,Berlin,2,1,35.18,70.35,100,40
2026-05-09,P002,Slim Jeans,Clothing,Düsseldorf,32,12,63.74,2039.53,89,55
2026-05-09,P002,Slim Jeans,Clothing,Essen,16,8,52.65,842.39,124,57
2026-05-09,P002,Slim Jeans,Clothing,Köln,10,4,59.37,593.7,93,37
2026-05-09,P002,Slim Jeans,Clothing,München,8,3,28.51,228.05,102,51
2026-05-09,P002,Slim Jeans,Clothing,Berlin,9,3,72.34,651.02,124,43
2026-05-09,P003,Summer Dress,Clothing,Düsseldorf,23,16,35.01,805.28,59,55
2026-05-09,P003,Summer Dress,Clothing,Essen,20,9,67.52,1350.34,78,44
2026-05-09,P003,Summer Dress,Clothing,Köln,18,10,70.31,1265.5,74,45
2026-05-09,P003,Summer Dress,Clothing,München,13,7,78.54,1020.98,34,58
2026-05-09,P003,Summer Dress,Clothing,Berlin,24,17,54.43,1306.38,45,38
2026-05-09,P004,Sneakers,Shoes,Düsseldorf,3,1,141.0,422.99,88,37
2026-05-09,P004,Sneakers,Shoes,Essen,24,18,117.64,2823.37,82,46
2026-05-09,P004,Sneakers,Shoes,Köln,16,7,136.98,2191.65,90,43
2026-05-09,P004,Sneakers,Shoes,München,15,13,101.04,1515.53,80,35
2026-05-09,P004,Sneakers,Shoes,Berlin,32,16,82.82,2650.27,81,55
2026-05-09,P005,Leather Boots,Shoes,Düsseldorf,14,7,97.37,1363.12,82,45
2026-05-09,P005,Leather Boots,Shoes,Essen,27,21,135.77,3665.91,110,49
2026-05-09,P005,Leather Boots,Shoes,Köln,9,3,72.82,655.37,87,45
2026-05-09,P005,Leather Boots,Shoes,München,26,23,140.23,3646.0,77,48
2026-05-09,P005,Leather Boots,Shoes,Berlin,12,5,109.66,1315.87,65,56
2026-05-09,P006,Handbag,Accessories,Düsseldorf,15,9,18.3,274.48,96,52
2026-05-09,P006,Handbag,Accessories,Essen,9,5,34.01,306.07,101,59
2026-05-09,P006,Handbag,Accessories,Köln,30,13,87.6,2628.15,85,26
2026-05-09,P006,Handbag,Accessories,München,22,15,15.32,336.99,73,34
2026-05-09,P006,Handbag,Accessories,Berlin,17,7,26.42,449.09,67,35
2026-05-09,P007,Belt,Accessories,Düsseldorf,24,13,82.09,1970.24,94,39
2026-05-09,P007,Belt,Accessories,Essen,14,11,54.36,761.11,61,38
2026-05-09,P007,Belt,Accessories,Köln,4,2,34.51,138.04,68,58
2026-05-09,P007,Belt,Accessories,München,25,15,64.56,1614.12,117,57
2026-05-09,P007,Belt,Accessories,Berlin,14,7,25.19,352.62,99,33
2026-05-09,P008,Winter Jacket,Outerwear,Düsseldorf,21,9,169.53,3560.04,91,53
2026-05-09,P008,Winter Jacket,Outerwear,Essen,22,12,82.4,1812.8,143,30
2026-05-09,P008,Winter Jacket,Outerwear,Köln,9,4,130.59,1175.32,80,35
2026-05-09,P008,Winter Jacket,Outerwear,München,24,13,176.72,4241.24,80,34
2026-05-09,P008,Winter Jacket,Outerwear,Berlin,12,5,170.21,2042.46,99,36
2026-05-09,P009,Blazer,Outerwear,Düsseldorf,14,6,115.45,1616.34,122,35
2026-05-09,P009,Blazer,Outerwear,Essen,12,5,83.07,996.81,123,47
2026-05-09,P009,Blazer,Outerwear,Köln,11,7,155.09,1706.02,128,38
2026-05-09,P009,Blazer,Outerwear,München,24,14,172.76,4146.18,50,45
2026-05-09,P009,Blazer,Outerwear,Berlin,22,14,183.26,4031.73,66,37
2026-05-09,P010,Sports Hoodie,Sportswear,Düsseldorf,28,20,71.1,1990.84,50,29
2026-05-09,P010,Sports Hoodie,Sportswear,Essen,11,8,96.65,1063.1,106,29
2026-05-09,P010,Sports Hoodie,Sportswear,Köln,18,7,38.52,693.32,112,46
2026-05-09,P010,Sports Hoodie,Sportswear,München,21,12,56.42,1184.79,146,33
2026-05-09,P010,Sports Hoodie,Sportswear,Berlin,32,27,51.52,1648.67,74,31
2026-05-10,P001,Basic T-Shirt,Clothing,Düsseldorf,14,10,44.33,620.67,111,58
2026-05-10,P001,Basic T-Shirt,Clothing,Essen,21,15,43.02,903.36,77,40
2026-05-10,P001,Basic T-Shirt,Clothing,Köln,29,16,64.27,1863.84,120,38
2026-05-10,P001,Basic T-Shirt,Clothing,München,26,14,55.33,1438.68,63,52
2026-05-10,P001,Basic T-Shirt,Clothing,Berlin,20,8,48.66,973.3,62,36
2026-05-10,P002,Slim Jeans,Clothing,Düsseldorf,14,10,56.45,790.3,89,48
2026-05-10,P002,Slim Jeans,Clothing,Essen,23,10,24.69,567.92,41,25
2026-05-10,P002,Slim Jeans,Clothing,Köln,12,8,23.82,285.85,44,51
2026-05-10,P002,Slim Jeans,Clothing,München,14,10,48.27,675.85,112,26
2026-05-10,P002,Slim Jeans,Clothing,Berlin,30,12,32.92,987.67,73,49
2026-05-10,P003,Summer Dress,Clothing,Düsseldorf,21,9,67.98,1427.48,65,44
2026-05-10,P003,Summer Dress,Clothing,Essen,20,10,29.61,592.2,113,33
2026-05-10,P003,Summer Dress,Clothing,Köln,17,6,22.81,387.75,71,26
2026-05-10,P003,Summer Dress,Clothing,München,27,11,28.88,779.86,94,30
2026-05-10,P003,Summer Dress,Clothing,Berlin,18,10,74.83,1346.92,89,47
2026-05-10,P004,Sneakers,Shoes,Düsseldorf,28,11,114.24,3198.83,60,45
2026-05-10,P004,Sneakers,Shoes,Essen,31,20,118.42,3671.13,132,34
2026-05-10,P004,Sneakers,Shoes,Köln,12,4,53.89,646.7,64,36
2026-05-10,P004,Sneakers,Shoes,München,5,3,121.17,605.87,72,49
2026-05-10,P004,Sneakers,Shoes,Berlin,10,4,66.31,663.15,114,50
2026-05-10,P005,Leather Boots,Shoes,Düsseldorf,13,9,83.3,1082.88,91,32
2026-05-10,P005,Leather Boots,Shoes,Essen,19,13,143.28,2722.26,106,28
2026-05-10,P005,Leather Boots,Shoes,Köln,22,12,115.13,2532.85,86,49
2026-05-10,P005,Leather Boots,Shoes,München,26,11,136.58,3551.04,65,48
2026-05-10,P005,Leather Boots,Shoes,Berlin,13,11,50.86,661.16,79,40
2026-05-10,P006,Handbag,Accessories,Düsseldorf,6,5,91.18,547.09,142,30
2026-05-10,P006,Handbag,Accessories,Essen,12,4,20.0,240.0,115,39
2026-05-10,P006,Handbag,Accessories,Köln,15,9,49.56,743.43,73,39
2026-05-10,P006,Handbag,Accessories,München,36,18,49.45,1780.24,61,55
2026-05-10,P006,Handbag,Accessories,Berlin,11,7,97.22,1069.47,88,29
2026-05-10,P007,Belt,Accessories,Düsseldorf,15,12,81.2,1218.03,69,47
2026-05-10,P007,Belt,Accessories,Essen,14,5,97.2,1360.86,59,25
2026-05-10,P007,Belt,Accessories,Köln,6,2,28.08,168.5,129,44
2026-05-10,P007,Belt,Accessories,München,29,14,85.3,2473.65,41,30
2026-05-10,P007,Belt,Accessories,Berlin,0,1,73.79,0.0,132,44
2026-05-10,P008,Winter Jacket,Outerwear,Düsseldorf,15,6,80.91,1213.58,134,55
2026-05-10,P008,Winter Jacket,Outerwear,Essen,13,10,181.42,2358.42,53,40
2026-05-10,P008,Winter Jacket,Outerwear,Köln,22,12,127.7,2809.36,44,48
2026-05-10,P008,Winter Jacket,Outerwear,München,17,14,204.26,3472.48,101,47
2026-05-10,P008,Winter Jacket,Outerwear,Berlin,13,6,154.45,2007.81,120,53
2026-05-10,P009,Blazer,Outerwear,Düsseldorf,15,10,99.61,1494.13,130,57
2026-05-10,P009,Blazer,Outerwear,Essen,13,10,126.65,1646.45,88,44
2026-05-10,P009,Blazer,Outerwear,Köln,20,8,185.19,3703.78,103,28
2026-05-10,P009,Blazer,Outerwear,München,17,14,169.56,2882.48,108,38
2026-05-10,P009,Blazer,Outerwear,Berlin,18,7,87.62,1577.24,68,25
2026-05-10,P010,Sports Hoodie,Sportswear,Düsseldorf,12,7,31.13,373.55,71,49
2026-05-10,P010,Sports Hoodie,Sportswear,Essen,6,3,117.57,705.45,117,38
2026-05-10,P010,Sports Hoodie,Sportswear,Köln,29,16,99.82,2894.64,139,29
2026-05-10,P010,Sports Hoodie,Sportswear,München,9,4,95.16,856.42,130,53
2026-05-10,P010,Sports Hoodie,Sportswear,Berlin,17,8,68.61,1166.43,50,45
2026-05-11,P001,Basic T-Shirt,Clothing,Düsseldorf,8,4,44.37,354.97,113,39
2026-05-11,P001,Basic T-Shirt,Clothing,Essen,19,14,51.73,982.9,112,57
2026-05-11,P001,Basic T-Shirt,Clothing,Köln,7,4,32.71,229.0,102,38
2026-05-11,P001,Basic T-Shirt,Clothing,München,13,5,31.18,405.32,78,52
2026-05-11,P001,Basic T-Shirt,Clothing,Berlin,6,3,54.71,328.27,89,58
2026-05-11,P002,Slim Jeans,Clothing,Düsseldorf,12,8,21.1,253.23,74,54
2026-05-11,P002,Slim Jeans,Clothing,Essen,12,5,44.77,537.28,114,34
2026-05-11,P002,Slim Jeans,Clothing,Köln,18,9,24.08,433.41,120,39
2026-05-11,P002,Slim Jeans,Clothing,München,1,1,57.18,57.18,117,37
2026-05-11,P002,Slim Jeans,Clothing,Berlin,6,2,75.37,452.24,91,28
2026-05-11,P003,Summer Dress,Clothing,Düsseldorf,31,17,50.91,1578.32,46,40
2026-05-11,P003,Summer Dress,Clothing,Essen,10,7,69.29,692.87,65,41
2026-05-11,P003,Summer Dress,Clothing,Köln,31,18,50.48,1564.87,59,59
2026-05-11,P003,Summer Dress,Clothing,München,9,5,57.13,514.19,94,34
2026-05-11,P003,Summer Dress,Clothing,Berlin,21,11,34.06,715.19,57,59
2026-05-11,P004,Sneakers,Shoes,Düsseldorf,21,11,147.16,3090.33,47,59
2026-05-11,P004,Sneakers,Shoes,Essen,12,8,111.79,1341.5,98,54
2026-05-11,P004,Sneakers,Shoes,Köln,5,4,99.89,499.47,144,46
2026-05-11,P004,Sneakers,Shoes,München,32,28,124.09,3970.99,77,47
2026-05-11,P004,Sneakers,Shoes,Berlin,24,10,62.03,1488.79,72,56
2026-05-11,P005,Leather Boots,Shoes,Düsseldorf,21,16,53.99,1133.82,134,26
2026-05-11,P005,Leather Boots,Shoes,Essen,16,6,127.35,2037.56,103,52
2026-05-11,P005,Leather Boots,Shoes,Köln,11,6,99.2,1091.2,142,32
2026-05-11,P005,Leather Boots,Shoes,München,18,8,146.78,2642.1,63,56
2026-05-11,P005,Leather Boots,Shoes,Berlin,26,19,149.31,3882.01,50,53
2026-05-11,P006,Handbag,Accessories,Düsseldorf,14,10,60.16,842.18,107,25
2026-05-11,P006,Handbag,Accessories,Essen,13,6,42.66,554.62,87,51
2026-05-11,P006,Handbag,Accessories,Köln,5,2,75.47,377.33,121,56
2026-05-11,P006,Handbag,Accessories,München,6,5,87.51,525.06,94,29
2026-05-11,P006,Handbag,Accessories,Berlin,28,18,60.89,1704.87,76,33
2026-05-11,P007,Belt,Accessories,Düsseldorf,13,7,78.89,1025.58,103,25
2026-05-11,P007,Belt,Accessories,Essen,3,1,47.28,141.84,91,43
2026-05-11,P007,Belt,Accessories,Köln,14,6,67.05,938.7,103,25
2026-05-11,P007,Belt,Accessories,München,16,6,94.11,1505.75,92,33
2026-05-11,P007,Belt,Accessories,Berlin,5,2,89.77,448.87,124,43
2026-05-11,P008,Winter Jacket,Outerwear,Düsseldorf,0,1,140.08,0.0,145,34
2026-05-11,P008,Winter Jacket,Outerwear,Essen,9,6,84.47,760.24,82,38
2026-05-11,P008,Winter Jacket,Outerwear,Köln,27,20,141.94,3832.25,64,43
2026-05-11,P008,Winter Jacket,Outerwear,München,1,1,131.95,131.95,124,46
2026-05-11,P008,Winter Jacket,Outerwear,Berlin,4,1,154.65,618.61,113,52
2026-05-11,P009,Blazer,Outerwear,Düsseldorf,13,6,202.98,2638.69,75,42
2026-05-11,P009,Blazer,Outerwear,Essen,5,2,98.12,490.59,122,32
2026-05-11,P009,Blazer,Outerwear,Köln,20,8,175.61,3512.12,64,48
2026-05-11,P009,Blazer,Outerwear,München,30,16,106.08,3182.35,102,50
2026-05-11,P009,Blazer,Outerwear,Berlin,14,6,167.04,2338.63,85,59
2026-05-11,P010,Sports Hoodie,Sportswear,Düsseldorf,16,8,57.2,915.18,91,56
2026-05-11,P010,Sports Hoodie,Sportswear,Essen,33,16,114.82,3789.22,92,30
2026-05-11,P010,Sports Hoodie,Sportswear,Köln,7,5,40.46,283.23,104,30
2026-05-11,P010,Sports Hoodie,Sportswear,München,7,4,47.15,330.04,126,55
2026-05-11,P010,Sports Hoodie,Sportswear,Berlin,33,14,59.83,1974.23,62,28
2026-05-12,P001,Basic T-Shirt,Clothing,Düsseldorf,29,17,29.56,857.13,66,25
2026-05-12,P001,Basic T-Shirt,Clothing,Essen,16,8,54.29,868.57,90,55
2026-05-12,P001,Basic T-Shirt,Clothing,Köln,28,19,44.39,1242.81,104,25
2026-05-12,P001,Basic T-Shirt,Clothing,München,14,9,37.26,521.66,81,49
2026-05-12,P001,Basic T-Shirt,Clothing,Berlin,20,10,40.14,802.72,80,53
2026-05-12,P002,Slim Jeans,Clothing,Düsseldorf,2,1,40.72,81.43,106,55
2026-05-12,P002,Slim Jeans,Clothing,Essen,3,2,39.76,119.27,115,58
2026-05-12,P002,Slim Jeans,Clothing,Köln,18,7,75.61,1360.98,108,47
2026-05-12,P002,Slim Jeans,Clothing,München,34,16,34.82,1183.77,79,27
2026-05-12,P002,Slim Jeans,Clothing,Berlin,14,11,52.49,734.83,77,55
2026-05-12,P003,Summer Dress,Clothing,Düsseldorf,26,19,42.3,1099.69,44,30
2026-05-12,P003,Summer Dress,Clothing,Essen,19,7,20.73,393.88,66,56
2026-05-12,P003,Summer Dress,Clothing,Köln,1,1,71.21,71.21,78,55
2026-05-12,P003,Summer Dress,Clothing,München,16,9,56.5,903.99,120,49
2026-05-12,P003,Summer Dress,Clothing,Berlin,11,7,45.25,497.74,56,34
2026-05-12,P004,Sneakers,Shoes,Düsseldorf,10,5,63.53,635.26,107,36
2026-05-12,P004,Sneakers,Shoes,Essen,21,10,118.02,2478.48,89,47
2026-05-12,P004,Sneakers,Shoes,Köln,9,6,113.18,1018.63,88,31
2026-05-12,P004,Sneakers,Shoes,München,14,9,125.13,1751.87,114,44
2026-05-12,P004,Sneakers,Shoes,Berlin,29,21,57.77,1675.25,53,47
2026-05-12,P005,Leather Boots,Shoes,Düsseldorf,13,9,126.85,1649.08,111,53
2026-05-12,P005,Leather Boots,Shoes,Essen,23,16,130.9,3010.62,90,29
2026-05-12,P005,Leather Boots,Shoes,Köln,22,16,111.32,2448.93,58,52
2026-05-12,P005,Leather Boots,Shoes,München,20,12,101.81,2036.14,33,59
2026-05-12,P005,Leather Boots,Shoes,Berlin,11,5,127.44,1401.79,76,38
2026-05-12,P006,Handbag,Accessories,Düsseldorf,9,6,45.04,405.32,114,56
2026-05-12,P006,Handbag,Accessories,Essen,22,9,31.22,686.73,126,51
2026-05-12,P006,Handbag,Accessories,Köln,15,12,88.18,1322.68,100,55
2026-05-12,P006,Handbag,Accessories,München,10,7,92.92,929.21,101,56
2026-05-12,P006,Handbag,Accessories,Berlin,25,12,56.55,1413.63,88,27
2026-05-12,P007,Belt,Accessories,Düsseldorf,15,11,91.99,1379.83,87,41
2026-05-12,P007,Belt,Accessories,Essen,28,12,82.17,2300.74,57,39
2026-05-12,P007,Belt,Accessories,Köln,41,19,60.2,2468.4,41,54
2026-05-12,P007,Belt,Accessories,München,30,16,56.95,1708.62,75,43
2026-05-12,P007,Belt,Accessories,Berlin,24,20,30.12,722.84,76,31
2026-05-12,P008,Winter Jacket,Outerwear,Düsseldorf,14,5,118.58,1660.1,108,48
2026-05-12,P008,Winter Jacket,Outerwear,Essen,21,8,127.15,2670.12,85,46
2026-05-12,P008,Winter Jacket,Outerwear,Köln,15,8,113.22,1698.25,108,31
2026-05-12,P008,Winter Jacket,Outerwear,München,22,10,103.47,2276.37,138,52
2026-05-12,P008,Winter Jacket,Outerwear,Berlin,0,1,147.33,0.0,104,47
2026-05-12,P009,Blazer,Outerwear,Düsseldorf,21,11,162.14,3405.0,124,35
2026-05-12,P009,Blazer,Outerwear,Essen,13,8,117.41,1526.39,70,58
2026-05-12,P009,Blazer,Outerwear,Köln,16,11,82.87,1325.89,91,49
2026-05-12,P009,Blazer,Outerwear,München,10,7,193.74,1937.35,120,53
2026-05-12,P009,Blazer,Outerwear,Berlin,11,9,139.59,1535.52,120,26
2026-05-12,P010,Sports Hoodie,Sportswear,Düsseldorf,11,5,109.16,1200.74,109,31
2026-05-12,P010,Sports Hoodie,Sportswear,Essen,9,4,33.41,300.68,75,40
2026-05-12,P010,Sports Hoodie,Sportswear,Köln,19,13,105.68,2007.85,73,30
2026-05-12,P010,Sports Hoodie,Sportswear,München,23,9,73.87,1699.12,110,39
2026-05-12,P010,Sports Hoodie,Sportswear,Berlin,3,1,31.51,94.54,129,37
2026-05-13,P001,Basic T-Shirt,Clothing,Düsseldorf,11,8,23.32,256.52,63,37
2026-05-13,P001,Basic T-Shirt,Clothing,Essen,26,22,32.1,834.49,64,39
2026-05-13,P001,Basic T-Shirt,Clothing,Köln,4,2,77.35,309.4,134,43
2026-05-13,P001,Basic T-Shirt,Clothing,München,16,14,57.68,922.92,103,52
2026-05-13,P001,Basic T-Shirt,Clothing,Berlin,12,7,24.29,291.47,97,55
2026-05-13,P002,Slim Jeans,Clothing,Düsseldorf,24,19,46.3,1111.13,134,35
2026-05-13,P002,Slim Jeans,Clothing,Essen,19,15,79.2,1504.87,71,36
2026-05-13,P002,Slim Jeans,Clothing,Köln,7,3,62.4,436.81,162,33
2026-05-13,P002,Slim Jeans,Clothing,München,7,3,51.36,359.54,119,43
2026-05-13,P002,Slim Jeans,Clothing,Berlin,22,9,41.71,917.57,95,50
2026-05-13,P003,Summer Dress,Clothing,Düsseldorf,15,9,71.01,1065.14,81,45
2026-05-13,P003,Summer Dress,Clothing,Essen,13,6,71.1,924.36,76,28
2026-05-13,P003,Summer Dress,Clothing,Köln,18,12,43.87,789.64,94,41
2026-05-13,P003,Summer Dress,Clothing,München,18,7,79.68,1434.23,118,25
2026-05-13,P003,Summer Dress,Clothing,Berlin,21,9,24.5,514.56,101,51
2026-05-13,P004,Sneakers,Shoes,Düsseldorf,6,3,99.92,599.54,94,56
2026-05-13,P004,Sneakers,Shoes,Essen,21,14,71.31,1497.5,89,53
2026-05-13,P004,Sneakers,Shoes,Köln,23,16,120.97,2782.36,74,29
2026-05-13,P004,Sneakers,Shoes,München,38,15,126.37,4801.92,60,28
2026-05-13,P004,Sneakers,Shoes,Berlin,11,6,78.38,862.22,76,50
2026-05-13,P005,Leather Boots,Shoes,Düsseldorf,4,3,107.22,428.9,142,57
2026-05-13,P005,Leather Boots,Shoes,Essen,3,1,138.61,415.84,129,26
2026-05-13,P005,Leather Boots,Shoes,Köln,32,15,141.2,4518.5,84,25
2026-05-13,P005,Leather Boots,Shoes,München,5,2,120.7,603.49,156,25
2026-05-13,P005,Leather Boots,Shoes,Berlin,8,5,91.68,733.46,98,29
2026-05-13,P006,Handbag,Accessories,Düsseldorf,25,12,72.28,1806.94,79,27
2026-05-13,P006,Handbag,Accessories,Essen,32,13,40.75,1303.95,75,30
2026-05-13,P006,Handbag,Accessories,Köln,9,5,80.1,720.91,125,50
2026-05-13,P006,Handbag,Accessories,München,32,16,42.63,1364.13,67,28
2026-05-13,P006,Handbag,Accessories,Berlin,23,11,58.63,1348.55,93,31
2026-05-13,P007,Belt,Accessories,Düsseldorf,13,6,33.76,438.89,92,43
2026-05-13,P007,Belt,Accessories,Essen,8,3,58.65,469.18,137,49
2026-05-13,P007,Belt,Accessories,Köln,25,11,92.91,2322.75,67,58
2026-05-13,P007,Belt,Accessories,München,4,2,24.11,96.42,90,40
2026-05-13,P007,Belt,Accessories,Berlin,10,7,57.04,570.43,80,50
2026-05-13,P008,Winter Jacket,Outerwear,Düsseldorf,15,10,168.95,2534.31,91,25
2026-05-13,P008,Winter Jacket,Outerwear,Essen,26,19,202.4,5262.43,67,28
2026-05-13,P008,Winter Jacket,Outerwear,Köln,5,2,131.81,659.03,114,39
2026-05-13,P008,Winter Jacket,Outerwear,München,21,12,182.8,3838.83,92,36
2026-05-13,P008,Winter Jacket,Outerwear,Berlin,9,4,214.38,1929.39,126,33
2026-05-13,P009,Blazer,Outerwear,Düsseldorf,12,5,108.97,1307.68,125,30
2026-05-13,P009,Blazer,Outerwear,Essen,20,9,156.61,3132.13,26,59
2026-05-13,P009,Blazer,Outerwear,Köln,19,8,193.12,3669.19,66,47
2026-05-13,P009,Blazer,Outerwear,München,17,8,209.56,3562.56,69,27
2026-05-13,P009,Blazer,Outerwear,Berlin,12,8,81.5,977.96,45,26
2026-05-13,P010,Sports Hoodie,Sportswear,Düsseldorf,12,6,111.53,1338.35,129,37
2026-05-13,P010,Sports Hoodie,Sportswear,Essen,0,1,36.54,0.0,85,52
2026-05-13,P010,Sports Hoodie,Sportswear,Köln,20,13,41.94,838.81,62,45
2026-05-13,P010,Sports Hoodie,Sportswear,München,25,11,53.84,1345.97,128,30
2026-05-13,P010,Sports Hoodie,Sportswear,Berlin,20,12,78.51,1570.27,98,36
2026-05-14,P001,Basic T-Shirt,Clothing,Düsseldorf,4,1,38.23,152.94,80,43
2026-05-14,P001,Basic T-Shirt,Clothing,Essen,25,21,60.38,1509.52,88,37
2026-05-14,P001,Basic T-Shirt,Clothing,Köln,25,18,33.36,833.91,18,54
2026-05-14,P001,Basic T-Shirt,Clothing,München,35,26,38.88,1360.74,88,41
2026-05-14,P001,Basic T-Shirt,Clothing,Berlin,4,2,30.73,122.92,101,57
2026-05-14,P002,Slim Jeans,Clothing,Düsseldorf,13,7,63.7,828.07,50,46
2026-05-14,P002,Slim Jeans,Clothing,Essen,25,12,26.07,651.71,86,56
2026-05-14,P002,Slim Jeans,Clothing,Köln,9,7,52.18,469.63,104,57
2026-05-14,P002,Slim Jeans,Clothing,München,23,17,38.93,895.3,47,51
2026-05-14,P002,Slim Jeans,Clothing,Berlin,11,6,30.12,331.27,164,39
2026-05-14,P003,Summer Dress,Clothing,Düsseldorf,30,12,78.98,2369.32,148,37
2026-05-14,P003,Summer Dress,Clothing,Essen,32,16,26.56,849.91,90,53
2026-05-14,P003,Summer Dress,Clothing,Köln,28,17,61.62,1725.5,95,53
2026-05-14,P003,Summer Dress,Clothing,München,7,3,76.21,533.47,126,42
2026-05-14,P003,Summer Dress,Clothing,Berlin,30,13,36.59,1097.8,110,47
2026-05-14,P004,Sneakers,Shoes,Düsseldorf,26,22,96.0,2496.1,99,30
2026-05-14,P004,Sneakers,Shoes,Essen,9,6,101.49,913.45,89,35
2026-05-14,P004,Sneakers,Shoes,Köln,19,8,117.36,2229.91,58,52
2026-05-14,P004,Sneakers,Shoes,München,27,16,136.49,3685.29,80,50
2026-05-14,P004,Sneakers,Shoes,Berlin,8,3,107.66,861.3,111,31
2026-05-14,P005,Leather Boots,Shoes,Düsseldorf,14,10,138.76,1942.61,79,26
2026-05-14,P005,Leather Boots,Shoes,Essen,4,3,115.88,463.53,129,33
2026-05-14,P005,Leather Boots,Shoes,Köln,2,1,66.43,132.86,164,53
2026-05-14,P005,Leather Boots,Shoes,München,17,8,67.94,1154.92,56,28
2026-05-14,P005,Leather Boots,Shoes,Berlin,16,14,52.32,837.16,85,36
2026-05-14,P006,Handbag,Accessories,Düsseldorf,12,6,35.73,428.74,95,54
2026-05-14,P006,Handbag,Accessories,Essen,16,9,25.14,402.16,117,35
2026-05-14,P006,Handbag,Accessories,Köln,13,5,87.11,1132.44,135,58
2026-05-14,P006,Handbag,Accessories,München,8,4,64.61,516.89,88,27
2026-05-14,P006,Handbag,Accessories,Berlin,24,10,84.91,2037.77,102,28
2026-05-14,P007,Belt,Accessories,Düsseldorf,3,1,94.47,283.41,125,30
2026-05-14,P007,Belt,Accessories,Essen,12,5,54.15,649.81,127,58
2026-05-14,P007,Belt,Accessories,Köln,10,4,54.85,548.48,65,51
2026-05-14,P007,Belt,Accessories,München,22,14,82.48,1814.55,68,32
2026-05-14,P007,Belt,Accessories,Berlin,22,10,99.27,2184.04,75,47
2026-05-14,P008,Winter Jacket,Outerwear,Düsseldorf,4,1,85.08,340.34,104,38
2026-05-14,P008,Winter Jacket,Outerwear,Essen,22,9,80.99,1781.72,141,48
2026-05-14,P008,Winter Jacket,Outerwear,Köln,18,8,145.31,2615.56,67,59
2026-05-14,P008,Winter Jacket,Outerwear,München,12,7,130.1,1561.23,131,51
2026-05-14,P008,Winter Jacket,Outerwear,Berlin,12,5,110.68,1328.17,89,32
2026-05-14,P009,Blazer,Outerwear,Düsseldorf,1,1,192.65,192.65,131,47
2026-05-14,P009,Blazer,Outerwear,Essen,30,16,88.59,2657.66,68,36
2026-05-14,P009,Blazer,Outerwear,Köln,18,11,114.25,2056.53,67,55
2026-05-14,P009,Blazer,Outerwear,München,33,14,155.64,5136.26,79,44
2026-05-14,P009,Blazer,Outerwear,Berlin,26,10,147.34,3830.73,91,45
2026-05-14,P010,Sports Hoodie,Sportswear,Düsseldorf,4,2,33.63,134.53,127,44
2026-05-14,P010,Sports Hoodie,Sportswear,Essen,15,13,35.41,531.21,67,58
2026-05-14,P010,Sports Hoodie,Sportswear,Köln,15,7,31.13,466.9,98,44
2026-05-14,P010,Sports Hoodie,Sportswear,München,25,17,44.65,1116.3,126,49
2026-05-14,P010,Sports Hoodie,Sportswear,Berlin,25,11,36.09,902.31,98,57
2026-05-15,P001,Basic T-Shirt,Clothing,Düsseldorf,29,18,70.86,2054.95,80,52
2026-05-15,P001,Basic T-Shirt,Clothing,Essen,10,7,69.89,698.93,134,31
2026-05-15,P001,Basic T-Shirt,Clothing,Köln,33,17,62.5,2062.56,36,35
2026-05-15,P001,Basic T-Shirt,Clothing,München,19,13,38.77,736.72,77,57
2026-05-15,P001,Basic T-Shirt,Clothing,Berlin,9,5,60.58,545.19,81,34
2026-05-15,P002,Slim Jeans,Clothing,Düsseldorf,18,7,36.15,650.69,67,34
2026-05-15,P002,Slim Jeans,Clothing,Essen,25,20,78.74,1968.58,52,41
2026-05-15,P002,Slim Jeans,Clothing,Köln,13,6,63.81,829.53,80,38
2026-05-15,P002,Slim Jeans,Clothing,München,21,12,75.16,1578.46,79,30
2026-05-15,P002,Slim Jeans,Clothing,Berlin,16,6,60.35,965.53,70,44
2026-05-15,P003,Summer Dress,Clothing,Düsseldorf,28,14,21.42,599.66,58,57
2026-05-15,P003,Summer Dress,Clothing,Essen,18,10,61.66,1109.95,36,40
2026-05-15,P003,Summer Dress,Clothing,Köln,25,14,42.29,1057.13,82,40
2026-05-15,P003,Summer Dress,Clothing,München,7,3,78.12,546.85,71,35
2026-05-15,P003,Summer Dress,Clothing,Berlin,26,10,23.79,618.66,71,37
2026-05-15,P004,Sneakers,Shoes,Düsseldorf,16,7,88.29,1412.66,128,30
2026-05-15,P004,Sneakers,Shoes,Essen,10,8,65.0,650.03,128,29
2026-05-15,P004,Sneakers,Shoes,Köln,17,14,131.1,2228.78,74,54
2026-05-15,P004,Sneakers,Shoes,München,32,13,116.07,3714.14,88,28
2026-05-15,P004,Sneakers,Shoes,Berlin,5,2,124.2,621.0,115,44
2026-05-15,P005,Leather Boots,Shoes,Düsseldorf,33,28,129.64,4278.16,75,52
2026-05-15,P005,Leather Boots,Shoes,Essen,18,13,85.76,1543.71,106,39
2026-05-15,P005,Leather Boots,Shoes,Köln,33,22,147.13,4855.14,119,26
2026-05-15,P005,Leather Boots,Shoes,München,18,15,52.94,952.94,130,56
2026-05-15,P005,Leather Boots,Shoes,Berlin,6,4,52.08,312.51,57,53
2026-05-15,P006,Handbag,Accessories,Düsseldorf,24,14,67.32,1615.73,66,44
2026-05-15,P006,Handbag,Accessories,Essen,14,11,79.72,1116.14,94,41
2026-05-15,P006,Handbag,Accessories,Köln,21,14,23.2,487.26,61,34
2026-05-15,P006,Handbag,Accessories,München,13,5,21.66,281.64,108,39
2026-05-15,P006,Handbag,Accessories,Berlin,30,14,84.06,2521.7,39,31
2026-05-15,P007,Belt,Accessories,Düsseldorf,33,27,56.72,1871.8,120,39
2026-05-15,P007,Belt,Accessories,Essen,13,9,19.18,249.37,95,57
2026-05-15,P007,Belt,Accessories,Köln,35,21,31.79,1112.6,67,34
2026-05-15,P007,Belt,Accessories,München,20,13,34.93,698.6,122,37
2026-05-15,P007,Belt,Accessories,Berlin,5,2,53.15,265.75,101,42
2026-05-15,P008,Winter Jacket,Outerwear,Düsseldorf,21,11,143.66,3016.77,96,56
2026-05-15,P008,Winter Jacket,Outerwear,Essen,25,12,153.71,3842.71,134,33
2026-05-15,P008,Winter Jacket,Outerwear,Köln,6,4,182.83,1096.96,72,43
2026-05-15,P008,Winter Jacket,Outerwear,München,12,8,95.67,1148.03,119,43
2026-05-15,P008,Winter Jacket,Outerwear,Berlin,19,11,98.05,1862.87,68,57
2026-05-15,P009,Blazer,Outerwear,Düsseldorf,23,10,180.62,4154.24,112,31
2026-05-15,P009,Blazer,Outerwear,Essen,5,4,159.25,796.27,134,56
2026-05-15,P009,Blazer,Outerwear,Köln,20,11,160.81,3216.17,83,45
2026-05-15,P009,Blazer,Outerwear,München,15,7,117.21,1758.2,98,28
2026-05-15,P009,Blazer,Outerwear,Berlin,3,1,160.91,482.73,121,59
2026-05-15,P010,Sports Hoodie,Sportswear,Düsseldorf,24,11,76.13,1827.21,43,45
2026-05-15,P010,Sports Hoodie,Sportswear,Essen,6,4,47.47,284.83,103,38
2026-05-15,P010,Sports Hoodie,Sportswear,Köln,25,12,88.12,2203.04,78,54
2026-05-15,P010,Sports Hoodie,Sportswear,München,11,5,62.54,687.89,75,37
2026-05-15,P010,Sports Hoodie,Sportswear,Berlin,18,7,59.17,1065.09,66,25
2026-05-16,P001,Basic T-Shirt,Clothing,Düsseldorf,31,16,69.16,2143.91,98,34
2026-05-16,P001,Basic T-Shirt,Clothing,Essen,6,2,22.53,135.2,96,57
2026-05-16,P001,Basic T-Shirt,Clothing,Köln,27,13,29.05,784.46,73,49
2026-05-16,P001,Basic T-Shirt,Clothing,München,20,16,39.38,787.62,139,53
2026-05-16,P001,Basic T-Shirt,Clothing,Berlin,19,12,50.13,952.51,81,56
2026-05-16,P002,Slim Jeans,Clothing,Düsseldorf,25,11,22.44,561.01,95,37
2026-05-16,P002,Slim Jeans,Clothing,Essen,5,2,77.4,386.99,125,43
2026-05-16,P002,Slim Jeans,Clothing,Köln,11,5,52.51,577.57,77,36
2026-05-16,P002,Slim Jeans,Clothing,München,18,9,45.95,827.06,98,26
2026-05-16,P002,Slim Jeans,Clothing,Berlin,13,6,24.48,318.24,48,59
2026-05-16,P003,Summer Dress,Clothing,Düsseldorf,13,9,78.88,1025.48,82,43
2026-05-16,P003,Summer Dress,Clothing,Essen,15,9,72.44,1086.59,111,33
2026-05-16,P003,Summer Dress,Clothing,Köln,14,10,40.14,562.01,95,57
2026-05-16,P003,Summer Dress,Clothing,München,22,9,42.39,932.61,72,38
2026-05-16,P003,Summer Dress,Clothing,Berlin,10,4,33.03,330.34,136,30
2026-05-16,P004,Sneakers,Shoes,Düsseldorf,12,5,95.65,1147.79,119,51
2026-05-16,P004,Sneakers,Shoes,Essen,0,1,133.4,0.0,156,26
2026-05-16,P004,Sneakers,Shoes,Köln,4,2,111.83,447.32,121,59
2026-05-16,P004,Sneakers,Shoes,München,13,6,84.95,1104.35,132,48
2026-05-16,P004,Sneakers,Shoes,Berlin,22,9,121.35,2669.66,99,51
2026-05-16,P005,Leather Boots,Shoes,Düsseldorf,12,7,68.12,817.41,92,53
2026-05-16,P005,Leather Boots,Shoes,Essen,9,6,121.01,1089.08,88,30
2026-05-16,P005,Leather Boots,Shoes,Köln,17,8,123.58,2100.91,110,29
2026-05-16,P005,Leather Boots,Shoes,München,0,1,146.94,0.0,150,45
2026-05-16,P005,Leather Boots,Shoes,Berlin,29,19,111.12,3222.57,107,41
2026-05-16,P006,Handbag,Accessories,Düsseldorf,27,16,71.37,1927.06,123,31
2026-05-16,P006,Handbag,Accessories,Essen,19,8,68.47,1300.86,72,38
2026-05-16,P006,Handbag,Accessories,Köln,14,11,34.36,481.01,82,32
2026-05-16,P006,Handbag,Accessories,München,13,5,78.83,1024.81,125,56
2026-05-16,P006,Handbag,Accessories,Berlin,11,6,69.21,761.32,115,42
2026-05-16,P007,Belt,Accessories,Düsseldorf,12,6,61.05,732.58,99,49
2026-05-16,P007,Belt,Accessories,Essen,14,11,29.57,413.93,89,41
2026-05-16,P007,Belt,Accessories,Köln,13,5,26.77,348.05,128,35
2026-05-16,P007,Belt,Accessories,München,30,13,69.79,2093.56,76,50
2026-05-16,P007,Belt,Accessories,Berlin,16,10,78.37,1253.9,156,46
2026-05-16,P008,Winter Jacket,Outerwear,Düsseldorf,28,15,206.14,5772.0,91,46
2026-05-16,P008,Winter Jacket,Outerwear,Essen,5,2,137.63,688.14,119,35
2026-05-16,P008,Winter Jacket,Outerwear,Köln,3,1,103.75,311.26,126,33
2026-05-16,P008,Winter Jacket,Outerwear,München,2,1,202.9,405.8,124,29
2026-05-16,P008,Winter Jacket,Outerwear,Berlin,11,6,217.65,2394.15,118,29
2026-05-16,P009,Blazer,Outerwear,Düsseldorf,11,6,141.54,1556.89,106,35
2026-05-16,P009,Blazer,Outerwear,Essen,12,6,165.9,1990.82,78,29
2026-05-16,P009,Blazer,Outerwear,Köln,0,1,188.65,0.0,129,36
2026-05-16,P009,Blazer,Outerwear,München,12,8,88.91,1066.98,106,36
2026-05-16,P009,Blazer,Outerwear,Berlin,23,12,172.81,3974.65,80,27
2026-05-16,P010,Sports Hoodie,Sportswear,Düsseldorf,20,11,72.2,1444.02,91,42
2026-05-16,P010,Sports Hoodie,Sportswear,Essen,19,7,72.75,1382.27,115,48
2026-05-16,P010,Sports Hoodie,Sportswear,Köln,20,9,115.31,2306.24,75,56
2026-05-16,P010,Sports Hoodie,Sportswear,München,17,12,113.61,1931.41,106,26
2026-05-16,P010,Sports Hoodie,Sportswear,Berlin,6,3,82.33,493.98,133,48
2026-05-17,P001,Basic T-Shirt,Clothing,Düsseldorf,11,5,62.34,685.7,85,38
2026-05-17,P001,Basic T-Shirt,Clothing,Essen,14,7,71.26,997.7,132,46
2026-05-17,P001,Basic T-Shirt,Clothing,Köln,13,8,32.86,427.14,112,29
2026-05-17,P001,Basic T-Shirt,Clothing,München,19,9,49.93,948.59,77,26
2026-05-17,P001,Basic T-Shirt,Clothing,Berlin,33,28,31.75,1047.65,89,31
2026-05-17,P002,Slim Jeans,Clothing,Düsseldorf,29,24,77.2,2238.84,72,39
2026-05-17,P002,Slim Jeans,Clothing,Essen,16,9,46.51,744.22,68,47
2026-05-17,P002,Slim Jeans,Clothing,Köln,0,1,48.73,0.0,135,46
2026-05-17,P002,Slim Jeans,Clothing,München,8,4,30.64,245.14,125,43
2026-05-17,P002,Slim Jeans,Clothing,Berlin,22,14,46.32,1019.13,88,38
2026-05-17,P003,Summer Dress,Clothing,Düsseldorf,17,9,24.04,408.63,100,43
2026-05-17,P003,Summer Dress,Clothing,Essen,25,14,43.06,1076.46,54,44
2026-05-17,P003,Summer Dress,Clothing,Köln,6,2,57.26,343.58,143,38
2026-05-17,P003,Summer Dress,Clothing,München,18,15,61.24,1102.39,67,54
2026-05-17,P003,Summer Dress,Clothing,Berlin,29,16,36.02,1044.63,61,52
2026-05-17,P004,Sneakers,Shoes,Düsseldorf,18,7,69.52,1251.44,78,44
2026-05-17,P004,Sneakers,Shoes,Essen,7,4,56.7,396.93,101,54
2026-05-17,P004,Sneakers,Shoes,Köln,25,21,83.82,2095.46,83,58
2026-05-17,P004,Sneakers,Shoes,München,22,10,104.48,2298.65,105,38
2026-05-17,P004,Sneakers,Shoes,Berlin,14,5,113.14,1583.93,89,42
2026-05-17,P005,Leather Boots,Shoes,Düsseldorf,10,7,82.83,828.34,102,30
2026-05-17,P005,Leather Boots,Shoes,Essen,2,1,55.87,111.75,141,30
2026-05-17,P005,Leather Boots,Shoes,Köln,9,7,99.82,898.39,111,44
2026-05-17,P005,Leather Boots,Shoes,München,3,1,107.0,321.01,123,51
2026-05-17,P005,Leather Boots,Shoes,Berlin,25,10,116.05,2901.3,44,29
2026-05-17,P006,Handbag,Accessories,Düsseldorf,24,10,56.02,1344.55,94,51
2026-05-17,P006,Handbag,Accessories,Essen,11,8,46.13,507.43,107,58
2026-05-17,P006,Handbag,Accessories,Köln,6,2,96.72,580.34,87,49
2026-05-17,P006,Handbag,Accessories,München,23,11,76.45,1758.45,68,34
2026-05-17,P006,Handbag,Accessories,Berlin,14,10,17.99,251.9,92,40
2026-05-17,P007,Belt,Accessories,Düsseldorf,9,5,74.27,668.39,84,45
2026-05-17,P007,Belt,Accessories,Essen,20,9,70.72,1414.48,127,30
2026-05-17,P007,Belt,Accessories,Köln,22,11,97.26,2139.71,98,40
2026-05-17,P007,Belt,Accessories,München,22,13,50.28,1106.11,110,58
2026-05-17,P007,Belt,Accessories,Berlin,27,17,56.69,1530.76,112,42
2026-05-17,P008,Winter Jacket,Outerwear,Düsseldorf,8,5,144.77,1158.14,111,45
2026-05-17,P008,Winter Jacket,Outerwear,Essen,21,16,141.22,2965.68,67,25
2026-05-17,P008,Winter Jacket,Outerwear,Köln,26,20,124.98,3249.41,67,37
2026-05-17,P008,Winter Jacket,Outerwear,München,8,5,147.6,1180.81,113,44
2026-05-17,P008,Winter Jacket,Outerwear,Berlin,21,9,157.95,3316.88,103,35
2026-05-17,P009,Blazer,Outerwear,Düsseldorf,31,14,173.4,5375.46,42,58
2026-05-17,P009,Blazer,Outerwear,Essen,27,19,215.8,5826.56,41,30
2026-05-17,P009,Blazer,Outerwear,Köln,0,1,148.98,0.0,122,52
2026-05-17,P009,Blazer,Outerwear,München,20,16,176.37,3527.5,101,55
2026-05-17,P009,Blazer,Outerwear,Berlin,10,4,211.54,2115.41,72,52
2026-05-17,P010,Sports Hoodie,Sportswear,Düsseldorf,22,11,62.15,1367.29,104,26
2026-05-17,P010,Sports Hoodie,Sportswear,Essen,18,11,53.15,956.67,90,28
2026-05-17,P010,Sports Hoodie,Sportswear,Köln,18,10,71.67,1290.12,107,25
2026-05-17,P010,Sports Hoodie,Sportswear,München,16,7,117.54,1880.68,109,58
2026-05-17,P010,Sports Hoodie,Sportswear,Berlin,15,11,61.54,923.09,56,25
2026-05-18,P001,Basic T-Shirt,Clothing,Düsseldorf,11,5,56.81,624.94,87,43
2026-05-18,P001,Basic T-Shirt,Clothing,Essen,10,7,60.52,605.25,113,29
2026-05-18,P001,Basic T-Shirt,Clothing,Köln,26,18,22.24,578.16,58,57
2026-05-18,P001,Basic T-Shirt,Clothing,München,10,4,74.19,741.95,146,59
2026-05-18,P001,Basic T-Shirt,Clothing,Berlin,0,1,51.33,0.0,124,31
2026-05-18,P002,Slim Jeans,Clothing,Düsseldorf,26,19,37.81,983.03,105,44
2026-05-18,P002,Slim Jeans,Clothing,Essen,8,4,77.19,617.54,106,32
2026-05-18,P002,Slim Jeans,Clothing,Köln,13,5,35.74,464.6,115,27
2026-05-18,P002,Slim Jeans,Clothing,München,9,7,38.38,345.45,133,57
2026-05-18,P002,Slim Jeans,Clothing,Berlin,16,10,30.15,482.45,108,34
2026-05-18,P003,Summer Dress,Clothing,Düsseldorf,11,9,70.8,778.78,110,28
2026-05-18,P003,Summer Dress,Clothing,Essen,7,4,46.83,327.84,72,29
2026-05-18,P003,Summer Dress,Clothing,Köln,26,17,77.08,2004.05,104,40
2026-05-18,P003,Summer Dress,Clothing,München,16,6,68.54,1096.72,91,53
2026-05-18,P003,Summer Dress,Clothing,Berlin,21,9,65.94,1384.66,51,26
2026-05-18,P004,Sneakers,Shoes,Düsseldorf,18,9,64.57,1162.3,128,49
2026-05-18,P004,Sneakers,Shoes,Essen,4,2,100.08,400.33,115,50
2026-05-18,P004,Sneakers,Shoes,Köln,21,14,64.31,1350.54,28,47
2026-05-18,P004,Sneakers,Shoes,München,10,7,65.92,659.16,116,52
2026-05-18,P004,Sneakers,Shoes,Berlin,34,22,95.29,3239.87,51,47
2026-05-18,P005,Leather Boots,Shoes,Düsseldorf,24,21,112.37,2696.85,115,58
2026-05-18,P005,Leather Boots,Shoes,Essen,25,17,77.99,1949.74,108,53
2026-05-18,P005,Leather Boots,Shoes,Köln,21,17,145.11,3047.25,147,26
2026-05-18,P005,Leather Boots,Shoes,München,13,5,133.08,1730.04,96,46
2026-05-18,P005,Leather Boots,Shoes,Berlin,25,17,76.43,1910.84,79,56
2026-05-18,P006,Handbag,Accessories,Düsseldorf,18,10,87.69,1578.33,77,59
2026-05-18,P006,Handbag,Accessories,Essen,0,1,49.2,0.0,100,50
2026-05-18,P006,Handbag,Accessories,Köln,13,6,22.07,286.86,132,58
2026-05-18,P006,Handbag,Accessories,München,27,20,19.03,513.89,50,29
2026-05-18,P006,Handbag,Accessories,Berlin,26,14,30.32,788.29,96,30
2026-05-18,P007,Belt,Accessories,Düsseldorf,27,15,53.16,1435.25,85,51
2026-05-18,P007,Belt,Accessories,Essen,17,9,59.47,1011.06,106,30
2026-05-18,P007,Belt,Accessories,Köln,24,17,63.55,1525.09,65,43
2026-05-18,P007,Belt,Accessories,München,27,23,63.5,1714.62,62,42
2026-05-18,P007,Belt,Accessories,Berlin,22,14,27.43,603.54,129,29
2026-05-18,P008,Winter Jacket,Outerwear,Düsseldorf,25,12,110.68,2767.04,74,43
2026-05-18,P008,Winter Jacket,Outerwear,Essen,19,10,131.66,2501.47,88,36
2026-05-18,P008,Winter Jacket,Outerwear,Köln,24,11,200.19,4804.53,70,38
2026-05-18,P008,Winter Jacket,Outerwear,München,20,13,142.27,2845.4,103,57
2026-05-18,P008,Winter Jacket,Outerwear,Berlin,6,3,211.27,1267.65,94,27
2026-05-18,P009,Blazer,Outerwear,Düsseldorf,19,13,151.3,2874.69,102,51
2026-05-18,P009,Blazer,Outerwear,Essen,20,8,115.63,2312.62,59,38
2026-05-18,P009,Blazer,Outerwear,Köln,16,11,90.42,1446.64,54,52
2026-05-18,P009,Blazer,Outerwear,München,31,22,87.9,2724.89,79,43
2026-05-18,P009,Blazer,Outerwear,Berlin,21,9,134.16,2817.36,111,53
2026-05-18,P010,Sports Hoodie,Sportswear,Düsseldorf,16,8,37.85,605.55,82,29
2026-05-18,P010,Sports Hoodie,Sportswear,Essen,8,5,117.19,937.54,59,37
2026-05-18,P010,Sports Hoodie,Sportswear,Köln,15,9,35.8,536.95,103,47
2026-05-18,P010,Sports Hoodie,Sportswear,München,0,1,114.23,0.0,149,27
2026-05-18,P010,Sports Hoodie,Sportswear,Berlin,23,10,38.36,882.39,98,26
2026-05-19,P001,Basic T-Shirt,Clothing,Düsseldorf,22,10,36.63,805.78,77,59
2026-05-19,P001,Basic T-Shirt,Clothing,Essen,1,1,47.01,47.01,139,57
2026-05-19,P001,Basic T-Shirt,Clothing,Köln,3,1,57.72,173.16,106,25
2026-05-19,P001,Basic T-Shirt,Clothing,München,24,10,39.16,939.92,91,51
2026-05-19,P001,Basic T-Shirt,Clothing,Berlin,25,18,57.04,1426.06,168,59
2026-05-19,P002,Slim Jeans,Clothing,Düsseldorf,23,11,21.7,499.11,59,57
2026-05-19,P002,Slim Jeans,Clothing,Essen,11,4,35.11,386.18,111,34
2026-05-19,P002,Slim Jeans,Clothing,Köln,10,7,20.27,202.75,120,38
2026-05-19,P002,Slim Jeans,Clothing,München,21,9,41.14,863.88,85,26
2026-05-19,P002,Slim Jeans,Clothing,Berlin,15,7,49.04,735.66,50,35
2026-05-19,P003,Summer Dress,Clothing,Düsseldorf,6,2,57.21,343.27,124,48
2026-05-19,P003,Summer Dress,Clothing,Essen,16,8,29.37,469.99,106,47
2026-05-19,P003,Summer Dress,Clothing,Köln,19,8,60.66,1152.63,122,32
2026-05-19,P003,Summer Dress,Clothing,München,18,15,35.55,639.88,83,56
2026-05-19,P003,Summer Dress,Clothing,Berlin,2,1,60.84,121.69,129,34
2026-05-19,P004,Sneakers,Shoes,Düsseldorf,16,11,95.5,1527.94,106,45
2026-05-19,P004,Sneakers,Shoes,Essen,13,7,108.86,1415.15,94,41
2026-05-19,P004,Sneakers,Shoes,Köln,11,8,122.21,1344.27,82,47
2026-05-19,P004,Sneakers,Shoes,München,6,4,149.38,896.27,136,34
2026-05-19,P004,Sneakers,Shoes,Berlin,19,11,67.52,1282.84,86,26
2026-05-19,P005,Leather Boots,Shoes,Düsseldorf,12,9,87.46,1049.53,123,32
2026-05-19,P005,Leather Boots,Shoes,Essen,18,8,73.7,1326.63,115,55
2026-05-19,P005,Leather Boots,Shoes,Köln,14,6,75.63,1058.85,75,53
2026-05-19,P005,Leather Boots,Shoes,München,19,14,145.53,2765.11,108,48
2026-05-19,P005,Leather Boots,Shoes,Berlin,17,8,139.78,2376.27,49,41
2026-05-19,P006,Handbag,Accessories,Düsseldorf,21,14,18.31,384.51,68,47
2026-05-19,P006,Handbag,Accessories,Essen,29,20,100.0,2899.98,52,30
2026-05-19,P006,Handbag,Accessories,Köln,18,7,25.8,464.47,75,46
2026-05-19,P006,Handbag,Accessories,München,10,4,89.51,895.05,143,34
2026-05-19,P006,Handbag,Accessories,Berlin,32,20,68.63,2196.28,85,52
2026-05-19,P007,Belt,Accessories,Düsseldorf,28,15,51.01,1428.36,89,52
2026-05-19,P007,Belt,Accessories,Essen,21,17,67.6,1419.59,99,53
2026-05-19,P007,Belt,Accessories,Köln,3,1,40.63,121.9,127,53
2026-05-19,P007,Belt,Accessories,München,23,20,65.66,1510.07,67,50
2026-05-19,P007,Belt,Accessories,Berlin,15,6,97.93,1468.91,131,59
2026-05-19,P008,Winter Jacket,Outerwear,Düsseldorf,16,7,188.54,3016.72,81,34
2026-05-19,P008,Winter Jacket,Outerwear,Essen,10,5,213.52,2135.15,82,54
2026-05-19,P008,Winter Jacket,Outerwear,Köln,3,2,101.16,303.49,139,34
2026-05-19,P008,Winter Jacket,Outerwear,München,27,18,213.87,5774.59,93,48
2026-05-19,P008,Winter Jacket,Outerwear,Berlin,10,4,146.75,1467.5,122,36
2026-05-19,P009,Blazer,Outerwear,Düsseldorf,20,8,92.59,1851.79,89,34
2026-05-19,P009,Blazer,Outerwear,Essen,8,6,104.97,839.8,130,46
2026-05-19,P009,Blazer,Outerwear,Köln,14,5,211.58,2962.12,108,46
2026-05-19,P009,Blazer,Outerwear,München,31,18,176.25,5463.63,48,39
2026-05-19,P009,Blazer,Outerwear,Berlin,13,6,198.49,2580.41,133,40
2026-05-19,P010,Sports Hoodie,Sportswear,Düsseldorf,16,9,56.48,903.63,82,39
2026-05-19,P010,Sports Hoodie,Sportswear,Essen,14,7,90.12,1261.65,150,55
2026-05-19,P010,Sports Hoodie,Sportswear,Köln,22,11,85.06,1871.31,123,48
2026-05-19,P010,Sports Hoodie,Sportswear,München,0,1,101.03,0.0,121,30
2026-05-19,P010,Sports Hoodie,Sportswear,Berlin,7,3,55.14,385.98,97,54
2026-05-20,P001,Basic T-Shirt,Clothing,Düsseldorf,9,3,32.76,294.81,148,43
2026-05-20,P001,Basic T-Shirt,Clothing,Essen,1,1,39.92,39.92,116,55
2026-05-20,P001,Basic T-Shirt,Clothing,Köln,23,10,38.79,892.1,53,54
2026-05-20,P001,Basic T-Shirt,Clothing,München,10,6,47.57,475.73,101,39
2026-05-20,P001,Basic T-Shirt,Clothing,Berlin,19,15,30.14,572.61,69,33
2026-05-20,P002,Slim Jeans,Clothing,Düsseldorf,6,3,39.22,235.3,116,25
2026-05-20,P002,Slim Jeans,Clothing,Essen,29,21,79.87,2316.34,54,50
2026-05-20,P002,Slim Jeans,Clothing,Köln,24,10,59.57,1429.6,79,51
2026-05-20,P002,Slim Jeans,Clothing,München,9,4,43.24,389.15,112,51
2026-05-20,P002,Slim Jeans,Clothing,Berlin,0,1,52.7,0.0,124,46
2026-05-20,P003,Summer Dress,Clothing,Düsseldorf,10,8,50.14,501.39,92,53
2026-05-20,P003,Summer Dress,Clothing,Essen,30,13,74.68,2240.26,60,33
2026-05-20,P003,Summer Dress,Clothing,Köln,32,25,28.75,919.96,34,26
2026-05-20,P003,Summer Dress,Clothing,München,9,3,43.62,392.58,106,27
2026-05-20,P003,Summer Dress,Clothing,Berlin,24,16,30.51,732.14,62,30
2026-05-20,P004,Sneakers,Shoes,Düsseldorf,15,6,130.35,1955.26,106,27
2026-05-20,P004,Sneakers,Shoes,Essen,17,11,103.09,1752.55,93,52
2026-05-20,P004,Sneakers,Shoes,Köln,21,17,52.69,1106.59,116,37
2026-05-20,P004,Sneakers,Shoes,München,21,11,78.61,1650.88,84,36
2026-05-20,P004,Sneakers,Shoes,Berlin,27,15,145.68,3933.43,112,43
2026-05-20,P005,Leather Boots,Shoes,Düsseldorf,1,1,84.18,84.18,157,30
2026-05-20,P005,Leather Boots,Shoes,Essen,17,7,126.56,2151.54,66,40
2026-05-20,P005,Leather Boots,Shoes,Köln,9,6,137.72,1239.44,90,51
2026-05-20,P005,Leather Boots,Shoes,München,23,14,99.89,2297.55,46,29
2026-05-20,P005,Leather Boots,Shoes,Berlin,16,10,79.97,1279.5,79,41
2026-05-20,P006,Handbag,Accessories,Düsseldorf,17,9,53.68,912.54,86,32
2026-05-20,P006,Handbag,Accessories,Essen,12,9,80.28,963.38,111,43
2026-05-20,P006,Handbag,Accessories,Köln,3,1,66.89,200.67,139,28
2026-05-20,P006,Handbag,Accessories,München,19,14,96.46,1832.73,109,58
2026-05-20,P006,Handbag,Accessories,Berlin,6,5,58.89,353.34,148,25
2026-05-20,P007,Belt,Accessories,Düsseldorf,24,14,89.41,2145.9,34,48
2026-05-20,P007,Belt,Accessories,Essen,20,12,85.29,1705.77,99,39
2026-05-20,P007,Belt,Accessories,Köln,16,6,29.75,476.05,59,59
2026-05-20,P007,Belt,Accessories,München,26,19,39.92,1037.8,58,52
2026-05-20,P007,Belt,Accessories,Berlin,14,6,40.1,561.45,90,38
2026-05-20,P008,Winter Jacket,Outerwear,Düsseldorf,10,5,103.55,1035.51,130,47
2026-05-20,P008,Winter Jacket,Outerwear,Essen,14,8,84.4,1181.57,82,47
2026-05-20,P008,Winter Jacket,Outerwear,Köln,0,1,159.18,0.0,122,42
2026-05-20,P008,Winter Jacket,Outerwear,München,27,20,171.21,4622.65,91,42
2026-05-20,P008,Winter Jacket,Outerwear,Berlin,23,11,185.38,4263.71,141,42
2026-05-20,P009,Blazer,Outerwear,Düsseldorf,26,22,84.77,2204.02,64,28
2026-05-20,P009,Blazer,Outerwear,Essen,21,8,158.71,3332.98,101,50
2026-05-20,P009,Blazer,Outerwear,Köln,25,12,150.23,3755.68,108,49
2026-05-20,P009,Blazer,Outerwear,München,16,9,92.28,1476.42,100,33
2026-05-20,P009,Blazer,Outerwear,Berlin,32,13,86.36,2763.37,52,36
2026-05-20,P010,Sports Hoodie,Sportswear,Düsseldorf,8,5,52.73,421.81,97,56
2026-05-20,P010,Sports Hoodie,Sportswear,Essen,8,4,100.52,804.18,67,31
2026-05-20,P010,Sports Hoodie,Sportswear,Köln,27,11,107.93,2914.04,96,53
2026-05-20,P010,Sports Hoodie,Sportswear,München,26,16,48.1,1250.65,68,56
2026-05-20,P010,Sports Hoodie,Sportswear,Berlin,16,8,40.78,652.47,78,55
2026-05-21,P001,Basic T-Shirt,Clothing,Düsseldorf,12,5,76.78,921.38,96,48
2026-05-21,P001,Basic T-Shirt,Clothing,Essen,28,25,70.56,1975.69,86,33
2026-05-21,P001,Basic T-Shirt,Clothing,Köln,20,9,35.03,700.63,107,53
2026-05-21,P001,Basic T-Shirt,Clothing,München,26,21,25.04,650.91,51,44
2026-05-21,P001,Basic T-Shirt,Clothing,Berlin,11,6,60.08,660.9,116,51
2026-05-21,P002,Slim Jeans,Clothing,Düsseldorf,8,4,38.03,304.25,142,54
2026-05-21,P002,Slim Jeans,Clothing,Essen,10,5,34.64,346.38,114,36
2026-05-21,P002,Slim Jeans,Clothing,Köln,10,4,30.37,303.67,107,30
2026-05-21,P002,Slim Jeans,Clothing,München,17,13,58.89,1001.13,107,59
2026-05-21,P002,Slim Jeans,Clothing,Berlin,19,14,23.82,452.63,129,43
2026-05-21,P003,Summer Dress,Clothing,Düsseldorf,24,14,32.25,773.92,66,43
2026-05-21,P003,Summer Dress,Clothing,Essen,13,7,56.2,730.62,134,53
2026-05-21,P003,Summer Dress,Clothing,Köln,17,15,31.75,539.7,72,52
2026-05-21,P003,Summer Dress,Clothing,München,0,1,78.42,0.0,102,39
2026-05-21,P003,Summer Dress,Clothing,Berlin,15,13,40.54,608.17,62,51
2026-05-21,P004,Sneakers,Shoes,Düsseldorf,11,5,64.2,706.21,119,54
2026-05-21,P004,Sneakers,Shoes,Essen,10,5,87.55,875.45,109,56
2026-05-21,P004,Sneakers,Shoes,Köln,25,11,66.49,1662.32,68,38
2026-05-21,P004,Sneakers,Shoes,München,21,11,149.53,3140.18,113,59
2026-05-21,P004,Sneakers,Shoes,Berlin,21,11,88.22,1852.63,128,48
2026-05-21,P005,Leather Boots,Shoes,Düsseldorf,9,7,115.77,1041.95,125,54
2026-05-21,P005,Leather Boots,Shoes,Essen,14,11,98.93,1385.09,88,47
2026-05-21,P005,Leather Boots,Shoes,Köln,25,14,89.64,2240.95,63,43
2026-05-21,P005,Leather Boots,Shoes,München,21,18,50.21,1054.45,78,34
2026-05-21,P005,Leather Boots,Shoes,Berlin,16,11,75.7,1211.2,101,29
2026-05-21,P006,Handbag,Accessories,Düsseldorf,9,6,78.61,707.52,85,57
2026-05-21,P006,Handbag,Accessories,Essen,23,10,25.53,587.25,106,50
2026-05-21,P006,Handbag,Accessories,Köln,47,19,17.66,829.85,44,45
2026-05-21,P006,Handbag,Accessories,München,16,7,99.08,1585.23,127,57
2026-05-21,P006,Handbag,Accessories,Berlin,17,12,79.87,1357.83,50,39
2026-05-21,P007,Belt,Accessories,Düsseldorf,14,6,90.48,1266.67,108,27
2026-05-21,P007,Belt,Accessories,Essen,23,18,81.75,1880.3,42,31
2026-05-21,P007,Belt,Accessories,Köln,19,14,25.09,476.68,43,48
2026-05-21,P007,Belt,Accessories,München,24,13,30.89,741.25,90,56
2026-05-21,P007,Belt,Accessories,Berlin,20,13,98.11,1962.21,73,46
2026-05-21,P008,Winter Jacket,Outerwear,Düsseldorf,15,10,188.06,2820.83,110,26
2026-05-21,P008,Winter Jacket,Outerwear,Essen,25,12,160.02,4000.42,87,38
2026-05-21,P008,Winter Jacket,Outerwear,Köln,7,2,134.93,944.52,84,25
2026-05-21,P008,Winter Jacket,Outerwear,München,35,24,150.22,5257.69,56,26
2026-05-21,P008,Winter Jacket,Outerwear,Berlin,32,15,181.08,5794.5,88,56
2026-05-21,P009,Blazer,Outerwear,Düsseldorf,9,4,85.87,772.87,94,58
2026-05-21,P009,Blazer,Outerwear,Essen,10,7,115.6,1156.03,115,42
2026-05-21,P009,Blazer,Outerwear,Köln,21,18,133.46,2802.6,38,50
2026-05-21,P009,Blazer,Outerwear,München,22,17,130.02,2860.4,93,57
2026-05-21,P009,Blazer,Outerwear,Berlin,26,13,190.58,4955.04,47,30
2026-05-21,P010,Sports Hoodie,Sportswear,Düsseldorf,18,11,74.58,1342.44,90,45
2026-05-21,P010,Sports Hoodie,Sportswear,Essen,24,9,105.48,2531.41,55,55
2026-05-21,P010,Sports Hoodie,Sportswear,Köln,13,5,59.41,772.31,121,51
2026-05-21,P010,Sports Hoodie,Sportswear,München,29,18,92.96,2695.85,95,51
2026-05-21,P010,Sports Hoodie,Sportswear,Berlin,18,15,66.68,1200.31,82,57
